id,speech_id,file_name,segment_id,text,url,speaker,year,emotional,authority,polarization,presumption,exaggeration,framing,emotion_appeal,authority_appeal,rhetorical_framing,rationale
address-before-joint-session-the-congress-the-state-the-union-16-204,21,address-before-joint-session-the-congress-the-state-the-union-16.txt,204,The bipartisan fiscal commission I created last year made this crystal clear.,https://www.presidency.ucsb.edu/documents/address-before-joint-session-the-congress-the-state-the-union-16,Barack Obama,2011.0,0,1,0,1,0,1,0,1,1,"The sentence cites a commission to legitimize a claim and uses a metaphor, implying certainty without argument."
address-before-joint-session-the-congress-the-state-the-union-6-154,40,address-before-joint-session-the-congress-the-state-the-union-6.txt,154,"For years and years and years, we've had this OPIC, this Overseas Private Investment Corporation, because we knew we had untapped markets overseas.",https://www.presidency.ucsb.edu/documents/address-before-joint-session-the-congress-the-state-the-union-6,William J. Clinton,1999.0,0,1,0,1,0,0,0,1,0,"The sentence cites an institution and presents a claim as fact without argument, but contains no emotional, polarizing, exaggerated, or metaphorical framing."
address-before-joint-session-the-congress-the-state-the-union-1-120,14,address-before-joint-session-the-congress-the-state-the-union-1.txt,120,Now we face another defining hour for America and the world.,https://www.presidency.ucsb.edu/documents/address-before-joint-session-the-congress-the-state-the-union-1,George Bush,1991.0,0,0,0,0,0,1,0,0,1,The phrase 'defining hour' serves as a metaphorical framing.
annual-message-the-congress-the-state-the-union-4-99,80,annual-message-the-congress-the-state-the-union-4.txt,99,For we offer a world of choice--they offer the world of coercion.,https://www.presidency.ucsb.edu/documents/annual-message-the-congress-the-state-the-union-4,John F. Kennedy,1962.0,1,0,1,1,1,1,1,0,1,"It contrasts 'choice' vs 'coercion' to evoke emotion, polarize, presume, exaggerate, and frame the issue."
address-before-joint-session-the-congress-the-state-the-union-20-199,26,address-before-joint-session-the-congress-the-state-the-union-20.txt,199,The Pentagon says that climate change poses immediate risks to our national security.,https://www.presidency.ucsb.edu/documents/address-before-joint-session-the-congress-the-state-the-union-20,Barack Obama,2015.0,0,1,0,0,0,1,0,1,1,The sentence cites the Pentagon and frames climate change as a national security threat.
prime-ministers-speech-house-commons-canadas-response-covid-19-pandemic-56,293,prime-ministers-speech-house-commons-canadas-response-covid-19-pandemic.txt,56,They showed us how to fight for what we believe in and how to sacrifice for what we hold dear.,https://www.pm.gc.ca/en/news/speeches/2020/04/11/prime-ministers-speech-house-commons-canadas-response-covid-19-pandemic,,2020.0,1,0,0,0,0,1,1,0,1,The sentence uses emotionally charged verbs and metaphorical framing of activism.
address-before-joint-session-the-congress-the-state-the-union-25-209,31,address-before-joint-session-the-congress-the-state-the-union-25.txt,209,"And in many cases, for them, it will now be Guantanamo Bay.",https://www.presidency.ucsb.edu/documents/address-before-joint-session-the-congress-the-state-the-union-25,Donald J. Trump (1st Term),2018.0,1,0,0,0,0,1,1,0,1,It uses the loaded term 'Guantanamo Bay' to evoke negative emotions and frame the situation metaphorically.
inaugural-address-14-56,158,inaugural-address-14.txt,56,No challenge can match the heart and fight and spirit of America.,https://www.presidency.ucsb.edu/documents/inaugural-address-14,Donald J. Trump (1st Term),2017.0,1,0,0,1,1,1,1,0,1,"The sentence uses emotional language, an absolute claim, and metaphorical framing to portray America as unmatched."
prime-ministers-speech-house-commons-canadas-response-covid-19-pandemic-42,293,prime-ministers-speech-house-commons-canadas-response-covid-19-pandemic.txt,42,"However, this holiday weekend also marks the coming of rebirth and new life.",https://www.pm.gc.ca/en/news/speeches/2020/04/11/prime-ministers-speech-house-commons-canadas-response-covid-19-pandemic,,2020.0,0,0,0,0,0,1,0,0,1,The sentence uses a metaphorical framing of the holiday weekend as a time of rebirth.
komagata-maru-apology-house-commons-26,175,komagata-maru-apology-house-commons.txt,26,"For the laws that discriminated against you, so senselessly.",https://www.pm.gc.ca/en/news/speeches/2016/05/18/komagata-maru-apology-house-commons,,2016.0,1,0,0,0,0,0,1,0,0,The adverb 'so senselessly' conveys emotional frustration.
secretary-of-state-statement-to-the-house-of-commons-20-january-29,331,secretary-of-state-statement-to-the-house-of-commons-20-january.txt,29,Today I can confirm that we will also be developing evidence-based screen time guidance for parents of children aged 5 to 16.,https://www.gov.uk/government/speeches/secretary-of-state-statement-to-the-house-of-commons-20-january,The Rt Hon Liz Kendall MP,,0,0,0,0,0,0,0,0,0,"The sentence is a straightforward factual statement without emotional, authoritative, polarizing, presumptive, exaggerated, or rhetorical framing."
address-before-joint-session-the-congress-the-state-the-union-22-49,28,address-before-joint-session-the-congress-the-state-the-union-22.txt,49,"Iran aggressively pursues these weapons and exports terror, while an unelected few repress the Iranian people's hope for freedom.",https://www.presidency.ucsb.edu/documents/address-before-joint-session-the-congress-the-state-the-union-22,George W. Bush,2002.0,1,0,1,1,1,1,1,0,1,"The sentence uses emotionally charged language, contrasts groups, presents unsubstantiated claims, and employs metaphorical framing."
pm-remarks-on-greenland-19-january-2026-53,209,pm-remarks-on-greenland-19-january-2026.txt,53,"That is why it’s important to be clear about who we stand with, what we stand for, and where our interests lie.",https://www.gov.uk/government/speeches/pm-remarks-on-greenland-19-january-2026,The Rt Hon Sir Keir Starmer KCB KC MP,,0,0,0,1,0,1,0,0,1,"The sentence presumes clarity is important and frames identity and interests, but contains no emotional, authority, polarization, or exaggeration."
annual-message-congress-the-state-the-union-four-freedoms-speech-78,59,annual-message-congress-the-state-the-union-four-freedoms-speech.txt,78,The time is near when they will not be able to pay for them all in ready cash.,https://www.presidency.ucsb.edu/documents/annual-message-congress-the-state-the-union-four-freedoms-speech,Franklin D. Roosevelt,1941.0,0,0,0,0,0,1,0,0,1,"The phrase 'the time is near' frames urgency, a rhetorical framing."
address-before-joint-session-the-congress-president-volodymyr-zelenskyy-ukraine-0-84,7,address-before-joint-session-the-congress-president-volodymyr-zelenskyy-ukraine-0.txt,84,"Let this flag stay with you, ladies and gentlemen.",https://www.presidency.ucsb.edu/documents/address-before-joint-session-the-congress-president-volodymyr-zelenskyy-ukraine-0,U.S. Congress,2022.0,0,0,0,0,0,0,0,0,0,The sentence contains no explicit rhetorical devices.
inaugural-address-15-63,159,inaugural-address-15.txt,63,"Our journey is not complete until all our children, from the streets of Detroit to the hills of Appalachia, to the quiet lanes of Newtown, know that they are cared for and cherished and always safe from harm.",https://www.presidency.ucsb.edu/documents/inaugural-address-15,Barack Obama,2013.0,1,0,0,0,1,1,1,0,1,"The sentence uses emotive language, an absolute claim, and a metaphorical framing."
statement-exoneration-chief-poundmaker-13,346,statement-exoneration-chief-poundmaker.txt,13,"In 1876, Poundmaker, now a headman or minor chief, was part of the Cree delegation at Fort Carlton where Treaty 6 was concluded with Alexander Morris, Lieutenant-Governor of the Northwest Territories and Treaty Commissioner.",https://www.pm.gc.ca/en/news/speeches/2019/05/23/statement-exoneration-chief-poundmaker,,2019.0,0,1,0,0,0,0,0,1,0,The sentence cites a governmental authority to provide context.
minister-narayan-ai-speech-at-founders-forum-109,189,minister-narayan-ai-speech-at-founders-forum.txt,109,"Within years, Acorn joined forces to spin out a small, asset-light chip design startup in a turkey barn in Cambridgeshire.",https://www.gov.uk/government/speeches/minister-narayan-ai-speech-at-founders-forum,Kanishka Narayan MP,,0,0,0,0,0,0,0,0,0,The sentence contains no rhetorical devices.
remarks-prime-minister-justin-trudeau-apologize-behalf-government-canada-10,312,remarks-prime-minister-justin-trudeau-apologize-behalf-government-canada.txt,10,"However, we know today that this colonial way of thinking led to practices that caused deep harm.",https://www.pm.gc.ca/en/news/speeches/2017/11/24/remarks-prime-minister-justin-trudeau-apologize-behalf-government-canada,,2017.0,0,0,0,1,0,1,0,0,1,"The sentence states a factual claim as known, uses a framing term, but lacks emotional, authority, polarization, or exaggeration."
prime-ministers-remarks-announcing-additional-support-vulnerable-canadians-37,244,prime-ministers-remarks-announcing-additional-support-vulnerable-canadians.txt,37,And we’re going to keep working with charities and non-profits on this.,https://www.pm.gc.ca/en/news/speeches/2020/03/29/prime-ministers-remarks-announcing-additional-support-vulnerable-canadians,,2020.0,0,0,0,0,0,0,0,0,0,The sentence is a neutral statement of intent with no rhetorical devices.
inaugural-address-10-69,154,inaugural-address-10.txt,69,"Let us resolve that we, the people, will build an American opportunity society in which all of us—white and black, rich and poor, young and old—will go forward together, arm in arm.",https://www.presidency.ucsb.edu/documents/inaugural-address-10,Ronald Reagan,1985.0,1,0,0,0,0,1,1,0,1,"The sentence uses inclusive, emotive language and a metaphor of unity to frame a collective goal."
address-before-joint-session-the-congress-reporting-the-state-the-union-0-2,9,address-before-joint-session-the-congress-reporting-the-state-the-union-0.txt,2,"This report will be my last--maybe--[ laughter ]--but for the Union it is only the first of such reports in our third century of independence, the close of which none of us will ever see.",https://www.presidency.ucsb.edu/documents/address-before-joint-session-the-congress-reporting-the-state-the-union-0,Gerald R. Ford,1977.0,0,0,0,1,0,1,0,0,1,"The sentence frames the Union’s history as a dramatic narrative, implying a presumption about its future."
the-state-the-union-address-delivered-before-joint-session-the-congress-0-12,356,the-state-the-union-address-delivered-before-joint-session-the-congress-0.txt,12,But the problems that we face today are different from those that confronted earlier generations of Americans.,https://www.presidency.ucsb.edu/documents/the-state-the-union-address-delivered-before-joint-session-the-congress-0,Jimmy Carter,1979.0,0,0,1,0,0,1,0,0,1,"The sentence compares current problems to those of earlier generations, creating a us‑vs‑them framing and a rhetorical comparison."
sir-martyn-olivers-speech-at-the-sixth-form-colleges-association-102,336,sir-martyn-olivers-speech-at-the-sixth-form-colleges-association.txt,102,"And if you are awarded ‘exceptional’ in any area – then please, please, share your brilliant practice.",https://www.gov.uk/government/speeches/sir-martyn-olivers-speech-at-the-sixth-form-colleges-association,Sir Martyn Oliver,,1,0,0,0,0,0,1,0,0,The sentence uses a plea and praise to evoke emotion.
annual-message-the-congress-the-state-the-union-15-186,66,annual-message-the-congress-the-state-the-union-15.txt,186,"While the Constitution withholds from the Federal Government the major task of preserving peace in the several States, I am not convinced that the present legislation reached the limit of federal power to protect the civil rights of its citizens.",https://www.presidency.ucsb.edu/documents/annual-message-the-congress-the-state-the-union-15,Harry S Truman,1947.0,0,1,0,0,0,1,0,1,1,The sentence explicitly references constitutional authority and frames federal power limits.
address-before-joint-session-the-congress-the-state-the-union-19-110,24,address-before-joint-session-the-congress-the-state-the-union-19.txt,110,Well—so tonight I'm announcing a new national effort to get it done.,https://www.presidency.ucsb.edu/documents/address-before-joint-session-the-congress-the-state-the-union-19,Barack Obama,2016.0,0,0,0,0,0,0,0,0,0,"The sentence contains no explicit emotional language, authority references, polarization, presumption, exaggeration, or rhetorical framing."
address-before-joint-session-the-congress-the-state-the-union-16-225,21,address-before-joint-session-the-congress-the-state-the-union-16.txt,225,[ Laughter ] I hear it gets even more complicated once they're smoked.,https://www.presidency.ucsb.edu/documents/address-before-joint-session-the-congress-the-state-the-union-16,Barack Obama,2011.0,0,0,0,0,0,0,0,0,0,No explicit rhetorical devices or emotional/authority cues present.
first-annual-message-20-39,133,first-annual-message-20.txt,39,"Whenever there appears any disposition to compensate our citizens who were despoiled, and to recognize that debt contracted with our Government, not by the Czar, but by the newly formed Republic of Russia; whenever the active spirit of enmity to our institutions is abated; whenever there appear works mete for repentance; our country ought to be the first to go to the economic and moral rescue of Russia.",https://www.presidency.ucsb.edu/documents/first-annual-message-20,Calvin Coolidge,1923.0,1,1,1,1,0,1,1,1,1,"The sentence uses emotionally charged terms, references institutions, contrasts groups, asserts a claim as obvious, and frames the situation as a moral rescue."
address-before-joint-session-the-congress-the-state-the-union-27-231,33,address-before-joint-session-the-congress-the-state-the-union-27.txt,231,"So long as I am President, I will always protect your Second Amendment right to keep and bear arms.",https://www.presidency.ucsb.edu/documents/address-before-joint-session-the-congress-the-state-the-union-27,Donald J. Trump (1st Term),2020.0,0,1,0,1,1,1,0,1,1,"The sentence claims absolute protection by the President, referencing the Second Amendment and presidential authority, implying presumption and framing."
address-the-state-the-union-delivered-before-joint-session-the-congress-183,51,address-the-state-the-union-delivered-before-joint-session-the-congress.txt,183,"And like every Member of the House and Senate, when I was elected to that office, I knew that I was elected for the purpose of doing a job and doing it as well as I possibly can.",https://www.presidency.ucsb.edu/documents/address-the-state-the-union-delivered-before-joint-session-the-congress,Richard Nixon,1974.0,0,1,0,0,0,1,0,1,1,The sentence uses an analogy to the House and Senate to frame the speaker’s role.
annual-message-the-congress-the-state-the-union-27-135,75,annual-message-the-congress-the-state-the-union-27.txt,135,In Africa and Asia and Latin America it is shattering the designs of those who would subdue others to their ideas or their will.,https://www.presidency.ucsb.edu/documents/annual-message-the-congress-the-state-the-union-27,Lyndon B. Johnson,1966.0,0,0,0,0,0,1,0,0,1,The phrase 'shattering the designs' employs a metaphorical framing.
address-before-joint-session-the-congress-the-state-the-union-7-198,41,address-before-joint-session-the-congress-the-state-the-union-7.txt,198,"Over the last 6 months, I've traveled to a lot of them, joined by many of you and many far-sighted business people, to shine a spotlight on the enormous potential in communities from Appalachia to the Mississippi Delta, from Watts to the Pine Ridge Reservation.",https://www.presidency.ucsb.edu/documents/address-before-joint-session-the-congress-the-state-the-union-7,William J. Clinton,2000.0,0,1,0,0,0,1,0,1,1,"The sentence uses a metaphor and cites business experts, but contains no emotional language, polarization, presumption, or exaggeration."
address-before-joint-session-the-congress-the-state-the-union-23-2,29,address-before-joint-session-the-congress-the-state-the-union-23.txt,2,"This year, we gather in this Chamber deeply aware of decisive days that lie ahead.",https://www.presidency.ucsb.edu/documents/address-before-joint-session-the-congress-the-state-the-union-23,George W. Bush,2003.0,0,0,0,0,0,1,0,0,1,The sentence uses a metaphorical framing of future events.
prime-minister-justin-trudeaus-address-71st-session-united-nations-general-65,231,prime-minister-justin-trudeaus-address-71st-session-united-nations-general.txt,65,"Our citizens, the nearly 7.5 billion people we collectively serve, are better than the cynics and pessimists think they are.",https://www.pm.gc.ca/en/news/speeches/2016/09/20/prime-minister-justin-trudeaus-address-71st-session-united-nations-general,,2016.0,0,0,1,1,0,1,0,0,1,"The sentence frames citizens positively against cynics, implying a us‑vs‑them stance and presumes superiority without evidence."
inaugural-address-1-68,153,inaugural-address-1.txt,68,"Over the past 20 years, since I first came to this Capital as a freshman Congressman, I have visited most of the nations of the world.",https://www.presidency.ucsb.edu/documents/inaugural-address-1,Richard Nixon,1969.0,0,0,0,1,0,0,0,0,0,"The sentence states a factual claim without argument, treating it as obvious."
pm-speech-during-the-munich-security-conference-14-february-115,214,pm-speech-during-the-munich-security-conference-14-february.txt,115,The future they offer is one of division and then capitulation.,https://www.gov.uk/government/speeches/pm-speech-during-the-munich-security-conference-14-february,The Rt Hon Sir Keir Starmer KCB KC MP,,0,0,0,0,0,1,0,0,1,"The sentence frames the future as negative, using a narrative framing."
inaugural-address-10-14,154,inaugural-address-10.txt,14,"But we, the present-day Americans, are not given to looking backward.",https://www.presidency.ucsb.edu/documents/inaugural-address-10,Ronald Reagan,1985.0,0,0,0,1,0,1,0,0,1,"The sentence asserts a general claim about Americans without evidence, framing them as forward‑looking, which is a presumption and rhetorical framing but not emotional, authoritative, polarized, or exaggerated."
deputy-prime-ministers-remarks-new-nafta-4,112,deputy-prime-ministers-remarks-new-nafta.txt,4,"I am delighted that Canada, the United States, and Mexico will today take an important step towards ratification of the new NAFTA.",https://www.pm.gc.ca/en/news/speeches/2019/12/10/deputy-prime-ministers-remarks-new-nafta,,1969.0,1,0,0,0,0,0,1,0,0,"The speaker expresses personal delight, showing emotional appeal."
secretary-of-states-address-to-2026-oxford-farming-conference-46,332,secretary-of-states-address-to-2026-oxford-farming-conference.txt,46,Bringing together farmers and financial institutions to tackle barriers to private investment.,https://www.gov.uk/government/speeches/secretary-of-states-address-to-2026-oxford-farming-conference,Emma Reynolds MP,,0,0,0,0,0,0,0,0,0,The sentence is a neutral factual statement without rhetorical devices.
education-secretary-speech-at-global-ai-safety-summit-72,121,education-secretary-speech-at-global-ai-safety-summit.txt,72,"Let’s work together to shape the global consensus and support learners, young and old.",https://www.gov.uk/government/speeches/education-secretary-speech-at-global-ai-safety-summit,The Rt Hon Bridget Phillipson MP,,0,0,0,0,0,1,0,0,1,The phrase 'shape the global consensus' employs a metaphorical framing.
prime-ministers-speech-universite-cheikh-anta-diop-senegal-20,294,prime-ministers-speech-universite-cheikh-anta-diop-senegal.txt,20,"Here in Senegal, this connected generation – your generation – has emerged as a driving force of growth.",https://www.pm.gc.ca/en/news/speeches/2020/02/13/prime-ministers-speech-universite-cheikh-anta-diop-senegal,,2020.0,0,0,0,1,0,1,0,0,1,It claims the generation drives growth without evidence and frames them as 'connected'.
prime-minister-trudeau-and-minister-freeland-speaking-notes-united-states-37,237,prime-minister-trudeau-and-minister-freeland-speaking-notes-united-states.txt,37,"Especially and particularly, I have to thank every Canadian, and there were thousands of them, who wrote me letters and emails, and stopped me on the street to say, “Keep at it.",https://www.pm.gc.ca/en/news/speeches/2018/10/01/prime-minister-trudeau-and-minister-freeland-speaking-notes-united-states,,2018.0,0,0,0,0,0,0,0,0,0,No explicit rhetorical devices or emotional appeals present.
george-bradshaw-address-2026-137,140,george-bradshaw-address-2026.txt,137,"I want more decisions made closer to the passenger, where GBR staff are entrusted to act when they see something going wrong.",https://www.gov.uk/government/speeches/george-bradshaw-address-2026,The Rt Hon Heidi Alexander MP,,0,0,0,0,0,1,0,0,1,The sentence frames decision-making as closer to passengers and staff entrusted to act.
inaugural-address-10-3,154,inaugural-address-10.txt,3,Representative Gillis Long of Louisiana left us last night.,https://www.presidency.ucsb.edu/documents/inaugural-address-10,Ronald Reagan,1985.0,0,0,0,0,0,0,0,0,0,"The sentence is a neutral factual statement with no emotional, authoritative, polarizing, presumptive, exaggerated, or framed language."
prime-ministers-remarks-updating-canadians-fatal-plane-crash-iran-18,281,prime-ministers-remarks-updating-canadians-fatal-plane-crash-iran.txt,18,I spoke with Ukrainian President Volodymyr Zelenskyy earlier today and conveyed my condolences to the Ukrainians who perished in this tragedy.,https://www.pm.gc.ca/en/news/speeches/2020/01/09/prime-ministers-remarks-updating-canadians-fatal-plane-crash-iran,,2020.0,0,1,0,0,0,0,0,1,0,"The sentence cites a recognized authority figure, but contains no emotional, polarizing, presumptive, exaggerated, or metaphorical framing."
annual-message-congress-3-126,57,annual-message-congress-3.txt,126,"Let us not forget that, in addition to saving millions from utter destitution, child labor has been for the moment outlawed, thousands of homes saved to their owners and most important of all, the morale of the Nation has been restored.",https://www.presidency.ucsb.edu/documents/annual-message-congress-3,Franklin D. Roosevelt,1935.0,1,1,0,1,1,1,1,1,1,"The sentence uses emotive language, cites laws, presents claims as facts, exaggerates outcomes, and frames the narrative."
address-before-joint-session-the-congress-the-state-the-union-12-62,17,address-before-joint-session-the-congress-the-state-the-union-12.txt,62,"The people who supported this economic plan should be proud of its early results, proud.",https://www.presidency.ucsb.edu/documents/address-before-joint-session-the-congress-the-state-the-union-12,William J. Clinton,1994.0,1,0,0,1,0,1,1,0,1,"The sentence explicitly urges supporters to feel pride, which is an emotional appeal and a rhetorical framing, and it presumes the plan's success without argument."
address-before-joint-session-the-congress-the-state-the-union-26-184,32,address-before-joint-session-the-congress-the-state-the-union-26.txt,184,"That is why I announced that the United States is officially withdrawing from the Intermediate-Range Nuclear Forces Treaty, or INF Treaty.",https://www.presidency.ucsb.edu/documents/address-before-joint-session-the-congress-the-state-the-union-26,Donald J. Trump (1st Term),2019.0,0,0,0,0,0,0,0,0,0,The sentence is a straightforward factual statement without rhetorical devices.
seventh-annual-address-congress-28,335,seventh-annual-address-congress.txt,28,"The misled have abandoned their errors, and pay the respect to our Constitution and laws which is due from good citizens to the public authorities of the society.",https://www.presidency.ucsb.edu/documents/seventh-annual-address-congress,George Washington,,0,1,1,1,0,1,0,1,1,"It cites authority, polarizes groups, assumes facts, and frames the narrative."
annual-message-the-congress-the-state-the-union-12-76,63,annual-message-the-congress-the-state-the-union-12.txt,76,It accelerates the continental defense program and the build-up of ready military reserve forces.,https://www.presidency.ucsb.edu/documents/annual-message-the-congress-the-state-the-union-12,Dwight D. Eisenhower,1955.0,0,0,0,0,0,0,0,0,0,The sentence is a neutral factual statement.
prime-ministers-speech-house-commons-canadas-response-covid-19-pandemic-35,293,prime-ministers-speech-house-commons-canadas-response-covid-19-pandemic.txt,35,Our determination to beat this virus – our commitment to being there for one another – will be put to the test.,https://www.pm.gc.ca/en/news/speeches/2020/04/11/prime-ministers-speech-house-commons-canadas-response-covid-19-pandemic,,2020.0,1,0,0,0,0,1,1,0,1,It uses emotionally charged words and a metaphorical framing of the virus.
second-annual-message-19-51,326,second-annual-message-19.txt,51,And how are we to get the ships if we wait for the trade to develop without them?,https://www.presidency.ucsb.edu/documents/second-annual-message-19,Woodrow Wilson,1914.0,0,0,0,0,0,0,0,0,0,The sentence contains no persuasive or rhetorical devices.
prime-ministers-address-house-commons-following-tragic-losses-nova-scotia-23,239,prime-ministers-address-house-commons-following-tragic-losses-nova-scotia.txt,23,This horrific tragedy is happening at a time when Canadians from coast to coast to coast are making sacrifices to keep each other safe.,https://www.pm.gc.ca/en/news/speeches/2020/04/20/prime-ministers-address-house-commons-following-tragic-losses-nova-scotia,,1969.0,1,0,0,0,0,1,1,0,1,The sentence uses emotionally charged language and frames Canadians as a unified group.
address-before-joint-session-the-congress-the-state-the-union-12-238,17,address-before-joint-session-the-congress-the-state-the-union-12.txt,238,"And as a result, the American people are more secure than they were before.",https://www.presidency.ucsb.edu/documents/address-before-joint-session-the-congress-the-state-the-union-12,William J. Clinton,1994.0,0,0,0,1,0,0,0,0,0,The sentence states a claim as fact without providing evidence.
prime-ministers-remarks-canada-emergency-response-benefit-and-covid-19-11,252,prime-ministers-remarks-canada-emergency-response-benefit-and-covid-19.txt,11,We will have more details for you this week and other measures to announce.,https://www.pm.gc.ca/en/news/speeches/2020/03/25/prime-ministers-remarks-canada-emergency-response-benefit-and-covid-19,,2020.0,0,0,0,0,0,0,0,0,0,"The sentence is a neutral statement with no emotional, authoritative, polarizing, presumptive, exaggerated, or rhetorical framing."
address-before-joint-session-congress-the-state-the-union-2-174,5,address-before-joint-session-congress-the-state-the-union-2.txt,174,And a whole lot of folks out there would probably need less help from government.,https://www.presidency.ucsb.edu/documents/address-before-joint-session-congress-the-state-the-union-2,Barack Obama,2013.0,0,0,0,1,0,0,0,0,0,"The sentence presents an unqualified claim that many people need less government help, treating it as fact."
annual-message-the-congress-the-state-the-union-6-63,82,annual-message-the-congress-the-state-the-union-6.txt,63,"Over the last fifteen years, twenty nations have gained political independence.",https://www.presidency.ucsb.edu/documents/annual-message-the-congress-the-state-the-union-6,Dwight D. Eisenhower,1960.0,0,0,0,0,0,0,0,0,0,The sentence is a neutral factual statement without rhetorical devices.
address-before-joint-session-the-congress-the-state-the-union-29-109,35,address-before-joint-session-the-congress-the-state-the-union-29.txt,109,That's why we're building an economy where no one is left behind.,https://www.presidency.ucsb.edu/documents/address-before-joint-session-the-congress-the-state-the-union-29,"Joseph R. Biden, Jr.",2023.0,1,0,0,0,0,1,1,0,1,The phrase 'no one is left behind' evokes empathy and frames inclusivity.
address-before-joint-session-the-congress-the-state-the-union-12-1,17,address-before-joint-session-the-congress-the-state-the-union-12.txt,1,"President, Members of the 103d Congress, my fellow Americans: I'm not at all sure what speech is in the TelePrompter tonight—[ laughter ]—but I hope we can talk about the state of the Union.",https://www.presidency.ucsb.edu/documents/address-before-joint-session-the-congress-the-state-the-union-12,William J. Clinton,1994.0,0,0,0,0,0,0,0,0,0,No rhetorical devices present.
address-before-joint-session-the-congress-the-state-the-union-8-314,42,address-before-joint-session-the-congress-the-state-the-union-8.txt,314,"Beginning this year, 1998, men and women from 16 countries will build a foothold in the heavens, the international space station.",https://www.presidency.ucsb.edu/documents/address-before-joint-session-the-congress-the-state-the-union-8,William J. Clinton,1998.0,1,0,0,0,0,1,1,0,1,It uses the metaphor 'foothold in the heavens' to evoke awe.
address-before-joint-session-the-congress-the-state-the-union-14-92,19,address-before-joint-session-the-congress-the-state-the-union-14.txt,92,"In addition, you'll be able to pass along the money that accumulates in your personal account, if you wish, to your children and—or grandchildren.",https://www.presidency.ucsb.edu/documents/address-before-joint-session-the-congress-the-state-the-union-14,George W. Bush,2005.0,0,0,0,0,0,0,0,0,0,"The sentence is a neutral statement about passing money to family, with no emotional, authoritative, polarizing, presumptive, exaggerated, or rhetorical framing."
annual-message-the-congress-the-state-the-union-17-205,68,annual-message-the-congress-the-state-the-union-17.txt,205,"For another thing, the States should be given special aid to help them increase public assistance payments.",https://www.presidency.ucsb.edu/documents/annual-message-the-congress-the-state-the-union-17,Harry S Truman,1952.0,0,0,0,0,0,0,0,0,0,"The sentence presents a straightforward policy suggestion without emotional language, authority references, polarization, presumption, exaggeration, or rhetorical framing."
pm-remarks-lunar-gateway-101,207,pm-remarks-lunar-gateway.txt,101,I now have the pleasure of turning things over to someone who understands perhaps better than anyone just how powerful Canada’s presence in space can be.,https://www.pm.gc.ca/en/news/speeches/2019/02/27/pm-remarks-lunar-gateway,,2019.0,0,0,0,1,0,1,0,0,1,It presents Canada’s space power as fact and uses a metaphorical framing.
excerpts-the-report-congressional-committees-investigating-the-iran-contra-affair-114,126,excerpts-the-report-congressional-committees-investigating-the-iran-contra-affair.txt,114,The President decided to go forward with the arms sales to get the hostages back.,https://www.presidency.ucsb.edu/documents/excerpts-the-report-congressional-committees-investigating-the-iran-contra-affair,U.S. Congress,1987.0,0,1,0,0,0,1,0,1,1,"The sentence cites the President (authority) and frames arms sales as a means to secure hostages (rhetorical framing) but contains no emotional language, polarization, presumption, or exaggeration."
address-before-joint-session-the-congress-the-state-the-union-27-211,33,address-before-joint-session-the-congress-the-state-the-union-27.txt,211,"The United States of America should be a sanctuary for law-abiding Americans, not criminal aliens.",https://www.presidency.ucsb.edu/documents/address-before-joint-session-the-congress-the-state-the-union-27,Donald J. Trump (1st Term),2020.0,1,0,1,1,0,1,1,0,1,"The sentence uses emotional, polarized language and presumes a moral hierarchy, framing the US as a sanctuary for certain groups."
address-before-joint-session-the-congress-the-state-the-union-8-63,42,address-before-joint-session-the-congress-the-state-the-union-8.txt,63,We have opened wide the doors of the world's best system of higher education.,https://www.presidency.ucsb.edu/documents/address-before-joint-session-the-congress-the-state-the-union-8,William J. Clinton,1998.0,0,0,0,1,1,1,0,0,1,"The sentence claims the system is the world's best, which is a presumption and exaggeration, and uses metaphorical framing."
eighth-annual-address-congress-17,122,eighth-annual-address-congress.txt,17,"Information has been recently received of the appointment of a commissioner on the part of His Catholic Majesty for running the boundary line, but none of any appointment for the adjustment of the claims of our citizens whose vessels were captured by the armed vessels of Spain.",https://www.presidency.ucsb.edu/documents/eighth-annual-address-congress,George Washington,,0,1,1,0,0,0,0,1,0,"The text cites a royal authority and contrasts our citizens with Spain, indicating authority and polarization."
address-before-joint-session-the-congress-the-state-the-union-2-118,25,address-before-joint-session-the-congress-the-state-the-union-2.txt,118,"We recognize that the Soviet military threat in Europe is diminishing, but we see little change in Soviet strategic modernization.",https://www.presidency.ucsb.edu/documents/address-before-joint-session-the-congress-the-state-the-union-2,George Bush,1990.0,0,0,0,0,0,0,0,0,0,"The sentence is a neutral factual statement without emotional, authoritative, polarizing, presumptive, exaggerated, or rhetorical framing."
annual-message-the-congress-the-state-the-union-20-81,71,annual-message-the-congress-the-state-the-union-20.txt,81,"Our aim for a peaceful, democratic world of free peoples will be achieved in the long run, not by force of arms, but by an appeal to the minds and hearts of men.",https://www.presidency.ucsb.edu/documents/annual-message-the-congress-the-state-the-union-20,Harry S Truman,1950.0,1,0,0,0,0,1,1,0,1,The sentence uses emotional language and a framing that contrasts force with appealing to hearts and minds.
address-before-joint-session-the-congress-president-volodymyr-zelenskyy-ukraine-0-48,7,address-before-joint-session-the-congress-president-volodymyr-zelenskyy-ukraine-0.txt,48,"Russia, Russia could stop its aggression, really, if it wanted to, but you can speed up our victory.",https://www.presidency.ucsb.edu/documents/address-before-joint-session-the-congress-president-volodymyr-zelenskyy-ukraine-0,U.S. Congress,2022.0,0,0,1,1,0,1,0,0,1,"It frames Russia as the enemy and us as the victors, presenting the claim as obvious."
annual-message-the-congress-the-state-the-union-2-56,70,annual-message-the-congress-the-state-the-union-2.txt,56,I will offer at least a dozen more major programs in the course of this session.,https://www.presidency.ucsb.edu/documents/annual-message-the-congress-the-state-the-union-2,Richard Nixon,1970.0,0,0,0,0,0,0,0,0,0,The sentence is a neutral statement of intent.
the-state-the-union-address-delivered-before-joint-session-the-congress-131,358,the-state-the-union-address-delivered-before-joint-session-the-congress.txt,131,"It has been said that ""a mind is a terrible thing to waste."" We will give our young people new hope for jobs and a better life in the 1980's.",https://www.presidency.ucsb.edu/documents/the-state-the-union-address-delivered-before-joint-session-the-congress,Jimmy Carter,1980.0,1,0,0,0,0,1,1,0,1,"The quote evokes emotion and uses a metaphor, but no authority, polarization, presumption, or exaggeration."
annual-message-the-congress-the-state-the-union-20-104,71,annual-message-the-congress-the-state-the-union-20.txt,104,We enjoy more personal liberty in the United States today than ever before.,https://www.presidency.ucsb.edu/documents/annual-message-the-congress-the-state-the-union-20,Harry S Truman,1950.0,0,0,0,1,0,0,0,0,0,"The sentence asserts a claim without evidence, implying it as fact."
annual-message-congress-8,60,annual-message-congress.txt,8,It is the source of the other two—democracy and international good faith.,https://www.presidency.ucsb.edu/documents/annual-message-congress,Franklin D. Roosevelt,1939.0,0,0,0,1,0,1,0,0,1,The sentence asserts a claim as fact and frames it metaphorically as a source.
inaugural-address-11-40,155,inaugural-address-11.txt,40,All of us need to be reminded that the Federal Government did not create the States; the States created the Federal Government.,https://www.presidency.ucsb.edu/documents/inaugural-address-11,Ronald Reagan,1981.0,0,0,0,1,0,1,0,0,1,"The sentence presents a factual claim without argument, framing the relationship between states and federal government."
annual-message-the-congress-the-state-the-union-4-103,80,annual-message-the-congress-the-state-the-union-4.txt,103,"So long as fanaticism and fear brood over the affairs of men, we must arm to deter others from aggression.",https://www.presidency.ucsb.edu/documents/annual-message-the-congress-the-state-the-union-4,John F. Kennedy,1962.0,1,0,1,1,0,1,1,0,1,"It uses emotional terms, us‑vs‑them framing, presumes arming is needed, and employs metaphorical language."
annual-message-the-congress-the-state-the-union-4-19,80,annual-message-the-congress-the-state-the-union-4.txt,19,Moreover--pleasant as it may be to bask in the warmth of recovery--let us not forget that we have suffered three recessions in the last 7 years.,https://www.presidency.ucsb.edu/documents/annual-message-the-congress-the-state-the-union-4,John F. Kennedy,1962.0,1,0,0,0,0,1,1,0,1,The sentence uses a warm metaphor to evoke emotion and frames the situation metaphorically.
annual-message-the-congress-the-state-the-union-17-54,68,annual-message-the-congress-the-state-the-union-17.txt,54,And behind the Iron Curtain the Soviet rule of force has created growing political and economic stresses in the satellite nations.,https://www.presidency.ucsb.edu/documents/annual-message-the-congress-the-state-the-union-17,Harry S Truman,1952.0,0,0,1,0,0,1,0,0,1,"The sentence uses the metaphor 'Iron Curtain' and contrasts Soviet rule with satellite nations, creating a us‑vs‑them framing."
annual-message-the-congress-the-state-the-union-5-134,81,annual-message-the-congress-the-state-the-union-5.txt,134,The product of our abundance must be used more effectively to relieve hunger and help economic growth in all corners of the globe.,https://www.presidency.ucsb.edu/documents/annual-message-the-congress-the-state-the-union-5,John F. Kennedy,1961.0,0,0,0,1,0,1,0,0,1,"The sentence presumes necessity and uses a metaphorical framing but lacks emotional, authority, polarization, or exaggeration."
address-before-joint-session-the-congress-reporting-the-state-the-union-1-149,10,address-before-joint-session-the-congress-reporting-the-state-the-union-1.txt,149,This is not a moment for the American people to turn inward.,https://www.presidency.ucsb.edu/documents/address-before-joint-session-the-congress-reporting-the-state-the-union-1,Gerald R. Ford,1975.0,0,0,0,1,0,1,0,0,1,The sentence presumes the claim without argument and frames the situation metaphorically.
annual-message-the-congress-the-state-the-union-9-65,84,annual-message-the-congress-the-state-the-union-9.txt,65,"State and local entities, and private enterprise should be encouraged to participate in such projects.",https://www.presidency.ucsb.edu/documents/annual-message-the-congress-the-state-the-union-9,Dwight D. Eisenhower,1957.0,0,0,0,0,0,0,0,0,0,"The sentence is a neutral statement without emotional, authoritative, polarizing, presumptive, exaggerated, or rhetorical framing."
address-before-joint-session-the-congress-the-state-the-union-248,44,address-before-joint-session-the-congress-the-state-the-union.txt,248,"And like so many other Americans who have volunteered to defend us, he has earned the respect and the gratitude of our entire country.",https://www.presidency.ucsb.edu/documents/address-before-joint-session-the-congress-the-state-the-union,George W. Bush,2007.0,1,0,0,1,1,1,1,0,1,"The sentence praises a person, implying national gratitude, which is an emotional appeal, presumes the claim, uses hyperbole, and frames him as part of a patriotic group."
second-annual-message-19-54,326,second-annual-message-19.txt,54,"except where, here and there, a ship of war is bidden carry it or some wandering yacht displays it, would take a long time and involve many detailed items of legislation, and tile trade which we ought immediately to handle would disappear or find other channels while we debated the items.",https://www.presidency.ucsb.edu/documents/second-annual-message-19,Woodrow Wilson,1914.0,0,0,0,0,0,0,0,0,0,The sentence contains no clear rhetorical devices.
prime-minister-trudeaus-address-yom-kippur-24,238,prime-minister-trudeaus-address-yom-kippur.txt,24,"As a dad, how could I even begin to explain the existence of such evil to him?",https://www.pm.gc.ca/en/news/speeches/2016/10/11/prime-minister-trudeaus-address-yom-kippur,,2019.0,0,0,0,0,0,0,0,0,0,"The sentence is a personal question, not an appeal or rhetorical framing."
oath-office-and-second-inaugural-address-59,197,oath-office-and-second-inaugural-address.txt,59,I think of the dreams they had for America and I think of how each recognized that he needed help far beyond himself in order to make those dreams come true.,https://www.presidency.ucsb.edu/documents/oath-office-and-second-inaugural-address,Richard Nixon,1973.0,0,0,0,0,0,1,0,0,1,Uses metaphorical language 'dreams' to frame aspirations.
annual-message-congress-2-121,56,annual-message-congress-2.txt,121,"I repeat, with the same faith and the same determination, my words of March 4, 1933: ""We face the arduous days that lie before us in the warm courage of national unity; with a clear consciousness of seeking old and precious moral values; with a clean satisfaction that comes from the stern performance of duty by old and young alike.",https://www.presidency.ucsb.edu/documents/annual-message-congress-2,Franklin D. Roosevelt,1936.0,1,0,0,0,0,1,1,0,1,The passage uses emotive language and metaphorical framing to convey a message.
address-before-joint-session-congress-the-state-the-union-2-271,5,address-before-joint-session-congress-the-state-the-union-2.txt,271,"And hour after hour, a throng of people stayed in line to support her, because Desiline is 102 years old.",https://www.presidency.ucsb.edu/documents/address-before-joint-session-congress-the-state-the-union-2,Barack Obama,2013.0,0,0,0,1,0,0,0,0,0,It presents an unsubstantiated causal claim as fact.
address-before-joint-session-the-congress-the-state-the-union-22-50,28,address-before-joint-session-the-congress-the-state-the-union-22.txt,50,Iraq continues to flaunt its hostility toward America and to support terror.,https://www.presidency.ucsb.edu/documents/address-before-joint-session-the-congress-the-state-the-union-22,George W. Bush,2002.0,0,0,1,1,0,1,0,0,1,"The sentence frames Iraq as hostile and supporting terror, presenting a us‑vs‑them narrative and presuming facts without evidence, while using metaphorical language."
prime-minister-keynote-speech-world-economic-forum-2018-69,236,prime-minister-keynote-speech-world-economic-forum-2018.txt,69,"This doesn’t apply to me.” So while I commend your effort on this front, it may not be good enough.",https://www.pm.gc.ca/en/news/speeches/2018/01/23/prime-minister-keynote-speech-world-economic-forum-2018,,2018.0,0,0,0,0,0,0,0,0,0,The sentence contains no evidence of the listed rhetorical devices.
prime-minister-justin-trudeaus-speech-assembly-first-nations-special-7,235,prime-minister-justin-trudeaus-speech-assembly-first-nations-special.txt,7,"Along the way, their numbers had grown from seven to over 400 on that morning in March when they walked into this town to the sound of traditional drums.",https://www.pm.gc.ca/en/news/speeches/2016/12/06/prime-minister-justin-trudeaus-speech-assembly-first-nations-special,,2016.0,0,0,0,0,0,0,0,0,0,"The sentence is purely descriptive and contains no emotional, authoritative, polarizing, presumptive, exaggerated, or metaphorical framing."
annual-message-the-congress-the-state-the-union-6-192,82,annual-message-the-congress-the-state-the-union-6.txt,192,"All recognize the vital necessity of having modern school plants, well-qualified and adequately compensated teachers, and of using the best possible teaching techniques and curricula.",https://www.presidency.ucsb.edu/documents/annual-message-the-congress-the-state-the-union-6,Dwight D. Eisenhower,1960.0,0,0,0,1,0,0,0,0,0,"The sentence assumes universal recognition of necessity without evidence, which is a presumption."
address-before-joint-session-congress-the-state-the-union-0-148,3,address-before-joint-session-congress-the-state-the-union-0.txt,148,Today over 90 percent of Latin Americans live in nations committed to democratic principles.,https://www.presidency.ucsb.edu/documents/address-before-joint-session-congress-the-state-the-union-0,Ronald Reagan,1988.0,0,0,0,0,0,0,0,0,0,"The sentence is a neutral factual statement without emotional, authoritative, polarizing, presumptive, exaggerated, or rhetorical framing."
russia-prioritises-disinformation-over-energy-ceasefire-uk-statement-to-the-osce-9,318,russia-prioritises-disinformation-over-energy-ceasefire-uk-statement-to-the-osce.txt,9,Hundreds of thousands of Ukrainians have been left without heating with temperatures reaching -24 degrees.,https://www.gov.uk/government/speeches/russia-prioritises-disinformation-over-energy-ceasefire-uk-statement-to-the-osce,,,1,0,0,0,0,0,1,0,0,The sentence describes a dire situation that evokes empathy.
address-before-joint-session-the-congress-the-state-the-union-8-62,42,address-before-joint-session-the-congress-the-state-the-union-8.txt,62,"And my friends, that will change the face and future of America.",https://www.presidency.ucsb.edu/documents/address-before-joint-session-the-congress-the-state-the-union-8,William J. Clinton,1998.0,1,0,0,1,1,1,1,0,1,"The sentence uses emotive language, presumes its claim, exaggerates its impact, and frames America’s future metaphorically."
annual-message-the-congress-the-state-the-union-19-18,69,annual-message-the-congress-the-state-the-union-19.txt,18,The threat of world conquest by Soviet Russia endangers our liberty and endangers the kind of world in which the free spirit of man can survive.,https://www.presidency.ucsb.edu/documents/annual-message-the-congress-the-state-the-union-19,Harry S Truman,1951.0,1,0,1,1,1,1,1,0,1,"The sentence uses emotive language, us‑vs‑them framing, presumes Soviet threat, exaggerates the danger, and frames liberty as a free spirit."
address-before-joint-session-the-congress-the-state-the-union-6-178,40,address-before-joint-session-the-congress-the-state-the-union-6.txt,178,I'd like to say something really serious to everyone in this Chamber in both parties.,https://www.presidency.ucsb.edu/documents/address-before-joint-session-the-congress-the-state-the-union-6,William J. Clinton,1999.0,0,0,0,0,0,0,0,0,0,"The sentence contains no emotional, authoritative, polarizing, presumptive, exaggerated, or framed language."
the-deputy-prime-ministers-speech-to-100-year-partnership-event-69,351,the-deputy-prime-ministers-speech-to-100-year-partnership-event.txt,69,"In the UK, that same technology poses a threat to our justice system – with drones used to deposit drugs and weapons in our prisons in the United Kingdom.",https://www.gov.uk/government/speeches/the-deputy-prime-ministers-speech-to-100-year-partnership-event,The Rt Hon David Lammy MP,,0,0,0,1,0,1,0,0,1,"The sentence assumes a threat without evidence and frames technology as a danger, but lacks explicit emotional, authority, or polarizing language."
prime-ministers-statement-trans-mountain-pipeline-project-18,295,prime-ministers-statement-trans-mountain-pipeline-project.txt,18,"It means hundreds of thousands of Canadians who work long hours every day to put food on their table, and to build this country, depend on this project getting built.",https://www.pm.gc.ca/en/news/speeches/2018/04/15/prime-ministers-statement-trans-mountain-pipeline-project,,2018.0,0,0,0,0,0,1,0,0,1,"The sentence frames the project as essential for many Canadians, shaping interpretation."
address-before-joint-session-congress-the-state-the-union-2-155,5,address-before-joint-session-congress-the-state-the-union-2.txt,155,But we also have to make sure that America remains a place where everyone who's willing to work—everybody who's willing to work hard—has the chance to get ahead.,https://www.presidency.ucsb.edu/documents/address-before-joint-session-congress-the-state-the-union-2,Barack Obama,2013.0,0,0,0,1,0,1,0,0,1,The sentence asserts an unqualified claim about America’s opportunity and frames it as a narrative of possibility.
address-before-joint-session-the-congress-the-state-the-union-23-5,29,address-before-joint-session-the-congress-the-state-the-union-23.txt,5,We have the opportunity to save millions of lives abroad from a terrible disease.,https://www.presidency.ucsb.edu/documents/address-before-joint-session-the-congress-the-state-the-union-23,George W. Bush,2003.0,1,0,0,0,0,0,1,0,0,"The phrase ""save millions of lives"" evokes strong empathy."
annual-message-the-congress-the-state-the-union-29-3,77,annual-message-the-congress-the-state-the-union-29.txt,3,"And I report to you that I believe, with abiding conviction, that this people--nurtured by their deep faith, tutored by their hard lessons, moved by their high aspirations-have the will to meet the trials that these times impose.",https://www.presidency.ucsb.edu/documents/annual-message-the-congress-the-state-the-union-29,Lyndon B. Johnson,1968.0,1,0,0,0,0,1,1,0,1,The sentence uses emotive language and metaphorical framing to evoke feelings and shape perception.
address-before-joint-session-the-congress-the-state-the-union-20-119,26,address-before-joint-session-the-congress-the-state-the-union-20.txt,119,That would put our workers and our businesses at a disadvantage.,https://www.presidency.ucsb.edu/documents/address-before-joint-session-the-congress-the-state-the-union-20,Barack Obama,2015.0,0,0,0,0,0,0,0,0,0,"The sentence is a neutral statement without explicit emotional, authority, polarization, presumption, exaggeration, or rhetorical framing."
un-human-rights-council-special-session-to-address-the-deteriorating-human-rights-situation-in-the-islamic-republic-of-iran-23-january-2026-9,378,un-human-rights-council-special-session-to-address-the-deteriorating-human-rights-situation-in-the-islamic-republic-of-iran-23-january-2026.txt,9,It takes true bravery to speak out in the face of an authority prepared to fire at its own people.,https://www.gov.uk/government/speeches/un-human-rights-council-special-session-to-address-the-deteriorating-human-rights-situation-in-the-islamic-republic-of-iran-23-january-2026,Eleanor Sanders,,1,0,0,1,1,1,1,0,1,"The sentence uses emotive language, presumes bravery, exaggerates authority threat, and frames a conflict metaphorically."
address-before-joint-session-the-congress-the-state-the-union-8-256,42,address-before-joint-session-the-congress-the-state-the-union-8.txt,256,"Tonight I ask you to join me in launching a new clean water initiative, a far-reaching effort to clean our rivers, our lakes, and our coastal waters for our children.",https://www.presidency.ucsb.edu/documents/address-before-joint-session-the-congress-the-state-the-union-8,William J. Clinton,1998.0,1,0,0,0,0,1,1,0,1,The sentence appeals to caring for children and frames the effort as a clean water initiative.
seventh-annual-address-congress-14,335,seventh-annual-address-congress.txt,14,"Agreeably thereto, and to the best judgment I was able to form of the public interest after full and mature deliberation, I have added my sanction.",https://www.presidency.ucsb.edu/documents/seventh-annual-address-congress,George Washington,,0,0,0,0,0,0,0,0,0,"No explicit emotional, authoritative, polarizing, presumptive, exaggerated, or metaphorical framing present."
improving-accessibility-at-railway-stations-across-britain-12,150,improving-accessibility-at-railway-stations-across-britain.txt,12,A future round of AfA may be funded as part of the next spending review and this could provide an opportunity to fully or partially fund accessibility upgrades at other stations across Britain.,https://www.gov.uk/government/speeches/improving-accessibility-at-railway-stations-across-britain,Lord Hendy of Richmond Hill CBE,,0,1,0,0,0,0,0,1,0,"The sentence references a governmental process to support funding, with no emotional, polarizing, presuming, exaggerating, or framing language."
government-response-to-parliamentary-and-health-service-ombudsmans-phso-investigation-into-womens-state-pension-age-communications-and-associated-1,142,government-response-to-parliamentary-and-health-service-ombudsmans-phso-investigation-into-womens-state-pension-age-communications-and-associated.txt,1,"Madame Deputy Speaker, in November, I informed the House that the Government would make a new decision in response to the Parliamentary and Health Service Ombudsman’s report into the way changes to the State Pension age were communicated to women born in the 1950s.",https://www.gov.uk/government/speeches/government-response-to-parliamentary-and-health-service-ombudsmans-phso-investigation-into-womens-state-pension-age-communications-and-associated,The Rt Hon Pat McFadden MP,,0,1,0,0,0,0,0,1,0,The sentence cites official institutions to support the claim.
we-welcome-the-syrian-leaderships-commitment-to-eradicate-chemical-weapons-uk-statement-at-the-un-security-council-5,390,we-welcome-the-syrian-leaderships-commitment-to-eradicate-chemical-weapons-uk-statement-at-the-un-security-council.txt,5,"First, multiple OPCW deployments to Syria have increased our understanding of the scale and scope of Assad’s chemical weapons programme.",https://www.gov.uk/government/speeches/we-welcome-the-syrian-leaderships-commitment-to-eradicate-chemical-weapons-uk-statement-at-the-un-security-council,,,0,1,0,0,0,0,0,1,0,The sentence cites OPCW as an authority to support the claim.
second-annual-message-20-184,327,second-annual-message-20.txt,184,I must not risk the wearying of your patience with detailed reference.,https://www.presidency.ucsb.edu/documents/second-annual-message-20,Warren G. Harding,1922.0,0,0,0,0,0,0,0,0,0,The sentence contains no explicit rhetorical devices.
excerpts-the-report-congressional-committees-investigating-the-iran-contra-affair-270,126,excerpts-the-report-congressional-committees-investigating-the-iran-contra-affair.txt,270,Casey's passion for covert operations - dating back to his World War II intelligence days - was well known.,https://www.presidency.ucsb.edu/documents/excerpts-the-report-congressional-committees-investigating-the-iran-contra-affair,U.S. Congress,1987.0,0,0,0,0,0,0,0,0,0,The sentence is a neutral factual statement with no rhetorical devices.
inaugural-address-4-79,162,inaugural-address-4.txt,79,"With the cooperation of business, private capital, agriculture, and labor in this country, this program can greatly increase the industrial activity in other nations and can raise substantially their standards of living.",https://www.presidency.ucsb.edu/documents/inaugural-address-4,Harry S Truman,1949.0,0,0,0,1,0,0,0,0,0,The sentence states a claim as fact without providing evidence.
address-before-joint-session-the-congress-reporting-the-state-the-union-2-19,11,address-before-joint-session-the-congress-reporting-the-state-the-union-2.txt,19,"Inflation remained in double digits, and government spending increased at an annual rate of 17 percent.",https://www.presidency.ucsb.edu/documents/address-before-joint-session-the-congress-reporting-the-state-the-union-2,Ronald Reagan,1982.0,0,0,0,0,0,0,0,0,0,The sentence presents factual data without rhetorical devices.
sir-martyn-olivers-speech-at-the-sixth-form-colleges-association-8,336,sir-martyn-olivers-speech-at-the-sixth-form-colleges-association.txt,8,"And crucially, that change has been shaped by your input – by the voices of leaders, teachers, and practitioners across the post-16 sector who took the time to talk to us about what was working and what wasn’t.",https://www.gov.uk/government/speeches/sir-martyn-olivers-speech-at-the-sixth-form-colleges-association,Sir Martyn Oliver,,0,1,0,0,0,1,0,1,1,It cites leaders and teachers as authorities and uses a metaphorical framing.
prime-ministers-remarks-announcing-support-food-banks-and-local-food-40,248,prime-ministers-remarks-announcing-support-food-banks-and-local-food.txt,40,"We had said that in May, every qualifying adult would receive up to $300 with $150 for each child, but I can now confirm that help is coming sooner, this month, in April instead.",https://www.pm.gc.ca/en/news/speeches/2020/04/03/prime-ministers-remarks-announcing-support-food-banks-and-local-food,,2020.0,0,0,0,0,0,0,0,0,0,The sentence is a straightforward factual statement with no rhetorical devices.
prime-ministers-remarks-efforts-bring-canadians-home-abroad-16,255,prime-ministers-remarks-efforts-bring-canadians-home-abroad.txt,16,And public servants are working around the clock to help people who are stranded.,https://www.pm.gc.ca/en/news/speeches/2020/03/21/prime-ministers-remarks-efforts-bring-canadians-home-abroad,,2020.0,0,0,0,0,0,1,0,0,1,The phrase 'working around the clock' is a metaphorical framing of continuous effort.
prime-ministers-remarks-health-care-supplies-and-equipment-32,260,prime-ministers-remarks-health-care-supplies-and-equipment.txt,32,"So today, I’m also announcing that our existing Next Generation Manufacturing Supercluster will be leading companies in developing and scaling up new technologies to test and treat Canadians.",https://www.pm.gc.ca/en/news/speeches/2020/03/31/prime-ministers-remarks-health-care-supplies-and-equipment,,1969.0,0,1,0,0,0,1,0,1,1,The sentence references an institutional label and uses a framing term.
russia-could-signal-a-willingness-to-move-from-coercion-to-constructive-engagement-by-ending-its-strikes-on-ukraines-energy-infrastructure-uk-statem-13,315,russia-could-signal-a-willingness-to-move-from-coercion-to-constructive-engagement-by-ending-its-strikes-on-ukraines-energy-infrastructure-uk-statem.txt,13,"Respecting the principles of distinction, proportionality and precaution is not optional or a goodwill gesture.",https://www.gov.uk/government/speeches/russia-could-signal-a-willingness-to-move-from-coercion-to-constructive-engagement-by-ending-its-strikes-on-ukraines-energy-infrastructure-uk-statem,James Ford,,0,0,0,0,0,1,0,0,1,"The sentence frames the principles as mandatory, not optional."
second-annual-message-20-55,327,second-annual-message-20.txt,55,Here is a problem demanding wide vision and the avoidance of mere makeshifts.,https://www.presidency.ucsb.edu/documents/second-annual-message-20,Warren G. Harding,1922.0,0,0,0,0,0,1,0,0,1,The sentence employs metaphorical language to frame the problem.
articles-impeachment-adopted-the-house-representatives-committee-the-judiciary-17,89,articles-impeachment-adopted-the-house-representatives-committee-the-judiciary.txt,17,"Nixon has acted in a manner contrary to his trust as President and subversive of constitutional government, to the great prejudice of the cause of law and justice and to the manifest injury of the people of the United States.",https://www.presidency.ucsb.edu/documents/articles-impeachment-adopted-the-house-representatives-committee-the-judiciary,U.S. Congress,1974.0,1,1,1,1,1,1,1,1,1,"The sentence uses strong emotional language, authority references, us‑vs‑them framing, presumes facts, exaggerates harm, and employs rhetorical framing."
annual-message-the-congress-the-state-the-union-20-14,71,annual-message-the-congress-the-state-the-union-20.txt,14,"As the result of these programs, and the wisdom and good judgment of our businessmen and workers, major readjustments have been made without widespread suffering.",https://www.presidency.ucsb.edu/documents/annual-message-the-congress-the-state-the-union-20,Harry S Truman,1950.0,0,0,0,1,0,0,0,0,0,"The sentence states a claim without providing evidence, treating it as obvious."
prime-ministers-remarks-shooting-portapique-nova-scotia-and-updates-covid-11,269,prime-ministers-remarks-shooting-portapique-nova-scotia-and-updates-covid.txt,11,"And if you’re caring for someone with a disability, you’re probably anxious about getting support, too.",https://www.pm.gc.ca/en/news/speeches/2020/04/19/prime-ministers-remarks-shooting-portapique-nova-scotia-and-updates-covid,,2020.0,0,0,0,1,0,0,0,0,0,Presumes anxiety without evidence.
prime-ministers-remarks-introducing-canada-emergency-commercial-rent-24,263,prime-ministers-remarks-introducing-canada-emergency-commercial-rent.txt,24,"As I said many times before, we will be there for Quebecers, Ontarians, and all Canadians during this crisis.",https://www.pm.gc.ca/en/news/speeches/2020/04/24/prime-ministers-remarks-introducing-canada-emergency-commercial-rent,,2020.0,0,0,0,0,0,1,0,0,1,The sentence frames support for specific groups during a crisis.
wto-general-council-december-2025-uk-statement-39,392,wto-general-council-december-2025-uk-statement.txt,39,"In summary, to contribute to real-world growth, and to show this organisation is still relevant to the world that we live in, the UK remains fully committed to seeking Annex 4 incorporation.",https://www.gov.uk/government/speeches/wto-general-council-december-2025-uk-statement,Kumar Iyer CMG,,0,1,0,0,0,1,0,1,1,"The sentence cites the UK as an authority and frames its commitment as relevant to growth, but lacks emotional, polarizing, presuming, or exaggerated language."
address-before-joint-session-the-congress-the-state-the-union-13-78,18,address-before-joint-session-the-congress-the-state-the-union-13.txt,78,We're grateful to all who volunteer to wear our Nation's uniform.,https://www.presidency.ucsb.edu/documents/address-before-joint-session-the-congress-the-state-the-union-13,George W. Bush,2006.0,1,0,0,0,0,1,1,0,1,It expresses gratitude (emotional appeal) and uses the national uniform as a metaphor (rhetorical framing).
the-gambias-wto-trade-policy-review-uk-statement-february-2026-31,353,the-gambias-wto-trade-policy-review-uk-statement-february-2026.txt,31,We are keen to hear more about how this work is progressing in supporting climate-resilient infrastructure and resilience building in agriculture.,https://www.gov.uk/government/speeches/the-gambias-wto-trade-policy-review-uk-statement-february-2026,Kumar Iyer CMG,,0,0,0,0,0,0,0,0,0,No evidence of rhetorical devices or emotional language.
minister-pollard-speech-at-ads-annual-dinner-2026-13,190,minister-pollard-speech-at-ads-annual-dinner-2026.txt,13,"You’re part of a defence industry that directly supports over 460,000 highly skilled and well-paid jobs.",https://www.gov.uk/government/speeches/minister-pollard-speech-at-ads-annual-dinner-2026,Luke Pollard MP,,0,0,0,0,0,0,0,0,0,"The sentence states a factual claim without emotional, authoritative, or rhetorical cues."
address-before-joint-session-the-congress-president-volodymyr-zelenskyy-ukraine-0-1,7,address-before-joint-session-the-congress-president-volodymyr-zelenskyy-ukraine-0.txt,1,"Dear Americans, in all states, cities and communities, all those who value freedom and justice, who cherish it as strongly as we Ukrainians in our cities, in each and every family, I hope my words of respect and gratitude resonate in each American heart.",https://www.presidency.ucsb.edu/documents/address-before-joint-session-the-congress-president-volodymyr-zelenskyy-ukraine-0,U.S. Congress,2022.0,1,0,1,1,1,1,1,0,1,"The sentence uses emotional language, us‑vs‑them framing, presumes universal values, overstates claims, and employs rhetorical framing."
the-uk-reiterates-its-strong-support-for-unsmil-in-advancing-an-inclusive-political-process-in-libya-uk-statement-at-the-un-security-council-9,363,the-uk-reiterates-its-strong-support-for-unsmil-in-advancing-an-inclusive-political-process-in-libya-uk-statement-at-the-un-security-council.txt,9,"Second, we commend the efforts of Libya’s civil society in standing-up for the country’s future.",https://www.gov.uk/government/speeches/the-uk-reiterates-its-strong-support-for-unsmil-in-advancing-an-inclusive-political-process-in-libya-uk-statement-at-the-un-security-council,Archie Young CMG,,0,0,0,0,0,1,0,0,1,The phrase 'standing-up for the country's future' uses a metaphorical framing.
environment-secretary-at-economist-water-summit-8,123,environment-secretary-at-economist-water-summit.txt,8,"Looking around this room, I see the people who will shape the future of our water system in partnership with us.",https://www.gov.uk/government/speeches/environment-secretary-at-economist-water-summit,Emma Reynolds MP,,0,0,0,1,0,1,0,0,1,The sentence uses a metaphor and assumes the people will shape the future without argument.
address-before-joint-session-the-congress-the-state-the-union-21-233,27,address-before-joint-session-the-congress-the-state-the-union-21.txt,233,"American diplomacy, backed by the threat of force, is why Syria's chemical weapons are being eliminated.",https://www.presidency.ucsb.edu/documents/address-before-joint-session-the-congress-the-state-the-union-21,Barack Obama,2014.0,0,1,0,1,0,1,0,1,1,"The sentence attributes the elimination of chemical weapons to American diplomacy, implying authority and presumption, and frames the situation with a threat of force."
inaugural-address-10-63,154,inaugural-address-10.txt,63,But our fundamental goals must be to reduce dependency and upgrade the dignity of those who are infirm or disadvantaged.,https://www.presidency.ucsb.edu/documents/inaugural-address-10,Ronald Reagan,1985.0,1,0,0,1,0,1,1,0,1,"The sentence uses emotive language, presumes the goals, and frames policy around dignity."
address-before-joint-session-the-congress-the-state-the-union-26-103,32,address-before-joint-session-the-congress-the-state-the-union-26.txt,103,Also here tonight are Gerald and Sharon's granddaughter Heather and great-granddaughter Madison.,https://www.presidency.ucsb.edu/documents/address-before-joint-session-the-congress-the-state-the-union-26,Donald J. Trump (1st Term),2019.0,0,0,0,0,0,0,0,0,0,The sentence simply lists family members without rhetorical devices.
address-before-joint-session-the-congress-the-state-the-union-18-258,23,address-before-joint-session-the-congress-the-state-the-union-18.txt,258,They endure sleepless nights and the daily struggle of providing for children while a loved one is serving far from home.,https://www.presidency.ucsb.edu/documents/address-before-joint-session-the-congress-the-state-the-union-18,George W. Bush,2008.0,0,0,0,0,0,0,0,0,0,The sentence simply describes hardship without explicit rhetorical devices.
annual-message-the-congress-the-state-the-union-12-299,63,annual-message-the-congress-the-state-the-union-12.txt,299,"I shall recommend the establishment of a Federal Advisory Commission on the Arts within the Department of Health, Education and Welfare, to advise the Federal Government on ways to encourage artistic endeavor and appreciation.",https://www.presidency.ucsb.edu/documents/annual-message-the-congress-the-state-the-union-12,Dwight D. Eisenhower,1955.0,0,1,0,0,0,0,0,1,0,"The sentence explicitly references federal institutions, indicating an authority appeal."
fifth-annual-message-6-107,128,fifth-annual-message-6.txt,107,"The legislation proposed at the last session with regard to regulated combinations among our exporters, in order to provide for our foreign trade a more effective organization and method of cooperation, ought by all means to be completed at this session.",https://www.presidency.ucsb.edu/documents/fifth-annual-message-6,Woodrow Wilson,1917.0,0,0,0,1,0,0,0,0,0,The sentence presumes the legislation must be completed without providing justification.
prime-ministers-remarks-workers-and-business-owners-facing-challenges-due-48,288,prime-ministers-remarks-workers-and-business-owners-facing-challenges-due.txt,48,"Whether to transport medical supplies or to protect our homes during flood and forest fire seasons, those who wear this uniform will be there for you.",https://www.pm.gc.ca/en/news/speeches/2020/03/30/prime-ministers-remarks-workers-and-business-owners-facing-challenges-due,,2020.0,0,0,0,0,0,1,0,0,1,The sentence frames the uniform as a protective presence.
address-before-joint-session-the-congress-the-state-the-union-6-104,40,address-before-joint-session-the-congress-the-state-the-union-6.txt,104,Parents should never have to worry about choosing between their children and their work.,https://www.presidency.ucsb.edu/documents/address-before-joint-session-the-congress-the-state-the-union-6,William J. Clinton,1999.0,1,0,0,0,1,1,1,0,1,"The sentence uses emotional language, makes an absolute claim, and frames the issue as a stark choice."
address-before-joint-session-the-congress-the-state-the-union-4-222,38,address-before-joint-session-the-congress-the-state-the-union-4.txt,222,Their hearts carry without complaint the pains of family and community problems.,https://www.presidency.ucsb.edu/documents/address-before-joint-session-the-congress-the-state-the-union-4,Ronald Reagan,1984.0,0,0,0,0,0,1,0,0,1,The sentence uses a metaphor (hearts carrying pain) to frame the situation.
address-before-joint-session-the-congress-the-state-the-union-22-110,28,address-before-joint-session-the-congress-the-state-the-union-22.txt,110,We need to prepare our children to read and succeed in school with improved Head Start and early childhood development programs.,https://www.presidency.ucsb.edu/documents/address-before-joint-session-the-congress-the-state-the-union-22,George W. Bush,2002.0,0,0,0,0,0,1,0,0,1,The sentence frames the issue as preparing children for school success.
address-before-joint-session-the-congress-the-state-the-union-7-185,41,address-before-joint-session-the-congress-the-state-the-union-7.txt,185,I think they ought to do the same thing for handgun purchases.,https://www.presidency.ucsb.edu/documents/address-before-joint-session-the-congress-the-state-the-union-7,William J. Clinton,2000.0,0,0,0,0,0,0,0,0,0,The sentence contains no explicit rhetorical devices.
prime-minister-justin-trudeaus-address-72th-session-united-nations-general-8,232,prime-minister-justin-trudeaus-address-72th-session-united-nations-general.txt,8,"We have, throughout our history, worked hard to secure them.",https://www.pm.gc.ca/en/news/speeches/2017/09/21/prime-minister-justin-trudeaus-address-72th-session-united-nations-general,,2017.0,0,0,0,0,0,0,0,0,0,No rhetorical devices present.
address-before-joint-session-the-congress-the-state-the-union-19-63,24,address-before-joint-session-the-congress-the-state-the-union-19.txt,63,We also need benefits and protections that provide a basic measure of security.,https://www.presidency.ucsb.edu/documents/address-before-joint-session-the-congress-the-state-the-union-19,Barack Obama,2016.0,0,0,0,0,0,0,0,0,0,"The sentence is a straightforward statement without emotional, authoritative, polarizing, presumptive, exaggerated, or metaphorical language."
annual-message-the-congress-the-state-the-union-27-113,75,annual-message-the-congress-the-state-the-union-27.txt,113,"A second principle of policy is the effort to control, and to reduce, and to ultimately eliminate the modern engines of destruction.",https://www.presidency.ucsb.edu/documents/annual-message-the-congress-the-state-the-union-27,Lyndon B. Johnson,1966.0,0,0,0,0,0,1,0,0,1,The phrase 'modern engines of destruction' employs a metaphorical framing.
address-before-joint-session-the-congress-the-state-the-union-20-39,26,address-before-joint-session-the-congress-the-state-the-union-20.txt,39,"Today, we have new tools to stop taxpayer-funded bailouts and a new consumer watchdog to protect us from predatory lending and abusive credit card practices.",https://www.presidency.ucsb.edu/documents/address-before-joint-session-the-congress-the-state-the-union-20,Barack Obama,2015.0,0,0,0,0,0,1,0,0,1,Uses framing terms like 'new tools' and 'consumer watchdog' to shape the message.
address-before-joint-session-the-congress-the-state-the-union-26-150,32,address-before-joint-session-the-congress-the-state-the-union-26.txt,150,"I am asking Congress to pass legislation that finally takes on the problem of global freeloading and delivers fairness and price transparency for American patients, finally.",https://www.presidency.ucsb.edu/documents/address-before-joint-session-the-congress-the-state-the-union-26,Donald J. Trump (1st Term),2019.0,1,1,1,0,0,1,1,1,1,"The sentence uses emotive language, references Congress, frames a global vs American conflict, and employs a metaphor."
annual-message-the-congress-the-state-the-union-5-141,81,annual-message-the-congress-the-state-the-union-5.txt,141,"Meanwhile, I hope to explore with the Polish government the possibility of using our frozen Polish funds on projects of peace that will demonstrate our abiding friendship for and interest in the people of Poland.",https://www.presidency.ucsb.edu/documents/annual-message-the-congress-the-state-the-union-5,John F. Kennedy,1961.0,0,0,0,0,0,1,0,0,1,"The sentence frames the projects as peace initiatives to showcase friendship, a narrative framing."
annual-message-the-congress-the-state-the-union-13-186,64,annual-message-the-congress-the-state-the-union-13.txt,186,They have been developed through the cooperation of innumerable individuals vitally interested in agriculture.,https://www.presidency.ucsb.edu/documents/annual-message-the-congress-the-state-the-union-13,Dwight D. Eisenhower,1954.0,0,0,0,0,1,0,0,0,0,The use of 'innumerable' suggests an exaggerated claim.
address-before-joint-session-the-congress-the-state-the-union-5-70,39,address-before-joint-session-the-congress-the-state-the-union-5.txt,70,"More businesses will be started, more investments made, more jobs created, and more people will be on payrolls paying taxes.",https://www.presidency.ucsb.edu/documents/address-before-joint-session-the-congress-the-state-the-union-5,Ronald Reagan,1985.0,0,0,0,0,0,0,0,0,0,"The sentence is a neutral factual statement without emotional, authoritative, polarizing, presumptive, exaggerated, or rhetorical framing."
excerpts-the-report-congressional-committees-investigating-the-iran-contra-affair-131,126,excerpts-the-report-congressional-committees-investigating-the-iran-contra-affair.txt,131,"This time, the President agreed to ship parts for Hawk missiles but only on condition that all the American hostages in Lebanon be released first.",https://www.presidency.ucsb.edu/documents/excerpts-the-report-congressional-committees-investigating-the-iran-contra-affair,U.S. Congress,1987.0,0,0,0,0,0,0,0,0,0,No explicit rhetorical devices present.
annual-message-the-congress-the-state-the-union-2-171,70,annual-message-the-congress-the-state-the-union-2.txt,171,"How we seize the opportunities I have described today will determine not only our future, but the future of peace and freedom in this world in the last third of the century.",https://www.presidency.ucsb.edu/documents/annual-message-the-congress-the-state-the-union-2,Richard Nixon,1970.0,0,0,0,1,1,1,0,0,1,"It asserts a sweeping, unsubstantiated claim that seizing opportunities will decide global peace, implying exaggeration and presumption while framing the issue."
fifth-annual-message-6-62,128,fifth-annual-message-6.txt,62,"But there would be no aggression in that; and such a situation, inevitable because of distrust, would in the very nature of things sooner or later cure itself, by processes which would assuredly set in.",https://www.presidency.ucsb.edu/documents/fifth-annual-message-6,Woodrow Wilson,1917.0,0,0,0,1,0,0,0,0,0,The sentence presents the situation curing itself as a fact without supporting evidence.
inaugural-address-13-87,157,inaugural-address-13.txt,87,"When the Declaration of Independence was first read in public and the Liberty Bell was sounded in celebration, a witness said, ""It rang as if it meant something."" In our time, it means something still.",https://www.presidency.ucsb.edu/documents/inaugural-address-13,George W. Bush,2005.0,0,0,0,1,0,1,0,0,1,The sentence asserts a claim without argument and uses a metaphor.
prime-ministers-remarks-canadas-evolving-response-covid-19-36,253,prime-ministers-remarks-canadas-evolving-response-covid-19.txt,36,"We will have additional measures to announce as early as tomorrow to support Canadians, particularly our most vulnerable.",https://www.pm.gc.ca/en/news/speeches/2020/03/16/prime-ministers-remarks-canadas-evolving-response-covid-19,,2020.0,1,0,0,0,0,1,1,0,1,Compassionate language evokes emotion and frames the policy as supportive.
address-prime-minister-justin-trudeau-commemorating-100th-anniversary-21,47,address-prime-minister-justin-trudeau-commemorating-100th-anniversary.txt,21,"Friends and honoured guests, let us hold to the grace of William Henry Bell.",https://www.pm.gc.ca/en/news/speeches/2017/04/09/address-prime-minister-justin-trudeau-commemorating-100th-anniversary,,2017.0,0,0,0,0,0,1,0,0,1,The phrase 'hold to the grace' uses metaphorical framing.
minister-narayan-ai-speech-at-founders-forum-108,189,minister-narayan-ai-speech-at-founders-forum.txt,108,"In 1981, British startup Acorn Computers won the hardware contract for BBC Micro, the BBC’s computer literacy programme.",https://www.gov.uk/government/speeches/minister-narayan-ai-speech-at-founders-forum,Kanishka Narayan MP,,0,0,0,0,0,0,0,0,0,The sentence is a neutral factual statement with no rhetorical devices.
annual-message-the-congress-the-state-the-union-28-128,76,annual-message-the-congress-the-state-the-union-28.txt,128,And I will support--with all the constitutional powers the President possesses--our Nation's law enforcement officials in their attempt to control the crime and the violence that tear the fabric of our communities.,https://www.presidency.ucsb.edu/documents/annual-message-the-congress-the-state-the-union-28,Lyndon B. Johnson,1967.0,1,1,0,0,0,1,1,1,1,"The sentence uses emotive language, cites authority, and employs a metaphor."
address-before-joint-session-the-congress-the-state-the-union-4-33,38,address-before-joint-session-the-congress-the-state-the-union-4.txt,33,More people are drawing paychecks tonight than ever before.,https://www.presidency.ucsb.edu/documents/address-before-joint-session-the-congress-the-state-the-union-4,Ronald Reagan,1984.0,0,0,0,0,0,1,0,0,1,The phrase 'drawing paychecks' is a metaphorical framing.
speech-prime-minister-justin-trudeau-ronald-reagan-presidential-library-103,341,speech-prime-minister-justin-trudeau-ronald-reagan-presidential-library.txt,103,"We defeated the fascists in the Second World War, side by side.",https://www.pm.gc.ca/en/news/speeches/2018/02/09/speech-prime-minister-justin-trudeau-ronald-reagan-presidential-library,,2018.0,1,0,1,1,0,1,1,0,1,"The sentence uses a strong us‑vs‑them claim, presumes victory, and frames unity, but lacks authority references or exaggeration."
address-before-joint-session-the-congress-the-state-the-union-23-69,29,address-before-joint-session-the-congress-the-state-the-union-23.txt,69,"With a new national commitment, our scientists and engineers will overcome obstacles to taking these cars from laboratory to showroom, so that the first car driven by a child born today could be powered by hydrogen and pollution-free.",https://www.presidency.ucsb.edu/documents/address-before-joint-session-the-congress-the-state-the-union-23,George W. Bush,2003.0,0,1,0,0,0,1,0,1,1,"The sentence uses a national commitment and scientists/engineers as authority, and frames progress with a laboratory-to-showroom metaphor."
prime-minister-justin-trudeaus-pipeline-announcement-53,234,prime-minister-justin-trudeaus-pipeline-announcement.txt,53,"Now, I have heard and listened very carefully to the many diverse perspectives that exist in BC on this project.",https://www.pm.gc.ca/en/news/speeches/2016/11/29/prime-minister-justin-trudeaus-pipeline-announcement,,2016.0,0,0,0,0,0,0,0,0,0,"The sentence is a neutral statement of listening, with no emotional, authoritative, polarizing, presumptive, exaggerated, or rhetorical framing."
address-before-joint-session-the-congress-the-state-the-union-10-117,15,address-before-joint-session-the-congress-the-state-the-union-10.txt,117,"This expanded earned-income tax credit is now worth about $1,800 a year to a family of four living on $20,000.",https://www.presidency.ucsb.edu/documents/address-before-joint-session-the-congress-the-state-the-union-10,William J. Clinton,1996.0,0,0,0,0,0,0,0,0,0,"The sentence presents a factual statement without emotional, authoritative, polarizing, presumptive, exaggerated, or rhetorical framing."
address-before-joint-session-the-congress-the-state-the-union-7-92,41,address-before-joint-session-the-congress-the-state-the-union-7.txt,92,The previous actions of this Congress have already made 2 years of college affordable for all.,https://www.presidency.ucsb.edu/documents/address-before-joint-session-the-congress-the-state-the-union-7,William J. Clinton,2000.0,0,1,0,1,0,0,0,1,0,"The sentence cites Congress as authority and presents a claim as fact without evidence, but lacks emotional language, polarization, exaggeration, or rhetorical framing."
sir-martyn-olivers-speech-at-the-sixth-form-colleges-association-28,336,sir-martyn-olivers-speech-at-the-sixth-form-colleges-association.txt,28,"The old system, with its single overall judgement, it could obscure as much as it revealed.",https://www.gov.uk/government/speeches/sir-martyn-olivers-speech-at-the-sixth-form-colleges-association,Sir Martyn Oliver,,0,0,0,1,0,1,0,0,1,The sentence presents an unsubstantiated claim and uses a metaphorical framing.
first-annual-message-18-10,131,first-annual-message-18.txt,10,"There is only one possible standard by which to determine controversies between the United States and other nations, and that is com- pounded of these two elements: Our own honor and our obligations to the peace of the world.",https://www.presidency.ucsb.edu/documents/first-annual-message-18,Woodrow Wilson,1913.0,0,0,0,1,0,1,0,0,1,The sentence presents a single standard as fact and frames controversies in moral terms.
martyn-olivers-speech-at-the-livery-education-conference-2026-16,183,martyn-olivers-speech-at-the-livery-education-conference-2026.txt,16,And there is a persistent attainment gap between disadvantaged and non-disadvantaged pupils.,https://www.gov.uk/government/speeches/martyn-olivers-speech-at-the-livery-education-conference-2026,Sir Martyn Oliver,,0,0,1,1,0,0,0,0,0,"The sentence presents a factual claim about a gap between two groups without argument, indicating presumption and polarization."
address-before-joint-session-the-congress-the-state-the-union-6-240,40,address-before-joint-session-the-congress-the-state-the-union-6.txt,240,"Working with Congress, I am committed to help them rebuild.",https://www.presidency.ucsb.edu/documents/address-before-joint-session-the-congress-the-state-the-union-6,William J. Clinton,1999.0,0,1,0,0,0,0,0,1,0,"The sentence explicitly references Congress, an authority, to legitimize the claim."
address-before-joint-session-the-congress-the-state-the-union-8-54,42,address-before-joint-session-the-congress-the-state-the-union-8.txt,54,Families all over America now can put their savings into new tax-free education IRA's.,https://www.presidency.ucsb.edu/documents/address-before-joint-session-the-congress-the-state-the-union-8,William J. Clinton,1998.0,0,0,0,0,0,0,0,0,0,"The sentence is a neutral factual statement without emotional, authoritative, polarizing, presumptive, exaggerated, or rhetorical framing."
third-annual-message-19-82,373,third-annual-message-19.txt,82,It is high time we repaired our mistake and resumed our commercial independence on the seas.,https://www.presidency.ucsb.edu/documents/third-annual-message-19,Woodrow Wilson,1915.0,0,0,0,1,0,1,0,0,1,The sentence presumes a mistake and frames independence.
secretary-of-state-statement-to-the-house-of-commons-20-january-9,331,secretary-of-state-statement-to-the-house-of-commons-20-january.txt,9,"8 days ago, in response to the abhorrent – and illegal – spreading of sexualised deepfake images of women and children without their consent, by Grok, I said we would uphold British values and British laws.",https://www.gov.uk/government/speeches/secretary-of-state-statement-to-the-house-of-commons-20-january,The Rt Hon Liz Kendall MP,,1,1,1,1,0,1,1,1,1,"The sentence uses strong negative language, references laws, frames a us‑vs‑them stance, and presents claims as facts."
diversity-canadas-strength-65,114,diversity-canadas-strength.txt,65,"In other words, middle class growth is much more than an economic imperative—it’s central to our unity as a nation.",https://www.pm.gc.ca/en/news/speeches/2015/11/26/diversity-canadas-strength,,2015.0,1,0,0,1,1,1,1,0,1,"It uses patriotic language, presents an unquestioned claim, and frames growth as essential to national unity."
annual-message-the-congress-the-state-the-union-16-34,67,annual-message-the-congress-the-state-the-union-16.txt,34,"All the devoted work that has gone into the Schuman plan, the European Army, and the Strasbourg Conference has testified to their vision and determination.",https://www.presidency.ucsb.edu/documents/annual-message-the-congress-the-state-the-union-16,Dwight D. Eisenhower,1953.0,0,0,0,0,0,1,0,0,1,"The sentence frames work as testimony, a metaphorical rhetorical device."
excerpts-the-report-congressional-committees-investigating-the-iran-contra-affair-349,126,excerpts-the-report-congressional-committees-investigating-the-iran-contra-affair.txt,349,"It contributed to, and cooperated with, the Tower Board.",https://www.presidency.ucsb.edu/documents/excerpts-the-report-congressional-committees-investigating-the-iran-contra-affair,U.S. Congress,1987.0,0,0,0,0,0,0,0,0,0,The sentence is a neutral factual statement with no rhetorical devices.
statement-apology-behalf-government-canada-passengers-ms-st-louis-92,345,statement-apology-behalf-government-canada-passengers-ms-st-louis.txt,92,"At home, they furthered the great Canadian causes that shaped this country – causes that benefitted all Canadians.",https://www.pm.gc.ca/en/news/speeches/2018/11/07/statement-apology-behalf-government-canada-passengers-ms-st-louis,,2018.0,1,0,0,1,1,1,1,0,1,"It uses patriotic language, assumes universal benefit, and overstates that all Canadians benefited."
minister-for-the-middle-east-statement-regional-update-62,184,minister-for-the-middle-east-statement-regional-update.txt,62,"continue to play a leading role in creating the frameworks for lasting peace, pushing for humanitarian access in support of those desperately in need and supporting reconstruction for those communities affected by conflict in the region.",https://www.gov.uk/government/speeches/minister-for-the-middle-east-statement-regional-update,Hamish Falconer MP,,1,0,0,0,0,1,1,0,1,The sentence uses emotive language and frames actions in peace‑building terms.
prime-ministers-remarks-support-businesses-and-students-affected-covid-19-59,272,prime-ministers-remarks-support-businesses-and-students-affected-covid-19.txt,59,"And when you do, remember to keep two metres from those around you.",https://www.pm.gc.ca/en/news/speeches/2020/04/08/prime-ministers-remarks-support-businesses-and-students-affected-covid-19,,2020.0,0,0,0,0,0,0,0,0,0,The sentence is a neutral instruction without rhetorical devices.
annual-message-the-congress-the-state-the-union-12-31,63,annual-message-the-congress-the-state-the-union-12.txt,31,"To protect our nations and our peoples from the catastrophe of a nuclear holocaust, free nations must maintain countervailing military power to persuade the Communists of the futility of seeking their ends through aggression.",https://www.presidency.ucsb.edu/documents/annual-message-the-congress-the-state-the-union-12,Dwight D. Eisenhower,1955.0,1,0,1,1,0,1,1,0,1,"The sentence evokes fear, frames a clear us‑vs‑them dichotomy, presumes necessity, and uses strategic framing."
secretary-of-states-keynote-institute-for-government-speech-13,333,secretary-of-states-keynote-institute-for-government-speech.txt,13,"The failure in this area has led to disaffection, cynicism and ultimately the rise of populists.",https://www.gov.uk/government/speeches/secretary-of-states-keynote-institute-for-government-speech,The Rt Hon Wes Streeting MP,,0,0,0,1,0,1,0,0,1,"The sentence assumes the causal claim as fact and frames it as a narrative chain, but contains no explicit emotional or authority appeals."
government-response-to-parliamentary-and-health-service-ombudsman-phso-report-31,141,government-response-to-parliamentary-and-health-service-ombudsman-phso-report.txt,31,For the DWP to set up a scheme and invite 3.5 million women to set out their detailed personal circumstances would take thousands of staff years to process.,https://www.gov.uk/government/speeches/government-response-to-parliamentary-and-health-service-ombudsman-phso-report,The Rt Hon Liz Kendall MP,,0,0,0,0,0,1,0,0,1,"The sentence uses a metaphorical framing of workload but no emotional, authority, polarization, presumption, or exaggeration."
annual-message-the-congress-the-state-the-union-17-161,68,annual-message-the-congress-the-state-the-union-17.txt,161,Congress has a tremendous responsibility in this matter.,https://www.presidency.ucsb.edu/documents/annual-message-the-congress-the-state-the-union-17,Harry S Truman,1952.0,0,1,0,0,0,0,0,1,0,Sentence references Congress as an authority but contains no other rhetorical devices.
upr51-uk-statement-on-lebanon-2,383,upr51-uk-statement-on-lebanon.txt,2,"We commend the government’s steps to resume the 2020 Beirut Explosion investigation, establish the state’s monopoly on arms, and launch the National Human Rights Plan.",https://www.gov.uk/government/speeches/upr51-uk-statement-on-lebanon,Eleanor Sanders,,0,1,0,1,0,1,0,1,1,"The sentence praises government actions, citing authority and presuming their benefit, but lacks strong emotion, polarization, or exaggeration, while using framing terms."
annual-message-the-congress-the-state-the-union-5-33,81,annual-message-the-congress-the-state-the-union-5.txt,33,"Economic prophecy is at best an uncertain art--as demonstrated by the prediction one year ago from this same podium that 1960 would be, and I quote, ""the most prosperous year in our history."" Nevertheless, forecasts of continued slack and only slightly reduced unemployment through 1961 and 1962 have been made with alarming unanimity-and this Administration does not intend to stand helplessly by.",https://www.presidency.ucsb.edu/documents/annual-message-the-congress-the-state-the-union-5,John F. Kennedy,1961.0,1,1,0,0,0,1,1,1,1,"The sentence uses emotional language, cites authority, and employs metaphorical framing."
prime-minister-trudeaus-address-yom-kippur-8,238,prime-minister-trudeaus-address-yom-kippur.txt,8,"As former President and Prime Minister of Israel, Shimon Peres was a beacon of light amidst conflict.",https://www.pm.gc.ca/en/news/speeches/2016/10/11/prime-minister-trudeaus-address-yom-kippur,,2019.0,1,1,0,0,0,1,1,1,1,The sentence uses a positive metaphor and references Peres’s official titles.
excerpts-the-report-congressional-committees-investigating-the-iran-contra-affair-271,126,excerpts-the-report-congressional-committees-investigating-the-iran-contra-affair.txt,271,His close relationship with North was attested to by several witnesses.,https://www.presidency.ucsb.edu/documents/excerpts-the-report-congressional-committees-investigating-the-iran-contra-affair,U.S. Congress,1987.0,0,1,0,0,0,0,0,1,0,"The sentence cites witnesses as evidence, indicating an authority appeal."
secretary-of-states-keynote-institute-for-government-speech-78,333,secretary-of-states-keynote-institute-for-government-speech.txt,78,No more hiding behind process when outcomes are poor.,https://www.gov.uk/government/speeches/secretary-of-states-keynote-institute-for-government-speech,The Rt Hon Wes Streeting MP,,0,0,0,0,0,1,0,0,1,The phrase 'hiding behind process' is a metaphorical framing.
prime-minister-justin-trudeaus-speech-assembly-first-nations-special-57,235,prime-minister-justin-trudeaus-speech-assembly-first-nations-special.txt,57,"All of us gathered in this room today must never allow Canadians, including Indigenous Peoples, to think or believe that reconciliation can’t or won’t work.",https://www.pm.gc.ca/en/news/speeches/2016/12/06/prime-minister-justin-trudeaus-speech-assembly-first-nations-special,,2016.0,0,0,1,1,0,1,0,0,1,It frames a group vs another and presumes reconciliation can work.
address-before-joint-session-the-congress-the-state-the-union-5-111,39,address-before-joint-session-the-congress-the-state-the-union-5.txt,111,"Now, there's another great heritage to speak of this evening.",https://www.presidency.ucsb.edu/documents/address-before-joint-session-the-congress-the-state-the-union-5,Ronald Reagan,1985.0,0,0,0,0,0,0,0,0,0,The sentence is a neutral statement without rhetorical devices.
second-annual-message-19-7,326,second-annual-message-19.txt,7,"In it every honest man, every man who believes that the public interest is part of his own interest, may walk with perfect confidence.",https://www.presidency.ucsb.edu/documents/second-annual-message-19,Woodrow Wilson,1914.0,0,0,0,1,0,1,0,0,1,"It presumes all honest men can confidently act, using a confidence metaphor."
annual-message-the-congress-the-state-the-union-19-24,69,annual-message-the-congress-the-state-the-union-19.txt,24,The free nations do not have any aggressive purpose.,https://www.presidency.ucsb.edu/documents/annual-message-the-congress-the-state-the-union-19,Harry S Truman,1951.0,0,0,0,1,1,1,0,0,1,"The sentence makes an absolute claim about free nations, implying a blanket statement."
prime-ministers-remarks-thanking-workers-and-all-canadians-helping-their-14,275,prime-ministers-remarks-thanking-workers-and-all-canadians-helping-their.txt,14,But one thing that should give us all hope is the way we’ve come together as a country.,https://www.pm.gc.ca/en/news/speeches/2020/04/05/prime-ministers-remarks-thanking-workers-and-all-canadians-helping-their,,2020.0,1,0,0,0,0,1,1,0,1,The sentence evokes hope and frames national unity as a source of optimism.
pm-remarks-lunar-gateway-3,207,pm-remarks-lunar-gateway.txt,3,"I’d like to start by thanking the President of the Agency, Sylvain Laporte, for welcoming me.",https://www.pm.gc.ca/en/news/speeches/2019/02/27/pm-remarks-lunar-gateway,,2019.0,0,0,0,0,0,0,0,0,0,"The sentence is a simple expression of gratitude without emotional, authoritative, or rhetorical framing."
sir-martyn-olivers-speech-at-the-sixth-form-colleges-association-11,336,sir-martyn-olivers-speech-at-the-sixth-form-colleges-association.txt,11,New report cards That journey of reform took us through a fundamental review of our inspection framework.,https://www.gov.uk/government/speeches/sir-martyn-olivers-speech-at-the-sixth-form-colleges-association,Sir Martyn Oliver,,0,0,0,0,0,1,0,0,1,The phrase 'journey of reform' uses a metaphorical framing.
address-before-joint-session-the-congress-the-state-the-union-3-204,36,address-before-joint-session-the-congress-the-state-the-union-3.txt,204,"A very wise man, Bernard Baruch, once said that America has never forgotten the nobler things that brought her into being and that light her path.",https://www.presidency.ucsb.edu/documents/address-before-joint-session-the-congress-the-state-the-union-3,Ronald Reagan,1983.0,0,1,0,1,1,1,0,1,1,"The sentence cites an authority and uses metaphorical framing, but lacks strong emotional language or polarization; it presents a claim as fact and hyperbolically states America never forgot its noble origins."
annual-message-the-congress-the-state-the-union-6-69,82,annual-message-the-congress-the-state-the-union-6.txt,69,"All of us must realize, of course, that development in freedom by the newly emerging nations, is no mere matter of obtaining outside financial assistance.",https://www.presidency.ucsb.edu/documents/annual-message-the-congress-the-state-the-union-6,Dwight D. Eisenhower,1960.0,0,0,0,1,0,1,0,0,1,The sentence presumes the claim as obvious and frames freedom development beyond financial aid.
address-before-joint-session-the-congress-the-state-the-union-1-165,14,address-before-joint-session-the-congress-the-state-the-union-1.txt,165,"Yes, the United States bears a major share of leadership in this effort.",https://www.presidency.ucsb.edu/documents/address-before-joint-session-the-congress-the-state-the-union-1,George Bush,1991.0,0,0,0,1,0,0,0,0,0,"The sentence presents a claim as fact without evidence, implying presumption."
address-before-joint-session-the-congress-the-state-the-union-19-122,24,address-before-joint-session-the-congress-the-state-the-union-19.txt,122,"[ Laughter ] Now we've got to accelerate the transition away from old, dirtier energy sources.",https://www.presidency.ucsb.edu/documents/address-before-joint-session-the-congress-the-state-the-union-19,Barack Obama,2016.0,0,0,0,1,0,1,0,0,1,It assumes accelerating the shift is necessary and frames it as a transition away from dirty energy.
annual-message-the-congress-the-state-the-union-20-90,71,annual-message-the-congress-the-state-the-union-20.txt,90,"Over the last 50 years, the ideals of liberty and equal opportunity to which this Nation is dedicated have been increasingly realized in the lives of our people.",https://www.presidency.ucsb.edu/documents/annual-message-the-congress-the-state-the-union-20,Harry S Truman,1950.0,0,0,0,0,0,1,0,0,1,"The sentence frames national progress toward ideals, using narrative framing."
the-uk-stands-firm-in-our-support-for-the-institutions-which-defend-and-advance-the-international-rule-of-law-uk-statement-at-the-un-security-council-3,365,the-uk-stands-firm-in-our-support-for-the-institutions-which-defend-and-advance-the-international-rule-of-law-uk-statement-at-the-un-security-council.txt,3,It is the bedrock of stable democratic societies and prosperous economies.,https://www.gov.uk/government/speeches/the-uk-stands-firm-in-our-support-for-the-institutions-which-defend-and-advance-the-international-rule-of-law-uk-statement-at-the-un-security-council,James Kariuki CMG,,0,0,0,1,0,1,0,0,1,It presents an unquestioned claim with a metaphorical framing.
address-prime-minister-justin-trudeau-st-matthews-day-banquet-hamburg-64,49,address-prime-minister-justin-trudeau-st-matthews-day-banquet-hamburg.txt,64,"In fact, I’ve spent the last month and a half back at home on a cross-Canada tour.",https://www.pm.gc.ca/en/news/speeches/2017/02/17/address-prime-minister-justin-trudeau-st-matthews-day-banquet-hamburg,,2017.0,0,0,0,0,0,0,0,0,0,"The sentence is a straightforward factual statement with no emotional, authoritative, polarizing, presumptive, exaggerated, or rhetorical framing."
prime-ministers-remarks-canadas-evolving-response-covid-19-16,253,prime-ministers-remarks-canadas-evolving-response-covid-19.txt,16,Canadian travellers will be able to get financial assistance to help them with the costs of returning home or temporarily covering their basic needs while they wait to come back to Canada.,https://www.pm.gc.ca/en/news/speeches/2020/03/16/prime-ministers-remarks-canadas-evolving-response-covid-19,,2020.0,0,0,0,0,0,0,0,0,0,"The sentence is a neutral factual statement with no emotional, authoritative, polarizing, presumptive, exaggerated, or framed language."
annual-message-congress-4-11,58,annual-message-congress-4.txt,11,It was your fine understanding of the national problem that furnished the example which the country has so splendidly followed.,https://www.presidency.ucsb.edu/documents/annual-message-congress-4,Franklin D. Roosevelt,1934.0,0,1,0,1,0,1,0,1,1,"It praises an expert’s insight and frames it as unquestionable, using positive language."
address-before-joint-session-the-congress-the-state-the-union-14-203,19,address-before-joint-session-the-congress-the-state-the-union-14.txt,203,"We have given them training and equipment, and they have given us an example of idealism and character that makes every American proud.",https://www.presidency.ucsb.edu/documents/address-before-joint-session-the-congress-the-state-the-union-14,George W. Bush,2005.0,,,,,,,,,,
address-before-joint-session-the-congress-the-state-the-union-17-73,22,address-before-joint-session-the-congress-the-state-the-union-17.txt,73,"While we're at it, let's also eliminate all capital gains taxes on small-business investment and provide a tax incentive for all large businesses and all small businesses to invest in new plants and equipment.",https://www.presidency.ucsb.edu/documents/address-before-joint-session-the-congress-the-state-the-union-17,Barack Obama,2010.0,,,,,,,,,,
address-before-joint-session-the-congress-the-state-the-union-133,44,address-before-joint-session-the-congress-the-state-the-union.txt,133,"They want to kill Americans, kill democracy in the Middle East, and gain the weapons to kill on an even more horrific scale.",https://www.presidency.ucsb.edu/documents/address-before-joint-session-the-congress-the-state-the-union,George W. Bush,2007.0,,,,,,,,,,
statement-apology-behalf-government-canada-inuit-management-tuberculosis-1,344,statement-apology-behalf-government-canada-inuit-management-tuberculosis.txt,1,"Go to the translated article March 8, 2019 Iqaluit, Nunavut CHECK AGAINST DELIVERY My friends, to know where we are, and where we’re going, we first have to know where we came from.",https://www.pm.gc.ca/en/news/speeches/2019/03/08/statement-apology-behalf-government-canada-inuit-management-tuberculosis,,2019.0,,,,,,,,,,
annual-message-the-congress-the-state-the-union-14-55,65,annual-message-the-congress-the-state-the-union-14.txt,55,"The fact is, however, that most of our people cannot afford to pay for the care they need.",https://www.presidency.ucsb.edu/documents/annual-message-the-congress-the-state-the-union-14,Harry S Truman,1948.0,,,,,,,,,,
annual-message-the-congress-the-state-the-union-13-66,64,annual-message-the-congress-the-state-the-union-13.txt,66,The free world can no longer afford the kinds of arbitrary restraints on trade that have continued ever since the war.,https://www.presidency.ucsb.edu/documents/annual-message-the-congress-the-state-the-union-13,Dwight D. Eisenhower,1954.0,,,,,,,,,,
annual-message-congress-1,60,annual-message-congress.txt,1,"Speaker, Members of the Senate and the Congress: In Reporting on the state of the nation, I have felt it necessary on previous occasions to advise the Congress of disturbance abroad and of the need of putting our own house in order in the face of storm signals from across the seas.",https://www.presidency.ucsb.edu/documents/annual-message-congress,Franklin D. Roosevelt,1939.0,,,,,,,,,,
prime-ministers-remarks-munich-security-conference-59,265,prime-ministers-remarks-munich-security-conference.txt,59,"And with France and 33 other countries, we’re supporting the Declaration on Information and Democracy, which commits countries to protect freedom of opinion and expression around the world.",https://www.pm.gc.ca/en/news/speeches/2020/02/14/prime-ministers-remarks-munich-security-conference,,2020.0,,,,,,,,,,
inaugural-address-64,168,inaugural-address.txt,64,And our great parties have too often been far apart and untrusting of each other.,https://www.presidency.ucsb.edu/documents/inaugural-address,George Bush,1989.0,,,,,,,,,,
address-before-joint-session-the-congress-the-state-the-union-29-98,35,address-before-joint-session-the-congress-the-state-the-union-29.txt,98,"No parent should have to drive by a McDonald's parking lot to help their—do their homework online with their kids, which many—thousands were doing across the country.",https://www.presidency.ucsb.edu/documents/address-before-joint-session-the-congress-the-state-the-union-29,"Joseph R. Biden, Jr.",2023.0,,,,,,,,,,
inaugural-address-30,168,inaugural-address.txt,30,"My friends, we are not the sum of our possessions.",https://www.presidency.ucsb.edu/documents/inaugural-address,George Bush,1989.0,,,,,,,,,,
annual-message-the-congress-the-state-the-union-20-161,71,annual-message-the-congress-the-state-the-union-20.txt,161,Important resource legislation which should be passed at this session includes the authorization of the St.,https://www.presidency.ucsb.edu/documents/annual-message-the-congress-the-state-the-union-20,Harry S Truman,1950.0,,,,,,,,,,
annual-message-congress-18,60,annual-message-congress.txt,18,"There comes a time in the affairs of men when they must prepare to defend, not their homes alone, but the tenets of faith and humanity on which their churches, their governments and their very civilization are founded.",https://www.presidency.ucsb.edu/documents/annual-message-congress,Franklin D. Roosevelt,1939.0,,,,,,,,,,
annual-message-the-congress-83,85,annual-message-the-congress.txt,83,We recognize that we must find an answer in terms of work and opportunity.,https://www.presidency.ucsb.edu/documents/annual-message-the-congress,Franklin D. Roosevelt,1940.0,,,,,,,,,,
secretary-of-states-address-to-2026-oxford-farming-conference-34,332,secretary-of-states-address-to-2026-oxford-farming-conference.txt,34,"I will chair this new Board with my excellent colleague, the Farming Minister, Angela Eagle, as my deputy.",https://www.gov.uk/government/speeches/secretary-of-states-address-to-2026-oxford-farming-conference,Emma Reynolds MP,,,,,,,,,,,
address-before-joint-session-the-congress-the-state-the-union-29-92,35,address-before-joint-session-the-congress-the-state-the-union-29.txt,92,"And while I was there, I met a young woman named Saria, who's here tonight.",https://www.presidency.ucsb.edu/documents/address-before-joint-session-the-congress-the-state-the-union-29,"Joseph R. Biden, Jr.",2023.0,,,,,,,,,,
address-before-joint-session-the-congress-reporting-the-state-the-union-2-106,11,address-before-joint-session-the-congress-reporting-the-state-the-union-2.txt,106,"Now that the essentials of that program are in place, our next major undertaking must be a program—just as bold, just as innovative—to make government again accountable to the people, to make our system of federalism work again.",https://www.presidency.ucsb.edu/documents/address-before-joint-session-the-congress-reporting-the-state-the-union-2,Ronald Reagan,1982.0,,,,,,,,,,
annual-message-the-congress-the-state-the-union-16-282,67,annual-message-the-congress-the-state-the-union-16.txt,282,"Our school system demands some prompt, effective help.",https://www.presidency.ucsb.edu/documents/annual-message-the-congress-the-state-the-union-16,Dwight D. Eisenhower,1953.0,,,,,,,,,,
address-before-joint-session-the-congress-the-state-the-union-30-285,37,address-before-joint-session-the-congress-the-state-the-union-30.txt,285,"We heard their message so everyone in this room, in this Chamber could hear the same message.",https://www.presidency.ucsb.edu/documents/address-before-joint-session-the-congress-the-state-the-union-30,"Joseph R. Biden, Jr.",2024.0,,,,,,,,,,
inaugural-address-51-27,164,inaugural-address-51.txt,27,We must do what no generation has had to do before.,https://www.presidency.ucsb.edu/documents/inaugural-address-51,William J. Clinton,1993.0,,,,,,,,,,
address-before-joint-session-the-congress-the-state-the-union-22-164,28,address-before-joint-session-the-congress-the-state-the-union-22.txt,164,"No nation owns these aspirations, and no nation is exempt from them.",https://www.presidency.ucsb.edu/documents/address-before-joint-session-the-congress-the-state-the-union-22,George W. Bush,2002.0,,,,,,,,,,
annual-message-congress-the-state-the-union-four-freedoms-speech-105,59,annual-message-congress-the-state-the-union-four-freedoms-speech.txt,105,"Those things have toughened the fibre of our people, have renewed their faith and strengthened their devotion to the institutions we make ready to protect.",https://www.presidency.ucsb.edu/documents/annual-message-congress-the-state-the-union-four-freedoms-speech,Franklin D. Roosevelt,1941.0,,,,,,,,,,
prime-minister-justin-trudeau-announces-oceans-protection-plan-38,226,prime-minister-justin-trudeau-announces-oceans-protection-plan.txt,38,"In that same vein, we will introduce new legislation to increase vessel owner responsibility and liability for abandoned and wrecked vessels.",https://www.pm.gc.ca/en/news/speeches/2016/11/07/prime-minister-justin-trudeau-announces-oceans-protection-plan,,2016.0,,,,,,,,,,
address-before-joint-session-congress-the-state-the-union-2-207,5,address-before-joint-session-congress-the-state-the-union-2.txt,207,America will continue to lead the effort to prevent the spread of the world's most dangerous weapons.,https://www.presidency.ucsb.edu/documents/address-before-joint-session-congress-the-state-the-union-2,Barack Obama,2013.0,,,,,,,,,,
core-group-statement-for-the-interactive-dialogue-on-the-oral-update-of-the-ohchr-on-the-human-rights-situation-in-the-sudan-6,102,core-group-statement-for-the-interactive-dialogue-on-the-oral-update-of-the-ohchr-on-the-human-rights-situation-in-the-sudan.txt,6,"UN teams have encountered landmines and unexploded ordnance, severely restricting movement and rendering neighbourhoods unsafe.",https://www.gov.uk/government/speeches/core-group-statement-for-the-interactive-dialogue-on-the-oral-update-of-the-ohchr-on-the-human-rights-situation-in-the-sudan,Eleanor Sanders,,,,,,,,,,,
remarks-prime-minister-house-commons-recognition-and-implementation-rights-51,311,remarks-prime-minister-house-commons-recognition-and-implementation-rights.txt,51,"To guide the work of decolonizing Canadian laws and policies, we adopted principles respecting Canada’s relationship with Indigenous Peoples.",https://www.pm.gc.ca/en/news/speeches/2018/02/14/remarks-prime-minister-house-commons-recognition-and-implementation-rights,,2018.0,,,,,,,,,,
annual-message-the-congress-the-state-the-union-29-28,77,annual-message-the-congress-the-state-the-union-29.txt,28,Now the nations of the Middle East have the opportunity to cooperate with Ambassador Jarring's U.N.,https://www.presidency.ucsb.edu/documents/annual-message-the-congress-the-state-the-union-29,Lyndon B. Johnson,1968.0,,,,,,,,,,
prime-ministers-remarks-canada-emergency-response-benefit-and-additional-27,251,prime-ministers-remarks-canada-emergency-response-benefit-and-additional.txt,27,"This is to help you if you’re a gig worker, a contract worker, or a volunteer firefighter.",https://www.pm.gc.ca/en/news/speeches/2020/04/06/prime-ministers-remarks-canada-emergency-response-benefit-and-additional,,2020.0,,,,,,,,,,
prime-ministers-remarks-canada-china-business-council-during-official-49,250,prime-ministers-remarks-canada-china-business-council-during-official.txt,49,"But I also know that your work is easier when there is commitment at the highest level to building and nurturing strong, stable, long-term relationships between governments, and that's exactly what we're here to do.",https://www.pm.gc.ca/en/news/speeches/2016/09/01/prime-ministers-remarks-canada-china-business-council-during-official,,2016.0,,,,,,,,,,
address-before-joint-session-the-congress-the-state-the-union-12-135,17,address-before-joint-session-the-congress-the-state-the-union-12.txt,135,Tell it to the 58 million Americans who have no coverage at all for some time each year.,https://www.presidency.ucsb.edu/documents/address-before-joint-session-the-congress-the-state-the-union-12,William J. Clinton,1994.0,,,,,,,,,,
address-before-joint-session-congress-the-state-the-union-2-36,5,address-before-joint-session-congress-the-state-the-union-2.txt,36,We'll reduce taxpayer subsidies to prescription drug companies and ask more from the wealthiest seniors.,https://www.presidency.ucsb.edu/documents/address-before-joint-session-congress-the-state-the-union-2,Barack Obama,2013.0,,,,,,,,,,
prime-minister-justin-trudeaus-address-72th-session-united-nations-general-105,232,prime-minister-justin-trudeaus-address-72th-session-united-nations-general.txt,105,"We have a chance to build in Canada – and in fact, all around the world – economies that are clean, that are growing, that are forward-looking.",https://www.pm.gc.ca/en/news/speeches/2017/09/21/prime-minister-justin-trudeaus-address-72th-session-united-nations-general,,2017.0,,,,,,,,,,
secretary-of-states-keynote-institute-for-government-speech-87,333,secretary-of-states-keynote-institute-for-government-speech.txt,87,The result was more than 200 kids free of sore throats and tonsilitis that kept them out of school and forced their parent to take days off to look after them.,https://www.gov.uk/government/speeches/secretary-of-states-keynote-institute-for-government-speech,The Rt Hon Wes Streeting MP,,,,,,,,,,,
address-before-joint-session-the-congress-the-state-the-union-25-221,31,address-before-joint-session-the-congress-the-state-the-union-25.txt,221,But no regime has oppressed its own citizens more totally or brutally than the cruel dictatorship in North Korea.,https://www.presidency.ucsb.edu/documents/address-before-joint-session-the-congress-the-state-the-union-25,Donald J. Trump (1st Term),2018.0,,,,,,,,,,
annual-message-the-congress-the-state-the-union-20-54,71,annual-message-the-congress-the-state-the-union-20.txt,54,We believe that this organization can ultimately provide the framework of international law and morality without which mankind cannot survive.,https://www.presidency.ucsb.edu/documents/annual-message-the-congress-the-state-the-union-20,Harry S Truman,1950.0,,,,,,,,,,
annual-message-the-congress-the-state-the-union-1-64,61,annual-message-the-congress-the-state-the-union-1.txt,64,Now it is time we became the healthiest nation in the world.,https://www.presidency.ucsb.edu/documents/annual-message-the-congress-the-state-the-union-1,Richard Nixon,1971.0,,,,,,,,,,
fourth-annual-address-congress-37,138,fourth-annual-address-congress.txt,37,"Gentlemen of the Senate and Gentlemen of the House of Representatives: As one of the grand community of nations, our attention is irresistibly drawn to the important scenes which surround us.",https://www.presidency.ucsb.edu/documents/fourth-annual-address-congress,John Adams,,,,,,,,,,,
sir-martyn-olivers-speech-at-the-sixth-form-colleges-association-66,336,sir-martyn-olivers-speech-at-the-sixth-form-colleges-association.txt,66,"Because I know that if Ofsted does not do its job with rigour, then we fail in our duty to the next generation.",https://www.gov.uk/government/speeches/sir-martyn-olivers-speech-at-the-sixth-form-colleges-association,Sir Martyn Oliver,,,,,,,,,,,
inaugural-address-51-4,164,inaugural-address-51.txt,4,"Though we marched to the music of our time, our mission is timeless.",https://www.presidency.ucsb.edu/documents/inaugural-address-51,William J. Clinton,1993.0,,,,,,,,,,
address-before-joint-session-the-congress-the-state-the-union-4-129,38,address-before-joint-session-the-congress-the-state-the-union-4.txt,129,Companies interested in putting payloads into space must have ready access to private sector launch services.,https://www.presidency.ucsb.edu/documents/address-before-joint-session-the-congress-the-state-the-union-4,Ronald Reagan,1984.0,,,,,,,,,,
inaugural-address-15-1,159,inaugural-address-15.txt,1,"Chief Justice, Members of the United States Congress, distinguished guests, and fellow citizens: Each time we gather to inaugurate a President we bear witness to the enduring strength of our Constitution.",https://www.presidency.ucsb.edu/documents/inaugural-address-15,Barack Obama,2013.0,,,,,,,,,,
osce-chair-in-office-presents-priorities-for-2026-uk-statement-to-the-osce-11,200,osce-chair-in-office-presents-priorities-for-2026-uk-statement-to-the-osce.txt,11,We will continue to use this organisation to hold Russia to account for its increasingly malign and reckless activities across our continent targeting many of the participating States represented in this room.,https://www.gov.uk/government/speeches/osce-chair-in-office-presents-priorities-for-2026-uk-statement-to-the-osce,Neil Holland,,,,,,,,,,,
pm-remarks-lunar-gateway-87,207,pm-remarks-lunar-gateway.txt,87,"In 1962, we set out to reach a new frontier, like we had done so many times before.",https://www.pm.gc.ca/en/news/speeches/2019/02/27/pm-remarks-lunar-gateway,,2019.0,,,,,,,,,,
annual-message-the-congress-the-state-the-union-5-135,81,annual-message-the-congress-the-state-the-union-5.txt,135,And I have asked the Director of this Program to recommend additional ways in which these surpluses can advance the interests of world peace--including the establishment of world food reserves.,https://www.presidency.ucsb.edu/documents/annual-message-the-congress-the-state-the-union-5,John F. Kennedy,1961.0,,,,,,,,,,
inaugural-address-5-17,163,inaugural-address-5.txt,17,"On this day, we gather because we have chosen hope over fear, unity of purpose over conflict and discord.",https://www.presidency.ucsb.edu/documents/inaugural-address-5,Barack Obama,2009.0,,,,,,,,,,
george-bradshaw-address-2026-9,140,george-bradshaw-address-2026.txt,9,I’m obviously not saying there hasn’t been any progress in that time.,https://www.gov.uk/government/speeches/george-bradshaw-address-2026,The Rt Hon Heidi Alexander MP,,,,,,,,,,,
address-before-joint-session-the-congress-the-state-the-union-15-251,20,address-before-joint-session-the-congress-the-state-the-union-15.txt,251,"That's why I've asked this Congress to grant me the authority to consolidate the Federal bureaucracy so that our Government is leaner, quicker, and more responsive to the needs of the American people.",https://www.presidency.ucsb.edu/documents/address-before-joint-session-the-congress-the-state-the-union-15,Barack Obama,2012.0,,,,,,,,,,
prime-ministers-remarks-fatal-plane-crash-iran-13,257,prime-ministers-remarks-fatal-plane-crash-iran.txt,13,"Minister Champagne has spoken with the Government of Ukraine, the authorities involved and a number of our partners.",https://www.pm.gc.ca/en/news/speeches/2020/01/08/prime-ministers-remarks-fatal-plane-crash-iran,,2020.0,,,,,,,,,,
prime-ministers-remarks-workers-and-business-owners-facing-challenges-due-34,288,prime-ministers-remarks-workers-and-business-owners-facing-challenges-due.txt,34,We are in this together and that’s why our government is stepping up to help all employers keep their employees.,https://www.pm.gc.ca/en/news/speeches/2020/03/30/prime-ministers-remarks-workers-and-business-owners-facing-challenges-due,,2020.0,,,,,,,,,,
annual-message-the-congress-the-state-the-union-5-76,81,annual-message-the-congress-the-state-the-union-5.txt,76,Morality in private business has not been sufficiently spurred by morality in public business.,https://www.presidency.ucsb.edu/documents/annual-message-the-congress-the-state-the-union-5,John F. Kennedy,1961.0,,,,,,,,,,
prime-ministers-speech-french-national-assembly-20,291,prime-ministers-speech-french-national-assembly.txt,20,"France is called to consider its role within the European Union and, consequently, the world order.",https://www.pm.gc.ca/en/news/speeches/2018/04/17/prime-ministers-speech-french-national-assembly,,2018.0,,,,,,,,,,
annual-message-the-congress-the-state-the-union-15-80,66,annual-message-the-congress-the-state-the-union-15.txt,80,"A third practice that should be corrected is the use of economic force, by either labor or management, to decide issues arising out of the interpretation of existing contracts.",https://www.presidency.ucsb.edu/documents/annual-message-the-congress-the-state-the-union-15,Harry S Truman,1947.0,,,,,,,,,,
fourth-annual-address-congress-0-17,137,fourth-annual-address-congress-0.txt,17,"A large proportion of the troops authorized to be raised have been recruited, though the number is still incomplete, and pains have been taken to discipline and put them in condition for the particular kind of service to be performed.",https://www.presidency.ucsb.edu/documents/fourth-annual-address-congress-0,George Washington,,,,,,,,,,,
annual-message-the-congress-the-state-the-union-15-76,66,annual-message-the-congress-the-state-the-union-15.txt,76,"For example, boycotts intended to protect wage rates and working conditions should be distinguished from those in furtherance of jurisdictional disputes.",https://www.presidency.ucsb.edu/documents/annual-message-the-congress-the-state-the-union-15,Harry S Truman,1947.0,,,,,,,,,,
address-before-joint-session-the-congress-reporting-the-state-the-union-2-119,11,address-before-joint-session-the-congress-reporting-the-state-the-union-2.txt,119,"As part of a financially equal swap, the States will simultaneously take full responsibility for Aid to Families with Dependent Children and food stamps.",https://www.presidency.ucsb.edu/documents/address-before-joint-session-the-congress-reporting-the-state-the-union-2,Ronald Reagan,1982.0,,,,,,,,,,
prime-ministers-remarks-health-and-social-support-northern-communities-11,259,prime-ministers-remarks-health-and-social-support-northern-communities.txt,11,"This includes Ottawa-based Spartan Bioscience, who will soon be supplying tens of thousands of kits per month, and potentially more as production increases.",https://www.pm.gc.ca/en/news/speeches/2020/04/14/prime-ministers-remarks-health-and-social-support-northern-communities,,2020.0,,,,,,,,,,
the-state-the-union-address-delivered-before-joint-session-the-congress-1-9,357,the-state-the-union-address-delivered-before-joint-session-the-congress-1.txt,9,"Each generation of Americans has to face circumstances not of its own choosing, but by which its character is measured and its spirit is tested.",https://www.presidency.ucsb.edu/documents/the-state-the-union-address-delivered-before-joint-session-the-congress-1,Jimmy Carter,1978.0,,,,,,,,,,
deputy-prime-minister-remarks-second-reading-legislation-implement-new-80,111,deputy-prime-minister-remarks-second-reading-legislation-implement-new.txt,80,It promotes increased trade and investment through a new chapter dedicated to small- and medium-sized businesses.,https://www.pm.gc.ca/en/news/speeches/2020/01/30/deputy-prime-minister-remarks-second-reading-legislation-implement-new,,1969.0,,,,,,,,,,
address-before-joint-session-the-congress-the-state-the-union-14-214,19,address-before-joint-session-the-congress-the-state-the-union-14.txt,214,We have known times of sorrow and hours of uncertainty and days of victory.,https://www.presidency.ucsb.edu/documents/address-before-joint-session-the-congress-the-state-the-union-14,George W. Bush,2005.0,,,,,,,,,,
george-bradshaw-address-2026-131,140,george-bradshaw-address-2026.txt,131,Why it takes multiple contractors to fix a broken light bulb.,https://www.gov.uk/government/speeches/george-bradshaw-address-2026,The Rt Hon Heidi Alexander MP,,,,,,,,,,,
prime-minister-justin-trudeau-delivers-speech-assembly-first-nations-7,227,prime-minister-justin-trudeau-delivers-speech-assembly-first-nations.txt,7,"And through those conversations, getting a better sense of what it is that people are going through.",https://www.pm.gc.ca/en/news/speeches/2015/12/08/prime-minister-justin-trudeau-delivers-speech-assembly-first-nations,,2015.0,,,,,,,,,,
address-before-joint-session-the-congress-reporting-the-state-the-union-1-90,10,address-before-joint-session-the-congress-reporting-the-state-the-union-1.txt,90,I will take actions to reduce undue hardships on any geographical region.,https://www.presidency.ucsb.edu/documents/address-before-joint-session-the-congress-reporting-the-state-the-union-1,Gerald R. Ford,1975.0,,,,,,,,,,
annual-message-the-congress-the-state-the-union-16-138,67,annual-message-the-congress-the-state-the-union-16.txt,138,The character of our people resists artificial and arbitrary controls of any kind.,https://www.presidency.ucsb.edu/documents/annual-message-the-congress-the-state-the-union-16,Dwight D. Eisenhower,1953.0,,,,,,,,,,
annual-message-the-congress-the-state-the-union-8-200,83,annual-message-the-congress-the-state-the-union-8.txt,200,I shall recommend prompt enactment of legislation designed: To safeguard workers' funds in union treasuries against misuse of any kind whatsoever.,https://www.presidency.ucsb.edu/documents/annual-message-the-congress-the-state-the-union-8,Dwight D. Eisenhower,1959.0,,,,,,,,,,
annual-message-the-congress-the-state-the-union-30-128,79,annual-message-the-congress-the-state-the-union-30.txt,128,"The quest for peace tonight continues in Vietnam, and in the Paris talks.",https://www.presidency.ucsb.edu/documents/annual-message-the-congress-the-state-the-union-30,Lyndon B. Johnson,1969.0,,,,,,,,,,
address-before-joint-session-the-congress-the-state-the-union-16-201,21,address-before-joint-session-the-congress-the-state-the-union-16.txt,201,"It may make you feel like you're flying high at first, but it won't take long before you feel the impact.",https://www.presidency.ucsb.edu/documents/address-before-joint-session-the-congress-the-state-the-union-16,Barack Obama,2011.0,,,,,,,,,,
sixth-annual-message-6-36,338,sixth-annual-message-6.txt,36,"The details of such a story can never be fully written, but we carry them at our hearts and thank God that we can say that we are the kinsmen of such.",https://www.presidency.ucsb.edu/documents/sixth-annual-message-6,Woodrow Wilson,1918.0,,,,,,,,,,
inaugural-address-3-102,161,inaugural-address-3.txt,102,This is the hope that beckons us onward in this century of trial.,https://www.presidency.ucsb.edu/documents/inaugural-address-3,Dwight D. Eisenhower,1953.0,,,,,,,,,,
address-before-joint-session-the-congress-the-state-the-union-27-274,33,address-before-joint-session-the-congress-the-state-the-union-27.txt,274,We are working to finally end America's longest war and bring our troops back home.,https://www.presidency.ucsb.edu/documents/address-before-joint-session-the-congress-the-state-the-union-27,Donald J. Trump (1st Term),2020.0,,,,,,,,,,
defra-secretary-of-state-ipbes-12-speech-41,108,defra-secretary-of-state-ipbes-12-speech.txt,41,"This week in Manchester, alongside this plenary, business leaders from Aviva, Lloyds Banking, and others will gather to share what they are learning and what they are doing.",https://www.gov.uk/government/speeches/defra-secretary-of-state-ipbes-12-speech,Emma Reynolds MP,,,,,,,,,,,
annual-message-the-congress-the-state-the-union-3-136,78,annual-message-the-congress-the-state-the-union-3.txt,136,But free world development will still be an uphill struggle.,https://www.presidency.ucsb.edu/documents/annual-message-the-congress-the-state-the-union-3,John F. Kennedy,1963.0,,,,,,,,,,
address-before-joint-session-the-congress-the-state-the-union-12-93,17,address-before-joint-session-the-congress-the-state-the-union-12.txt,93,"And we know that the only way to have real job security in the future, to get a good job with a growing income, is to have real skills and the ability to learn new ones.",https://www.presidency.ucsb.edu/documents/address-before-joint-session-the-congress-the-state-the-union-12,William J. Clinton,1994.0,,,,,,,,,,
prime-ministers-remarks-support-indigenous-businesses-31,273,prime-ministers-remarks-support-indigenous-businesses.txt,31,"Yesterday, two planes full of N95 masks and coveralls arrived in Canada.",https://www.pm.gc.ca/en/news/speeches/2020/04/18/prime-ministers-remarks-support-indigenous-businesses,,2020.0,,,,,,,,,,
address-before-joint-session-the-congress-the-state-the-union-22-54,28,address-before-joint-session-the-congress-the-state-the-union-22.txt,54,This is a regime that has something to hide from the civilized world.,https://www.presidency.ucsb.edu/documents/address-before-joint-session-the-congress-the-state-the-union-22,George W. Bush,2002.0,,,,,,,,,,
address-before-joint-session-the-congress-the-state-the-union-17-61,22,address-before-joint-session-the-congress-the-state-the-union-17.txt,61,Retirement funds have started to gain back some of their value.,https://www.presidency.ucsb.edu/documents/address-before-joint-session-the-congress-the-state-the-union-17,Barack Obama,2010.0,,,,,,,,,,
the-state-the-union-address-delivered-before-joint-session-the-congress-50,358,the-state-the-union-address-delivered-before-joint-session-the-congress.txt,50,"I've limited other commerce with the Soviet Union, and I've asked our allies and friends to join with us in restraining their own trade with the Soviets and not to replace our own embargoed items.",https://www.presidency.ucsb.edu/documents/the-state-the-union-address-delivered-before-joint-session-the-congress,Jimmy Carter,1980.0,,,,,,,,,,
address-before-joint-session-the-congress-the-state-the-union-10-38,15,address-before-joint-session-the-congress-the-state-the-union-10.txt,38,"I have said before, and let me say again, many good ideas have come out of our negotiations.",https://www.presidency.ucsb.edu/documents/address-before-joint-session-the-congress-the-state-the-union-10,William J. Clinton,1996.0,,,,,,,,,,
prime-ministers-remarks-thanking-workers-and-all-canadians-helping-their-12,275,prime-ministers-remarks-thanking-workers-and-all-canadians-helping-their.txt,12,"If you choose to receive your benefit by mail, you’ll get money within the next 10 days.",https://www.pm.gc.ca/en/news/speeches/2020/04/05/prime-ministers-remarks-thanking-workers-and-all-canadians-helping-their,,2020.0,,,,,,,,,,
address-before-joint-session-the-congress-the-state-the-union-10-59,15,address-before-joint-session-the-congress-the-state-the-union-10.txt,59,And I invite the leaders of major media corporations in the entertainment industry to come to the White House next month to work with us in a positive way on concrete ways to improve what our children see on television.,https://www.presidency.ucsb.edu/documents/address-before-joint-session-the-congress-the-state-the-union-10,William J. Clinton,1996.0,,,,,,,,,,
prime-ministers-remarks-media-availability-national-press-theatre-51,264,prime-ministers-remarks-media-availability-national-press-theatre.txt,51,"For this reason, we have no choice but to stop making the same overtures.",https://www.pm.gc.ca/en/news/speeches/2020/02/21/prime-ministers-remarks-media-availability-national-press-theatre,,2020.0,,,,,,,,,,
address-before-joint-session-the-congress-the-state-the-union-3-69,36,address-before-joint-session-the-congress-the-state-the-union-3.txt,69,"I know this is strong medicine, but so far, we have only cut the rate of increase in Federal spending.",https://www.presidency.ucsb.edu/documents/address-before-joint-session-the-congress-the-state-the-union-3,Ronald Reagan,1983.0,,,,,,,,,,
address-before-joint-session-the-congress-the-state-the-union-2-111,25,address-before-joint-session-the-congress-the-state-the-union-2.txt,111,"And today, with communism crumbling, our aim must be to ensure democracy's advance, to take the lead in forging peace and freedom's best hope: a great and growing commonwealth of free nations.",https://www.presidency.ucsb.edu/documents/address-before-joint-session-the-congress-the-state-the-union-2,George Bush,1990.0,,,,,,,,,,
address-before-joint-session-the-congress-the-state-the-union-27-283,33,address-before-joint-session-the-congress-the-state-the-union-27.txt,283,"This is a place where greatness is born, where destinies are forged, and where legends come to life.",https://www.presidency.ucsb.edu/documents/address-before-joint-session-the-congress-the-state-the-union-27,Donald J. Trump (1st Term),2020.0,,,,,,,,,,
annual-message-the-congress-the-state-the-union-28-99,76,annual-message-the-congress-the-state-the-union-28.txt,99,The National Commission on Selective Service will shortly submit its report.,https://www.presidency.ucsb.edu/documents/annual-message-the-congress-the-state-the-union-28,Lyndon B. Johnson,1967.0,,,,,,,,,,
address-before-joint-session-the-congress-the-state-the-union-13-212,18,address-before-joint-session-the-congress-the-state-the-union-13.txt,212,"They worry about children in our society who need direction and love, and about fellow citizens still displaced by natural disaster, and about suffering caused by treatable diseases.",https://www.presidency.ucsb.edu/documents/address-before-joint-session-the-congress-the-state-the-union-13,George W. Bush,2006.0,,,,,,,,,,
address-before-joint-session-congress-the-state-the-union-83,6,address-before-joint-session-congress-the-state-the-union.txt,83,"We are a nation of idealists, yet today there is a wound in our national conscience.",https://www.presidency.ucsb.edu/documents/address-before-joint-session-congress-the-state-the-union,Ronald Reagan,1986.0,,,,,,,,,,
prime-ministers-remarks-introducing-canada-emergency-commercial-rent-2,263,prime-ministers-remarks-introducing-canada-emergency-commercial-rent.txt,2,This has been a heartbreaking week for Nova Scotians and for all Canadians.,https://www.pm.gc.ca/en/news/speeches/2020/04/24/prime-ministers-remarks-introducing-canada-emergency-commercial-rent,,2020.0,,,,,,,,,,
annual-message-the-congress-the-state-the-union-13-79,64,annual-message-the-congress-the-state-the-union-13.txt,79,"Second, the usefulness of these new weapons creates new relationships between men and materials.",https://www.presidency.ucsb.edu/documents/annual-message-the-congress-the-state-the-union-13,Dwight D. Eisenhower,1954.0,,,,,,,,,,
address-before-joint-session-the-congress-the-state-the-union-10-104,15,address-before-joint-session-the-congress-the-state-the-union-10.txt,104,"These initiatives are right for America, and we should keep them going.",https://www.presidency.ucsb.edu/documents/address-before-joint-session-the-congress-the-state-the-union-10,William J. Clinton,1996.0,,,,,,,,,,
address-before-joint-session-the-congress-the-state-the-union-13-224,18,address-before-joint-session-the-congress-the-state-the-union-13.txt,224,Honorable people in both parties are working on reforms to strengthen the ethical standards of Washington.,https://www.presidency.ucsb.edu/documents/address-before-joint-session-the-congress-the-state-the-union-13,George W. Bush,2006.0,,,,,,,,,,
asia-house-outlook-2026-keynote-speech-21,91,asia-house-outlook-2026-keynote-speech.txt,21,"Put simply, it means we don’t rely on one single way of working together.",https://www.gov.uk/government/speeches/asia-house-outlook-2026-keynote-speech,Seema Malhotra MP,,,,,,,,,,,
the-state-the-union-address-delivered-before-joint-session-the-congress-0-22,356,the-state-the-union-address-delivered-before-joint-session-the-congress-0.txt,22,"Together, we build the foundation for a government that works—and works for people.",https://www.presidency.ucsb.edu/documents/the-state-the-union-address-delivered-before-joint-session-the-congress-0,Jimmy Carter,1979.0,,,,,,,,,,
attorney-generals-speech-at-great-synagogue-sydney-17,92,attorney-generals-speech-at-great-synagogue-sydney.txt,17,Hearing the news of the attack on Yom Kippur I imagine that I went through the same range of emotions as many of you felt on 14 December here in Sydney.,https://www.gov.uk/government/speeches/attorney-generals-speech-at-great-synagogue-sydney,The Rt Hon Lord Hermer KC,,,,,,,,,,,
address-before-joint-session-the-congress-the-state-the-union-9-128,43,address-before-joint-session-the-congress-the-state-the-union-9.txt,128,"As the Internet becomes our new town square, a computer in every home, a teacher of all subjects, a connection to all cultures, this will no longer be a dream but a necessity.",https://www.presidency.ucsb.edu/documents/address-before-joint-session-the-congress-the-state-the-union-9,William J. Clinton,1997.0,,,,,,,,,,
annual-message-the-congress-the-state-the-union-25-41,73,annual-message-the-congress-the-state-the-union-25.txt,41,We will launch a special effort in the chronically distressed areas of Appalachia.,https://www.presidency.ucsb.edu/documents/annual-message-the-congress-the-state-the-union-25,Lyndon B. Johnson,1964.0,,,,,,,,,,
annual-message-the-congress-the-state-the-union-29-155,77,annual-message-the-congress-the-state-the-union-29.txt,155,--I shall recommend programs to strengthen and finance our anti-pollution efforts.,https://www.presidency.ucsb.edu/documents/annual-message-the-congress-the-state-the-union-29,Lyndon B. Johnson,1968.0,,,,,,,,,,
annual-message-the-congress-the-state-the-union-12-279,63,annual-message-the-congress-the-state-the-union-12.txt,279,The military retirement pay system should remain separate and unchanged.,https://www.presidency.ucsb.edu/documents/annual-message-the-congress-the-state-the-union-12,Dwight D. Eisenhower,1955.0,,,,,,,,,,
move-fast-fix-things-123,192,move-fast-fix-things.txt,123,… That gives you the strength and skills to succeed.,https://www.gov.uk/government/speeches/move-fast-fix-things,The Rt Hon Darren Jones MP,,,,,,,,,,,
address-before-joint-session-the-congress-the-state-the-union-18-80,23,address-before-joint-session-the-congress-the-state-the-union-18.txt,80,"Many products from these nations now enter America duty free, yet many of our products face steep tariffs in their markets.",https://www.presidency.ucsb.edu/documents/address-before-joint-session-the-congress-the-state-the-union-18,George W. Bush,2008.0,,,,,,,,,,
annual-message-the-congress-the-state-the-union-12-101,63,annual-message-the-congress-the-state-the-union-12.txt,101,"We shall, in the process, carefully preserve our traditions and the basic rights of our citizens.",https://www.presidency.ucsb.edu/documents/annual-message-the-congress-the-state-the-union-12,Dwight D. Eisenhower,1955.0,,,,,,,,,,
address-before-joint-session-the-congress-the-state-the-union-24-224,30,address-before-joint-session-the-congress-the-state-the-union-24.txt,224,"In the past, we've worked together to bring mentors to children of prisoners and provide treatment for the addicted and help for the homeless.",https://www.presidency.ucsb.edu/documents/address-before-joint-session-the-congress-the-state-the-union-24,George W. Bush,2004.0,,,,,,,,,,
prime-ministers-statement-trans-mountain-pipeline-project-10,295,prime-ministers-statement-trans-mountain-pipeline-project.txt,10,"Throughout, the Government of Canada’s objective has been clear: To develop the vital infrastructure that is critical to our ability to get Canadian resources to global markets; and to do this while protecting our environment, which includes safeguarding our oceans and combatting climate change.",https://www.pm.gc.ca/en/news/speeches/2018/04/15/prime-ministers-statement-trans-mountain-pipeline-project,,2018.0,,,,,,,,,,
first-annual-message-18-24,131,first-annual-message-18.txt,24,"You already have under consideration a bill for the reform of our system of banking and currency, for which the country waits with impatience, as for something fundamental to its whole business life and necessary to set credit free from arbitrary and artificial restraints.",https://www.presidency.ucsb.edu/documents/first-annual-message-18,Woodrow Wilson,1913.0,,,,,,,,,,
foreign-secretary-statement-to-the-house-on-greenland-and-wider-arctic-security-7,136,foreign-secretary-statement-to-the-house-on-greenland-and-wider-arctic-security.txt,7,"First, Greenland is part of the Kingdom of Denmark.",https://www.gov.uk/government/speeches/foreign-secretary-statement-to-the-house-on-greenland-and-wider-arctic-security,The Rt Hon Yvette Cooper MP,,,,,,,,,,,
environment-secretary-at-economist-water-summit-41,123,environment-secretary-at-economist-water-summit.txt,41,Investment in water infrastructure unlocks growth.,https://www.gov.uk/government/speeches/environment-secretary-at-economist-water-summit,Emma Reynolds MP,,,,,,,,,,,
pm-speech-house-commons-new-zealand-mosque-shootings-74,215,pm-speech-house-commons-new-zealand-mosque-shootings.txt,74,"But we can take a stand, here and now, in Canada and around the world, to say that enough is enough.",https://www.pm.gc.ca/en/news/speeches/2019/03/19/pm-speech-house-commons-new-zealand-mosque-shootings,,2019.0,,,,,,,,,,
inaugural-address-102,168,inaugural-address.txt,102,"But I see history as a book with many pages, and each day we fill a page with acts of hopefulness and meaning.",https://www.presidency.ucsb.edu/documents/inaugural-address,George Bush,1989.0,,,,,,,,,,
address-before-joint-session-the-congress-the-state-the-union-19-112,24,address-before-joint-session-the-congress-the-state-the-union-19.txt,112,"For the loved ones we've all lost, for the families that we can still save, let's make America the country that cures cancer once and for all.",https://www.presidency.ucsb.edu/documents/address-before-joint-session-the-congress-the-state-the-union-19,Barack Obama,2016.0,,,,,,,,,,
address-before-joint-session-the-congress-the-state-the-union-5-31,39,address-before-joint-session-the-congress-the-state-the-union-5.txt,31,"It doesn't need rest and supervision; it needs new challenge, greater freedom.",https://www.presidency.ucsb.edu/documents/address-before-joint-session-the-congress-the-state-the-union-5,Ronald Reagan,1985.0,,,,,,,,,,
address-before-joint-session-the-congress-the-state-the-union-10-81,15,address-before-joint-session-the-congress-the-state-the-union-10.txt,81,And I challenge America's families to work harder to stay together.,https://www.presidency.ucsb.edu/documents/address-before-joint-session-the-congress-the-state-the-union-10,William J. Clinton,1996.0,,,,,,,,,,
address-before-joint-session-the-congress-the-state-the-union-5-142,39,address-before-joint-session-the-congress-the-state-the-union-5.txt,142,And all of these together are a great force for peace.,https://www.presidency.ucsb.edu/documents/address-before-joint-session-the-congress-the-state-the-union-5,Ronald Reagan,1985.0,,,,,,,,,,
attorney-generals-speech-at-great-synagogue-sydney-38,92,attorney-generals-speech-at-great-synagogue-sydney.txt,38,And I also know from conversations with colleagues in both State and Federal Government in Australia of our shared sense of endeavour to tackle antisemitism at home and overseas and ensure that our societies are safe for jews to simply be jews - without having to look over shoulders or feel that we are not free to express our beliefs and practice our religion.,https://www.gov.uk/government/speeches/attorney-generals-speech-at-great-synagogue-sydney,The Rt Hon Lord Hermer KC,,,,,,,,,,,
prime-ministers-speech-house-commons-canadas-response-covid-19-pandemic-23,293,prime-ministers-speech-house-commons-canadas-response-covid-19-pandemic.txt,23,This subsidy will allow Canadians to keep their jobs and paycheques during this crisis.,https://www.pm.gc.ca/en/news/speeches/2020/04/11/prime-ministers-speech-house-commons-canadas-response-covid-19-pandemic,,2020.0,,,,,,,,,,
annual-message-the-congress-the-state-the-union-8-78,83,annual-message-the-congress-the-state-the-union-8.txt,78,The marked forward thrust of our economy reaffirms our confidence in competitive enterprise.,https://www.presidency.ucsb.edu/documents/annual-message-the-congress-the-state-the-union-8,Dwight D. Eisenhower,1959.0,,,,,,,,,,
prime-ministers-speaking-notes-plastics-announcement-17,289,prime-ministers-speaking-notes-plastics-announcement.txt,17,Making sense of this new reality for my kids isn’t a struggle I face alone.,https://www.pm.gc.ca/en/news/speeches/2019/06/10/prime-ministers-speaking-notes-plastics-announcement,,2019.0,,,,,,,,,,
address-before-joint-session-the-congress-the-state-the-union-27-27,33,address-before-joint-session-the-congress-the-state-the-union-27.txt,27,The unemployment rate for disabled Americans has reached an alltime low.,https://www.presidency.ucsb.edu/documents/address-before-joint-session-the-congress-the-state-the-union-27,Donald J. Trump (1st Term),2020.0,,,,,,,,,,
address-before-joint-session-the-congress-the-state-the-union-30-305,37,address-before-joint-session-the-congress-the-state-the-union-30.txt,305,"Israel also has a fundamental responsibility, though, to protect innocent civilians in Gaza.",https://www.presidency.ucsb.edu/documents/address-before-joint-session-the-congress-the-state-the-union-30,"Joseph R. Biden, Jr.",2024.0,,,,,,,,,,
address-before-joint-session-the-congress-the-state-the-union-7-123,41,address-before-joint-session-the-congress-the-state-the-union-7.txt,123,"Nothing does that better than the earned-income tax credit, the EITC.",https://www.presidency.ucsb.edu/documents/address-before-joint-session-the-congress-the-state-the-union-7,William J. Clinton,2000.0,,,,,,,,,,
we-welcome-the-syrian-leaderships-commitment-to-eradicate-chemical-weapons-uk-statement-at-the-un-security-council-3,390,we-welcome-the-syrian-leaderships-commitment-to-eradicate-chemical-weapons-uk-statement-at-the-un-security-council.txt,3,The United Kingdom applauds the continued commitment of Syria’s leadership to comply with the Chemical Weapons Convention and to meet its obligations under Resolution 2118 and we commend the continued professionalism and dedication of the OPCW technical secretariat staff who carry out their work in Syria under difficult conditions.,https://www.gov.uk/government/speeches/we-welcome-the-syrian-leaderships-commitment-to-eradicate-chemical-weapons-uk-statement-at-the-un-security-council,,,,,,,,,,,,
annual-message-the-congress-the-state-the-union-14-134,65,annual-message-the-congress-the-state-the-union-14.txt,134,"Free competition is the key to industrial development, full production and employment, fair prices, and an ever improving standard of living.",https://www.presidency.ucsb.edu/documents/annual-message-the-congress-the-state-the-union-14,Harry S Truman,1948.0,,,,,,,,,,
address-before-joint-session-the-congress-the-state-the-union-4-233,38,address-before-joint-session-the-congress-the-state-the-union-4.txt,233,"I see great days ahead for men and women of will and vision."" I've never felt more strongly that America's best days and democracy's best days lie ahead.",https://www.presidency.ucsb.edu/documents/address-before-joint-session-the-congress-the-state-the-union-4,Ronald Reagan,1984.0,,,,,,,,,,
address-before-joint-session-the-congress-the-state-the-union-7-311,41,address-before-joint-session-the-congress-the-state-the-union-7.txt,311,The greatest environmental challenge of the new century is global warming.,https://www.presidency.ucsb.edu/documents/address-before-joint-session-the-congress-the-state-the-union-7,William J. Clinton,2000.0,,,,,,,,,,
address-before-joint-session-the-congress-the-state-the-union-18-129,23,address-before-joint-session-the-congress-the-state-the-union-18.txt,129,Yet we also need to acknowledge that we will never fully secure our border until we create a lawful way for foreign workers to come here and support our economy.,https://www.presidency.ucsb.edu/documents/address-before-joint-session-the-congress-the-state-the-union-18,George W. Bush,2008.0,,,,,,,,,,
address-before-joint-session-the-congress-the-state-the-union-17-119,22,address-before-joint-session-the-congress-the-state-the-union-17.txt,119,"We have to seek new markets aggressively, just as our competitors are.",https://www.presidency.ucsb.edu/documents/address-before-joint-session-the-congress-the-state-the-union-17,Barack Obama,2010.0,,,,,,,,,,
speech-for-un-association-80th-anniversary-of-united-nations-general-assembly-meeting-29,340,speech-for-un-association-80th-anniversary-of-united-nations-general-assembly-meeting.txt,29,"No international body has lifted more people out of poverty, protected more lives from deadly disease, responded to more natural disasters, or done more to uphold human rights.",https://www.gov.uk/government/speeches/speech-for-un-association-80th-anniversary-of-united-nations-general-assembly-meeting,The Rt Hon Lord Hermer KC,,,,,,,,,,,
prime-ministers-speech-universite-cheikh-anta-diop-senegal-49,294,prime-ministers-speech-universite-cheikh-anta-diop-senegal.txt,49,"Since the start of my mandate, one of the key priorities of my government has been to advance gender equality at home and abroad.",https://www.pm.gc.ca/en/news/speeches/2020/02/13/prime-ministers-speech-universite-cheikh-anta-diop-senegal,,2020.0,,,,,,,,,,
oath-office-and-second-inaugural-address-37,197,oath-office-and-second-inaugural-address.txt,37,"This leads only to inflated expectations, to reduced individual effort, and to a disappointment and frustration that erode confidence both in what government can do and in what people can do.",https://www.presidency.ucsb.edu/documents/oath-office-and-second-inaugural-address,Richard Nixon,1973.0,,,,,,,,,,
health-secretary-wes-streeting-launches-national-cancer-plan-21,146,health-secretary-wes-streeting-launches-national-cancer-plan.txt,21,These parents and family members need to focus on getting their child through cancer.,https://www.gov.uk/government/speeches/health-secretary-wes-streeting-launches-national-cancer-plan,The Rt Hon Wes Streeting MP,,,,,,,,,,,
address-before-joint-session-the-congress-the-state-the-union-19-48,24,address-before-joint-session-the-congress-the-state-the-union-19.txt,48,"All these trends have squeezed workers, even when they have jobs, even when the economy is growing.",https://www.presidency.ucsb.edu/documents/address-before-joint-session-the-congress-the-state-the-union-19,Barack Obama,2016.0,,,,,,,,,,
the-state-the-union-address-delivered-before-joint-session-the-congress-83,358,the-state-the-union-address-delivered-before-joint-session-the-congress.txt,83,We believe that there are no irreconcilable differences between us and any Islamic nation.,https://www.presidency.ucsb.edu/documents/the-state-the-union-address-delivered-before-joint-session-the-congress,Jimmy Carter,1980.0,,,,,,,,,,
prime-minister-trudeau-and-minister-freeland-speaking-notes-united-states-45,237,prime-minister-trudeau-and-minister-freeland-speaking-notes-united-states.txt,45,"Everything you did, every step of the way, got us to this point.",https://www.pm.gc.ca/en/news/speeches/2018/10/01/prime-minister-trudeau-and-minister-freeland-speaking-notes-united-states,,2018.0,,,,,,,,,,
inaugural-address-13-75,157,inaugural-address-13.txt,75,"Americans, at our best, value the life we see in one another and must always remember that even the unwanted have worth.",https://www.presidency.ucsb.edu/documents/inaugural-address-13,George W. Bush,2005.0,,,,,,,,,,
address-before-joint-session-the-congress-the-state-the-union-10-179,15,address-before-joint-session-the-congress-the-state-the-union-10.txt,179,"Lake Erie was dead, and now it's a thriving resource.",https://www.presidency.ucsb.edu/documents/address-before-joint-session-the-congress-the-state-the-union-10,William J. Clinton,1996.0,,,,,,,,,,
address-before-joint-session-the-congress-the-state-the-union-15-77,20,address-before-joint-session-the-congress-the-state-the-union-15.txt,77,"I also hear from many business leaders who want to hire in the United States, but can't find workers with the right skills.",https://www.presidency.ucsb.edu/documents/address-before-joint-session-the-congress-the-state-the-union-15,Barack Obama,2012.0,,,,,,,,,,
address-before-joint-session-the-congress-the-state-the-union-8-221,42,address-before-joint-session-the-congress-the-state-the-union-8.txt,221,"More and more, we are working with other nations to achieve common goals.",https://www.presidency.ucsb.edu/documents/address-before-joint-session-the-congress-the-state-the-union-8,William J. Clinton,1998.0,,,,,,,,,,
annual-message-the-congress-the-state-the-union-4-106,80,annual-message-the-congress-the-state-the-union-4.txt,106,We more than doubled our acquisition rate of Polaris submarines--we doubled the production capacity for Minuteman missiles--and increased by 50 percent the number of manned bombers standing ready on a 15 minute alert.,https://www.presidency.ucsb.edu/documents/annual-message-the-congress-the-state-the-union-4,John F. Kennedy,1962.0,,,,,,,,,,
annual-message-the-congress-the-state-the-union-6-112,82,annual-message-the-congress-the-state-the-union-6.txt,112,This is the area holding the most promise for early and useful applications of space technology.,https://www.presidency.ucsb.edu/documents/annual-message-the-congress-the-state-the-union-6,Dwight D. Eisenhower,1960.0,,,,,,,,,,
inaugural-address-52-23,165,inaugural-address-52.txt,23,America has never been united by blood or birth or soil.,https://www.presidency.ucsb.edu/documents/inaugural-address-52,George W. Bush,2001.0,,,,,,,,,,
annual-message-congress-2-51,56,annual-message-congress-2.txt,51,Peace is threatened by those who seek selfish power.,https://www.presidency.ucsb.edu/documents/annual-message-congress-2,Franklin D. Roosevelt,1936.0,,,,,,,,,,
annual-message-the-congress-the-state-the-union-10-149,62,annual-message-the-congress-the-state-the-union-10.txt,149,Promptness in following through with legislation will be the best possible evidence of American unity of purpose in cooperating with our friends.,https://www.presidency.ucsb.edu/documents/annual-message-the-congress-the-state-the-union-10,Dwight D. Eisenhower,1958.0,,,,,,,,,,
address-before-joint-session-the-congress-the-state-the-union-11-140,16,address-before-joint-session-the-congress-the-state-the-union-11.txt,140,"But our goal must be to liberate people and lift them up from dependence to independence, from welfare to work, from mere childbearing to responsible parenting.",https://www.presidency.ucsb.edu/documents/address-before-joint-session-the-congress-the-state-the-union-11,William J. Clinton,1995.0,,,,,,,,,,
address-before-joint-session-the-congress-the-state-the-union-0-208,13,address-before-joint-session-the-congress-the-state-the-union-0.txt,208,"States throughout the country are beginning to operate with new assumptions that when able-bodied people receive Government assistance, they have responsibilities to the taxpayer: A responsibility to seek work, education, or job training; a responsibility to get their lives in order; a responsibility to hold their families together and refrain from having children out of wedlock; and a responsibility to obey the law.",https://www.presidency.ucsb.edu/documents/address-before-joint-session-the-congress-the-state-the-union-0,George Bush,1992.0,,,,,,,,,,
excerpts-the-report-congressional-committees-investigating-the-iran-contra-affair-130,126,excerpts-the-report-congressional-committees-investigating-the-iran-contra-affair.txt,130,"In May 1986, the President again tried to sell weapons to get the hostages back.",https://www.presidency.ucsb.edu/documents/excerpts-the-report-congressional-committees-investigating-the-iran-contra-affair,U.S. Congress,1987.0,,,,,,,,,,
address-before-joint-session-the-congress-the-state-the-union-15-58,20,address-before-joint-session-the-congress-the-state-the-union-15.txt,58,"Third, if you're an American manufacturer, you should get a bigger tax cut.",https://www.presidency.ucsb.edu/documents/address-before-joint-session-the-congress-the-state-the-union-15,Barack Obama,2012.0,,,,,,,,,,
prime-ministers-remarks-support-businesses-and-students-affected-covid-19-11,272,prime-ministers-remarks-support-businesses-and-students-affected-covid-19.txt,11,"Staying indoors as much as possible and not seeing friends and family is a big adjustment for everyone, but it’s especially hard for some people.",https://www.pm.gc.ca/en/news/speeches/2020/04/08/prime-ministers-remarks-support-businesses-and-students-affected-covid-19,,2020.0,,,,,,,,,,
annual-message-the-congress-the-state-the-union-28-181,76,annual-message-the-congress-the-state-the-union-28.txt,181,We shall be flexible where conditions in the world change--and where man's efforts can change them for the better.,https://www.presidency.ucsb.edu/documents/annual-message-the-congress-the-state-the-union-28,Lyndon B. Johnson,1967.0,,,,,,,,,,
fourth-annual-address-congress-35,138,fourth-annual-address-congress.txt,35,I observe with much satisfaction that the product of the revenue during the present year has been more considerable than during any former equal period.,https://www.presidency.ucsb.edu/documents/fourth-annual-address-congress,John Adams,,,,,,,,,,,
address-before-joint-session-the-congress-the-state-the-union-17-175,22,address-before-joint-session-the-congress-the-state-the-union-17.txt,175,I'm absolutely convinced that was the right thing to do.,https://www.presidency.ucsb.edu/documents/address-before-joint-session-the-congress-the-state-the-union-17,Barack Obama,2010.0,,,,,,,,,,
inaugural-address-5-78,163,inaugural-address-5.txt,78,"It is the kindness to take in a stranger when the levees break, the selflessness of workers who would rather cut their hours than see a friend lose their job, which sees us through our darkest hours.",https://www.presidency.ucsb.edu/documents/inaugural-address-5,Barack Obama,2009.0,,,,,,,,,,
address-before-joint-session-the-congress-the-state-the-union-6-321,40,address-before-joint-session-the-congress-the-state-the-union-6.txt,321,"Yet perhaps, in the daily press of events, in the clash of controversy, we don't see our own time for what it truly is, a new dawn for America.",https://www.presidency.ucsb.edu/documents/address-before-joint-session-the-congress-the-state-the-union-6,William J. Clinton,1999.0,,,,,,,,,,
eighth-annual-address-congress-70,122,eighth-annual-address-congress.txt,70,"Gentlemen of the House of Representatives: I have directed an estimate of the appropriations necessary for the service of the ensuing year to be submitted from the proper Department, with a view of the public receipts and expenditures to the latest period to which an account can be prepared.",https://www.presidency.ucsb.edu/documents/eighth-annual-address-congress,George Washington,,,,,,,,,,,
address-before-joint-session-the-congress-the-state-the-union-19-218,24,address-before-joint-session-the-congress-the-state-the-union-19.txt,218,"I have no doubt, a President with the gifts of Lincoln or Roosevelt might have better bridged the divide, and I guarantee, I'll keep trying to be better so long as I hold this office.",https://www.presidency.ucsb.edu/documents/address-before-joint-session-the-congress-the-state-the-union-19,Barack Obama,2016.0,,,,,,,,,,
address-before-joint-session-the-congress-reporting-the-state-the-union-2-76,11,address-before-joint-session-the-congress-reporting-the-state-the-union-2.txt,76,"We've brought inflation down faster than we thought we could, and in doing this, we've deprived government of those hidden revenues that occur when inflation pushes people into higher income tax brackets.",https://www.presidency.ucsb.edu/documents/address-before-joint-session-the-congress-reporting-the-state-the-union-2,Ronald Reagan,1982.0,,,,,,,,,,
inaugural-address-54-22,167,inaugural-address-54.txt,22,"My recent election is a mandate to completely and totally reverse a horrible betrayal and all of these many betrayals that have taken place and to give the people back their faith, their wealth, their democracy, and indeed, their freedom.",https://www.presidency.ucsb.edu/documents/inaugural-address-54,Donald J. Trump (2nd Term),2025.0,,,,,,,,,,
pm-remarks-lunar-gateway-30,207,pm-remarks-lunar-gateway.txt,30,"And the landing gear of that lunar module was built by Héroux Aerospace, just next to us in Longueuil.",https://www.pm.gc.ca/en/news/speeches/2019/02/27/pm-remarks-lunar-gateway,,2019.0,,,,,,,,,,
prime-ministers-remarks-canada-china-business-council-during-official-77,250,prime-ministers-remarks-canada-china-business-council-during-official.txt,77,"And I know that these are not easy conversations to have, but they are necessary ones.",https://www.pm.gc.ca/en/news/speeches/2016/09/01/prime-ministers-remarks-canada-china-business-council-during-official,,2016.0,,,,,,,,,,
address-before-joint-session-the-congress-the-state-the-union-27-155,33,address-before-joint-session-the-congress-the-state-the-union-27.txt,155,Protecting Americans' health also means fighting infectious diseases.,https://www.presidency.ucsb.edu/documents/address-before-joint-session-the-congress-the-state-the-union-27,Donald J. Trump (1st Term),2020.0,,,,,,,,,,
annual-message-congress-3-15,57,annual-message-congress-3.txt,15,We test what we have done as our measures take root in the living texture of life.,https://www.presidency.ucsb.edu/documents/annual-message-congress-3,Franklin D. Roosevelt,1935.0,,,,,,,,,,
annual-message-the-congress-the-state-the-union-16-313,67,annual-message-the-congress-the-state-the-union-16.txt,313,"There is, in world affairs, a steady course to be followed between an assertion of strength that is truculent and a confession of helplessness that is cowardly.",https://www.presidency.ucsb.edu/documents/annual-message-the-congress-the-state-the-union-16,Dwight D. Eisenhower,1953.0,,,,,,,,,,
prime-minister-trudeau-and-minister-freeland-speaking-notes-united-states-23,237,prime-minister-trudeau-and-minister-freeland-speaking-notes-united-states.txt,23,We got here because we kept our focus on creating opportunity and growing the middle class.,https://www.pm.gc.ca/en/news/speeches/2018/10/01/prime-minister-trudeau-and-minister-freeland-speaking-notes-united-states,,2018.0,,,,,,,,,,
prime-ministers-remarks-updating-canadians-covid-19-32,280,prime-ministers-remarks-updating-canadians-covid-19.txt,32,This is in addition to the measures we’ve already taken.,https://www.pm.gc.ca/en/news/speeches/2020/03/13/prime-ministers-remarks-updating-canadians-covid-19,,2020.0,,,,,,,,,,
inaugural-address-53-34,166,inaugural-address-53.txt,34,"Through the Civil War, the Great Depression, World War, 9/11, through struggle, sacrifice, and setbacks, our ""better angels"" have always prevailed.",https://www.presidency.ucsb.edu/documents/inaugural-address-53,"Joseph R. Biden, Jr.",2021.0,,,,,,,,,,
address-before-joint-session-the-congress-the-state-the-union-16-263,21,address-before-joint-session-the-congress-the-state-the-union-16.txt,263,"With our European allies, we revitalized NATO and increased our cooperation on everything from counterterrorism to missile defense.",https://www.presidency.ucsb.edu/documents/address-before-joint-session-the-congress-the-state-the-union-16,Barack Obama,2011.0,,,,,,,,,,
address-before-joint-session-the-congress-the-state-the-union-2-48,25,address-before-joint-session-the-congress-the-state-the-union-2.txt,48,"And if I might, I'd like to say I'm very pleased that Governor Gardner and Governor Clinton , Governor Branstad , Governor Campbell , all of whom were very key in these discussions, these deliberations, are with us here tonight.",https://www.presidency.ucsb.edu/documents/address-before-joint-session-the-congress-the-state-the-union-2,George Bush,1990.0,,,,,,,,,,
fourth-annual-message-18-38,139,fourth-annual-message-18.txt,38,We should clear away all legal obstacles and create a basis of undoubted law for it which will give freedom without permitting unregulated license.,https://www.presidency.ucsb.edu/documents/fourth-annual-message-18,Woodrow Wilson,1916.0,,,,,,,,,,
press-conference-adelaide-7-1,216,press-conference-adelaide-7.txt,1,Incapsula incident ID: 508000580104017949-143858821511253641,https://www.pm.gov.au/media/press-conference-adelaide-7,,,,,,,,,,,,
pm-remarks-in-welwyn-garden-city-10-february-2,206,pm-remarks-in-welwyn-garden-city-10-february.txt,2,I’m really looking forward… I think I am going to come round from table to table.,https://www.gov.uk/government/speeches/pm-remarks-in-welwyn-garden-city-10-february,The Rt Hon Sir Keir Starmer KCB KC MP,,,,,,,,,,,
prime-ministers-remarks-fatal-plane-crash-iran-12,257,prime-ministers-remarks-fatal-plane-crash-iran.txt,12,Minister Champagne will be speaking with the Iranian foreign minister and conveying the need for a thorough investigation into this fatal crash.,https://www.pm.gc.ca/en/news/speeches/2020/01/08/prime-ministers-remarks-fatal-plane-crash-iran,,2020.0,,,,,,,,,,
prime-ministers-speech-house-commons-canadas-response-covid-19-pandemic-26,293,prime-ministers-speech-house-commons-canadas-response-covid-19-pandemic.txt,26,"Speaker – As Canada confronts this crisis, we are all called to serve.",https://www.pm.gc.ca/en/news/speeches/2020/04/11/prime-ministers-speech-house-commons-canadas-response-covid-19-pandemic,,2020.0,,,,,,,,,,
prime-ministers-remarks-support-businesses-and-students-affected-covid-19-25,272,prime-ministers-remarks-support-businesses-and-students-affected-covid-19.txt,25,And businesses will only need to show a 15 per cent decline in revenue for March instead of 30 per cent because most of us only felt the impact of COVID-19 about halfway through the month.,https://www.pm.gc.ca/en/news/speeches/2020/04/08/prime-ministers-remarks-support-businesses-and-students-affected-covid-19,,2020.0,,,,,,,,,,
address-before-joint-session-the-congress-the-state-the-union-29-330,35,address-before-joint-session-the-congress-the-state-the-union-29.txt,330,Would we stand for the right of people to live free of tyranny?,https://www.presidency.ucsb.edu/documents/address-before-joint-session-the-congress-the-state-the-union-29,"Joseph R. Biden, Jr.",2023.0,,,,,,,,,,
prime-minister-justin-trudeaus-speech-assembly-first-nations-special-8,235,prime-minister-justin-trudeaus-speech-assembly-first-nations-special.txt,8,We all know the Journey of the Nishiyuu: the Journey of the People.,https://www.pm.gc.ca/en/news/speeches/2016/12/06/prime-minister-justin-trudeaus-speech-assembly-first-nations-special,,2016.0,,,,,,,,,,
first-annual-message-18-77,131,first-annual-message-18.txt,77,"These the Government should itself build and administer, and the ports and terminals it should itself control in the interest of all who wish to use them for the service and development of the country and its people.",https://www.presidency.ucsb.edu/documents/first-annual-message-18,Woodrow Wilson,1913.0,,,,,,,,,,
prime-ministers-remarks-updating-canadians-about-covid-19-and-new-measures-29,276,prime-ministers-remarks-updating-canadians-about-covid-19-and-new-measures.txt,29,I want to take a moment to specifically thank them for all the essential work they’re doing.,https://www.pm.gc.ca/en/news/speeches/2020/03/19/prime-ministers-remarks-updating-canadians-about-covid-19-and-new-measures,,2020.0,,,,,,,,,,
russias-escalating-attacks-on-ukrainian-civilians-violate-international-humanitarian-law-uk-statement-to-the-osce-10,320,russias-escalating-attacks-on-ukrainian-civilians-violate-international-humanitarian-law-uk-statement-to-the-osce.txt,10,"The UN documented one case, on 25 December, where a short-range drone struck a car with volunteers conducting evacuations in Kostiantynivka, Donetsk region, killing one humanitarian worker and injuring two others.",https://www.gov.uk/government/speeches/russias-escalating-attacks-on-ukrainian-civilians-violate-international-humanitarian-law-uk-statement-to-the-osce,,,,,,,,,,,,
annual-message-the-congress-the-state-the-union-8-129,83,annual-message-the-congress-the-state-the-union-8.txt,129,"When prices soar, the pensioner and the widow see their security undermined, the man of thrift sees his savings melt away; the white collar worker, the minister, and the teacher see their standards of living dragged down.",https://www.presidency.ucsb.edu/documents/annual-message-the-congress-the-state-the-union-8,Dwight D. Eisenhower,1959.0,,,,,,,,,,
pm-speaking-notes-annual-international-gathering-energy-industry-leaders-37,210,pm-speaking-notes-annual-international-gathering-energy-industry-leaders.txt,37,"In preparing for that day, we have two critical responsibilities.",https://www.pm.gc.ca/en/news/speeches/2017/03/09/pm-speaking-notes-annual-international-gathering-energy-industry-leaders,,2017.0,,,,,,,,,,
annual-message-congress-0-118,54,annual-message-congress-0.txt,118,"Another group of problems affecting business, which cannot be termed specific abuses, gives us food for grave thought about the future.",https://www.presidency.ucsb.edu/documents/annual-message-congress-0,Franklin D. Roosevelt,1938.0,,,,,,,,,,
prime-minister-justin-trudeau-delivers-speech-pricing-carbon-pollution-22,228,prime-minister-justin-trudeau-delivers-speech-pricing-carbon-pollution.txt,22,"As we are talking today, the Minister of the Environment and Climate Change is discussing the details of this plan with our provincial and territorial partners.",https://www.pm.gc.ca/en/news/speeches/2016/10/03/prime-minister-justin-trudeau-delivers-speech-pricing-carbon-pollution,,2016.0,,,,,,,,,,
address-before-joint-session-the-congress-the-state-the-union-23-83,29,address-before-joint-session-the-congress-the-state-the-union-23.txt,83,Another cause of hopelessness is addiction to drugs.,https://www.presidency.ucsb.edu/documents/address-before-joint-session-the-congress-the-state-the-union-23,George W. Bush,2003.0,,,,,,,,,,
annual-message-the-congress-the-state-the-union-4-66,80,annual-message-the-congress-the-state-the-union-4.txt,66,Private health insurance helps very few--for its cost is high and its coverage limited.,https://www.presidency.ucsb.edu/documents/annual-message-the-congress-the-state-the-union-4,John F. Kennedy,1962.0,,,,,,,,,,
state-the-union-address-0-6,342,state-the-union-address-0.txt,6,"As long as our flag flies over this Capitol, Americans will honor the soldiers, sailors, and marines who fought our first battles of this war against overwhelming odds the heroes, living and dead, of Wake and Bataan and Guadalcanal, of the Java Sea and Midway and the North Atlantic convoys.",https://www.presidency.ucsb.edu/documents/state-the-union-address-0,Franklin D. Roosevelt,1943.0,,,,,,,,,,
oath-office-and-second-inaugural-address-47,197,oath-office-and-second-inaugural-address.txt,47,"And let each of us reach out for that one precious quality government cannot provide--a new level of respect for the rights and feelings of one another, a new level of respect for the individual human dignity which is the cherished birthright of every American.",https://www.presidency.ucsb.edu/documents/oath-office-and-second-inaugural-address,Richard Nixon,1973.0,,,,,,,,,,
address-before-joint-session-the-congress-reporting-the-state-the-union-2-25,11,address-before-joint-session-the-congress-reporting-the-state-the-union-2.txt,25,"Already interest rates are down to 15 3/4 percent, but they must still go lower.",https://www.presidency.ucsb.edu/documents/address-before-joint-session-the-congress-reporting-the-state-the-union-2,Ronald Reagan,1982.0,,,,,,,,,,
address-before-joint-session-the-congress-the-state-the-union-10-280,15,address-before-joint-session-the-congress-the-state-the-union-10.txt,280,"God bless you, and God bless the United States of America.",https://www.presidency.ucsb.edu/documents/address-before-joint-session-the-congress-the-state-the-union-10,William J. Clinton,1996.0,,,,,,,,,,
h-res-24-impeaching-donald-john-trump-president-the-united-states-for-high-crimes-and-5,144,h-res-24-impeaching-donald-john-trump-president-the-united-states-for-high-crimes-and.txt,5,"Further, section 3 of the 14th Amendment to the Constitution prohibits any person who has ""engaged in insurrection or rebellion against"" the United States from ""hold any office .",https://www.presidency.ucsb.edu/documents/h-res-24-impeaching-donald-john-trump-president-the-united-states-for-high-crimes-and,U.S. Congress,2021.0,,,,,,,,,,
inaugural-address-14-5,158,inaugural-address-14.txt,5,"Every 4 years, we gather on these steps to carry out the orderly and peaceful transfer of power, and we are grateful to President Obama and First Lady Michelle Obama for their gracious aid throughout this transition.",https://www.presidency.ucsb.edu/documents/inaugural-address-14,Donald J. Trump (1st Term),2017.0,,,,,,,,,,
prime-ministers-remarks-updating-canadians-supplies-and-support-shelters-43,286,prime-ministers-remarks-updating-canadians-supplies-and-support-shelters.txt,43,People in our hospitals are saving lives every single day.,https://www.pm.gc.ca/en/news/speeches/2020/04/04/prime-ministers-remarks-updating-canadians-supplies-and-support-shelters,,2020.0,,,,,,,,,,
secretary-of-state-statement-to-the-house-of-commons-12-january-2026-26,330,secretary-of-state-statement-to-the-house-of-commons-12-january-2026.txt,26,"And in the most serious cases, Ofcom can apply for a court order to stop UK users accessing the site.",https://www.gov.uk/government/speeches/secretary-of-state-statement-to-the-house-of-commons-12-january-2026,The Rt Hon Liz Kendall MP,,,,,,,,,,,
prime-ministers-remarks-house-tribute-victims-ukraine-international-17,261,prime-ministers-remarks-house-tribute-victims-ukraine-international.txt,17,"Speaker, we cannot change the terrible events that took them away from us, but we can choose how we remember them.",https://www.pm.gc.ca/en/news/speeches/2020/01/27/prime-ministers-remarks-house-tribute-victims-ukraine-international,,2020.0,,,,,,,,,,
address-before-joint-session-the-congress-reporting-the-state-the-union-2-143,11,address-before-joint-session-the-congress-reporting-the-state-the-union-2.txt,143,"We're not asking them to replace discarded and often discredited government programs dollar for dollar, service for service.",https://www.presidency.ucsb.edu/documents/address-before-joint-session-the-congress-reporting-the-state-the-union-2,Ronald Reagan,1982.0,,,,,,,,,,
address-before-joint-session-the-congress-the-state-the-union-13-64,18,address-before-joint-session-the-congress-the-state-the-union-13.txt,64,Yet there is a difference between responsible criticism that aims for success and defeatism that refuses to acknowledge anything but failure.,https://www.presidency.ucsb.edu/documents/address-before-joint-session-the-congress-the-state-the-union-13,George W. Bush,2006.0,,,,,,,,,,
excerpts-the-report-congressional-committees-investigating-the-iran-contra-affair-86,126,excerpts-the-report-congressional-committees-investigating-the-iran-contra-affair.txt,86,"In private fund-raising, as in the ""white propaganda"" campaign, the goal of supporting the contras was allowed to override sensitivity to law and to accepted norms of behavior.",https://www.presidency.ucsb.edu/documents/excerpts-the-report-congressional-committees-investigating-the-iran-contra-affair,U.S. Congress,1987.0,,,,,,,,,,
annual-message-the-congress-the-state-the-union-28-111,76,annual-message-the-congress-the-state-the-union-28.txt,111,And I will propose these measures to the 90th Congress.,https://www.presidency.ucsb.edu/documents/annual-message-the-congress-the-state-the-union-28,Lyndon B. Johnson,1967.0,,,,,,,,,,
fifth-annual-message-6-61,128,fifth-annual-message-6.txt,61,"It might be impossible, also, in such untoward circumstances, to admit Germany to the free economic intercourse which must inevitably spring out of the other partnerships of a real peace.",https://www.presidency.ucsb.edu/documents/fifth-annual-message-6,Woodrow Wilson,1917.0,,,,,,,,,,
address-before-joint-session-the-congress-the-state-the-union-3-233,36,address-before-joint-session-the-congress-the-state-the-union-3.txt,233,"If we do that, if we care what our children and our children's children will say of us, if we want them one day to be thankful for what we did here in these temples of freedom, we will work together to make America better for our having been here-not just in this year or this decade but in the next century and beyond.",https://www.presidency.ucsb.edu/documents/address-before-joint-session-the-congress-the-state-the-union-3,Ronald Reagan,1983.0,,,,,,,,,,
annual-message-the-congress-the-state-the-union-3-156,78,annual-message-the-congress-the-state-the-union-3.txt,156,"New nations asked to choose between two competing systems need only compare conditions in East and West Germany, Eastern and Western Europe, North and South Viet-Nam.",https://www.presidency.ucsb.edu/documents/annual-message-the-congress-the-state-the-union-3,John F. Kennedy,1963.0,,,,,,,,,,
prime-ministers-remarks-announcing-additional-support-vulnerable-canadians-23,244,prime-ministers-remarks-announcing-additional-support-vulnerable-canadians.txt,23,Our seniors are particularly vulnerable to COVID-19.,https://www.pm.gc.ca/en/news/speeches/2020/03/29/prime-ministers-remarks-announcing-additional-support-vulnerable-canadians,,2020.0,,,,,,,,,,
first-annual-message-19-139,132,first-annual-message-19.txt,139,The right of labor to organize is just as fundamental and necessary as is the right of capital to organize.,https://www.presidency.ucsb.edu/documents/first-annual-message-19,Warren G. Harding,1921.0,,,,,,,,,,
pm-remarks-in-hastings-5-february-56,205,pm-remarks-in-hastings-5-february.txt,56,If we are going to defeat the politics of grievance… We must tackle the cost-of-living crisis… And we must raise living standards.,https://www.gov.uk/government/speeches/pm-remarks-in-hastings-5-february,The Rt Hon Sir Keir Starmer KCB KC MP,,,,,,,,,,,
annual-message-the-congress-the-state-the-union-26-124,74,annual-message-the-congress-the-state-the-union-26.txt,124,"Business, labor, and the consumer all have a high stake in keeping wages and prices within the framework of the guideposts that have already served the Nation so well.",https://www.presidency.ucsb.edu/documents/annual-message-the-congress-the-state-the-union-26,Lyndon B. Johnson,1965.0,,,,,,,,,,
inaugural-address-1-70,153,inaugural-address-1.txt,70,I know that peace does not come through wishing for it--that there is no substitute for days and even years of patient and prolonged diplomacy.,https://www.presidency.ucsb.edu/documents/inaugural-address-1,Richard Nixon,1969.0,,,,,,,,,,
delivering-northern-powerhouse-rail-63,109,delivering-northern-powerhouse-rail.txt,63,"Part of a broader growth drive to lift the region’s productivity, boost living standards, and add tens of billions to the UK economy.",https://www.gov.uk/government/speeches/delivering-northern-powerhouse-rail,The Rt Hon Heidi Alexander MP,,,,,,,,,,,
fourth-annual-address-congress-1,138,fourth-annual-address-congress.txt,1,"Gentlemen of the Senate and Gentlemen of the House of Representatives: Immediately after the adjournment of Congress at their last session in Philadelphia I gave directions, in compliance with the laws, for the removal of the public offices, records, and property.",https://www.presidency.ucsb.edu/documents/fourth-annual-address-congress,John Adams,,,,,,,,,,,
address-before-joint-session-the-congress-president-volodymyr-zelenskyy-ukraine-0-69,7,address-before-joint-session-the-congress-president-volodymyr-zelenskyy-ukraine-0.txt,69,"We already built strong Ukraine, with strong people, strong army, strong institutions together with you.",https://www.presidency.ucsb.edu/documents/address-before-joint-session-the-congress-president-volodymyr-zelenskyy-ukraine-0,U.S. Congress,2022.0,,,,,,,,,,
pm-speaking-notes-nyu-commencement-address-4,213,pm-speaking-notes-nyu-commencement-address.txt,4,"You know, Andrew is an honourary Canadian and British Columbian because, like me, he studied at UBC back in the day.",https://www.pm.gc.ca/en/news/speeches/2018/05/16/pm-speaking-notes-nyu-commencement-address,,2018.0,,,,,,,,,,
address-before-joint-session-congress-the-state-the-union-66,6,address-before-joint-session-congress-the-state-the-union.txt,66,"True reform must be truly fair, and that means raising personal exemptions to $2,000.",https://www.presidency.ucsb.edu/documents/address-before-joint-session-congress-the-state-the-union,Ronald Reagan,1986.0,,,,,,,,,,
prime-minister-justin-trudeaus-address-71st-session-united-nations-general-21,231,prime-minister-justin-trudeaus-address-71st-session-united-nations-general.txt,21,What will build an economy that works for everyone?,https://www.pm.gc.ca/en/news/speeches/2016/09/20/prime-minister-justin-trudeaus-address-71st-session-united-nations-general,,2016.0,,,,,,,,,,
annual-message-the-congress-the-state-the-union-14-166,65,annual-message-the-congress-the-state-the-union-14.txt,166,These actions are closely related and mutually supporting.,https://www.presidency.ucsb.edu/documents/annual-message-the-congress-the-state-the-union-14,Harry S Truman,1948.0,,,,,,,,,,
inaugural-address-13-48,157,inaugural-address-13.txt,48,Our country has accepted obligations that are difficult to fulfill and would be dishonorable to abandon.,https://www.presidency.ucsb.edu/documents/inaugural-address-13,George W. Bush,2005.0,,,,,,,,,,
secretary-of-states-keynote-institute-for-government-speech-85,333,secretary-of-states-keynote-institute-for-government-speech.txt,85,"Queen’s Hospital in Romford halved its list of kids needing their tonsils removed, many of whom had been waiting longer than 40 weeks for surgery, with a 2-week blitz of procedures.",https://www.gov.uk/government/speeches/secretary-of-states-keynote-institute-for-government-speech,The Rt Hon Wes Streeting MP,,,,,,,,,,,
government-response-to-parliamentary-and-health-service-ombudsmans-phso-investigation-into-womens-state-pension-age-communications-and-associated-5,142,government-response-to-parliamentary-and-health-service-ombudsmans-phso-investigation-into-womens-state-pension-age-communications-and-associated.txt,5,There are legitimate and sincerely held views about whether it was wise to increase the State Pension age.,https://www.gov.uk/government/speeches/government-response-to-parliamentary-and-health-service-ombudsmans-phso-investigation-into-womens-state-pension-age-communications-and-associated,The Rt Hon Pat McFadden MP,,,,,,,,,,,
the-uk-reiterates-its-strong-support-for-unsmil-in-advancing-an-inclusive-political-process-in-libya-uk-statement-at-the-un-security-council-11,363,the-uk-reiterates-its-strong-support-for-unsmil-in-advancing-an-inclusive-political-process-in-libya-uk-statement-at-the-un-security-council.txt,11,"Civil society must be able to carry out its work safely, within a fair and predictable legal framework, and free from threats or arbitrary measures.",https://www.gov.uk/government/speeches/the-uk-reiterates-its-strong-support-for-unsmil-in-advancing-an-inclusive-political-process-in-libya-uk-statement-at-the-un-security-council,Archie Young CMG,,,,,,,,,,,
address-before-joint-session-the-congress-the-state-the-union-28-122,34,address-before-joint-session-the-congress-the-state-the-union-28.txt,122,That's why my top priority is getting prices under control.,https://www.presidency.ucsb.edu/documents/address-before-joint-session-the-congress-the-state-the-union-28,"Joseph R. Biden, Jr.",2022.0,,,,,,,,,,
holocaust-memorial-day-2026-uk-statement-to-the-osce-3,149,holocaust-memorial-day-2026-uk-statement-to-the-osce.txt,3,"We remembered the six million Jewish men, women, and children murdered in the Holocaust, and the Roma and Sinti, disabled people, gay men, political opponents, and Jehovah’s Witnesses who were also persecuted and killed.",https://www.gov.uk/government/speeches/holocaust-memorial-day-2026-uk-statement-to-the-osce,James Ford,,,,,,,,,,,
second-annual-message-19-141,326,second-annual-message-19.txt,141,We shall not alter our attitude toward it because some amongst us are nervous and excited.,https://www.presidency.ucsb.edu/documents/second-annual-message-19,Woodrow Wilson,1914.0,,,,,,,,,,
canadian-opportunity-39,98,canadian-opportunity.txt,39,"In fact, at least half of you have hired Dominic Barton at one point or another.",https://www.pm.gc.ca/en/news/speeches/2016/01/20/canadian-opportunity,,2016.0,,,,,,,,,,
annual-message-congress-1-12,55,annual-message-congress-1.txt,12,"To meet it required unprecedented activities under Federal leadership to end abuses, to restore a large measure of material prosperity, to give new faith to millions of our citizens who had been traditionally taught to expect that democracy would provide continuously wider opportunity and continuously greater security in a world where science was continuously making material riches more available to man.",https://www.presidency.ucsb.edu/documents/annual-message-congress-1,Franklin D. Roosevelt,1937.0,,,,,,,,,,
address-before-joint-session-the-congress-the-state-the-union-15-187,20,address-before-joint-session-the-congress-the-state-the-union-15.txt,187,"Rules to prevent financial fraud or toxic dumping or faulty medical devices, these don't destroy the free market.",https://www.presidency.ucsb.edu/documents/address-before-joint-session-the-congress-the-state-the-union-15,Barack Obama,2012.0,,,,,,,,,,
annual-message-the-congress-the-state-the-union-14-237,65,annual-message-the-congress-the-state-the-union-14.txt,237,It is estimated that such a tax credit would reduce Federal revenue by $3.2 billion.,https://www.presidency.ucsb.edu/documents/annual-message-the-congress-the-state-the-union-14,Harry S Truman,1948.0,,,,,,,,,,
annual-message-the-congress-the-state-the-union-13-216,64,annual-message-the-congress-the-state-the-union-13.txt,216,The Economic Report will consider the related matter of minimum wages and their coverage.,https://www.presidency.ucsb.edu/documents/annual-message-the-congress-the-state-the-union-13,Dwight D. Eisenhower,1954.0,,,,,,,,,,
annual-message-the-congress-the-state-the-union-8-179,83,annual-message-the-congress-the-state-the-union-8.txt,179,I am requesting the Congress for immediate approval of our share of these increases.,https://www.presidency.ucsb.edu/documents/annual-message-the-congress-the-state-the-union-8,Dwight D. Eisenhower,1959.0,,,,,,,,,,
prime-minister-justin-trudeaus-address-72th-session-united-nations-general-65,232,prime-minister-justin-trudeaus-address-72th-session-united-nations-general.txt,65,That is why our government will be moving forward shortly with legislation to ensure equal pay for work of equal value.,https://www.pm.gc.ca/en/news/speeches/2017/09/21/prime-minister-justin-trudeaus-address-72th-session-united-nations-general,,2017.0,,,,,,,,,,
minister-lloyd-speech-on-software-security-and-cyber-resilience-6,187,minister-lloyd-speech-on-software-security-and-cyber-resilience.txt,6,We estimate that cyber breaches cost the UK about £15 billion a year – around 0.5% of GDP .,https://www.gov.uk/government/speeches/minister-lloyd-speech-on-software-security-and-cyber-resilience,Baroness Lloyd of Effra CBE,,,,,,,,,,,
articles-impeachment-adopted-the-house-representatives-committee-the-judiciary-22,89,articles-impeachment-adopted-the-house-representatives-committee-the-judiciary.txt,22,In refusing to produce these papers and things Richard M.,https://www.presidency.ucsb.edu/documents/articles-impeachment-adopted-the-house-representatives-committee-the-judiciary,U.S. Congress,1974.0,,,,,,,,,,
prime-ministers-announcement-emergency-community-support-fund-5,240,prime-ministers-announcement-emergency-community-support-fund.txt,5,"This morning, I want to again extend my most sincere condolences to the families and friends of the victims of the terrible Nova Scotia attacks.",https://www.pm.gc.ca/en/news/speeches/2020/04/21/prime-ministers-announcement-emergency-community-support-fund,,2020.0,,,,,,,,,,
annual-message-the-congress-112,85,annual-message-the-congress.txt,112,"Overstatement, bitterness, vituperation, and the beating of drums have contributed mightily to ill-feeling and wars between nations.",https://www.presidency.ucsb.edu/documents/annual-message-the-congress,Franklin D. Roosevelt,1940.0,,,,,,,,,,
address-the-state-the-union-delivered-before-joint-session-the-congress-66,51,address-the-state-the-union-delivered-before-joint-session-the-congress.txt,66,Let me begin by reporting a new development which I know will be welcome news to every American.,https://www.presidency.ucsb.edu/documents/address-the-state-the-union-delivered-before-joint-session-the-congress,Richard Nixon,1974.0,,,,,,,,,,
address-before-joint-session-the-congress-the-state-the-union-18-185,23,address-before-joint-session-the-congress-the-state-the-union-18.txt,185,This evening I want to speak directly to our men and women on the frontlines.,https://www.presidency.ucsb.edu/documents/address-before-joint-session-the-congress-the-state-the-union-18,George W. Bush,2008.0,,,,,,,,,,
annual-message-the-congress-the-state-the-union-26-188,74,annual-message-the-congress-the-state-the-union-26.txt,188,This year I speak after 1 year as President of the United States.,https://www.presidency.ucsb.edu/documents/annual-message-the-congress-the-state-the-union-26,Lyndon B. Johnson,1965.0,,,,,,,,,,
annual-message-the-congress-the-state-the-union-5-51,81,annual-message-the-congress-the-state-the-union-5.txt,51,"In short, we need not--and we shall not-take any action to increase the dollar price of gold from $35 an ounce--to impose exchange controls--to reduce our anti-recession efforts--to fall back on restrictive trade policies--or to weaken our commitments around the world.",https://www.presidency.ucsb.edu/documents/annual-message-the-congress-the-state-the-union-5,John F. Kennedy,1961.0,,,,,,,,,,
secretary-of-states-keynote-institute-for-government-speech-106,333,secretary-of-states-keynote-institute-for-government-speech.txt,106,"There is a coalition of the willing to help build a healthier nation and, in many cases, they aren’t waiting for government.",https://www.gov.uk/government/speeches/secretary-of-states-keynote-institute-for-government-speech,The Rt Hon Wes Streeting MP,,,,,,,,,,,
prime-minister-justin-trudeau-updates-canadians-about-flight-ps752-tragedy-45,230,prime-minister-justin-trudeau-updates-canadians-about-flight-ps752-tragedy.txt,45,I want to assure Canadians that our government is working on all fronts to support the grieving families and to get answers to our questions.,https://www.pm.gc.ca/en/news/speeches/2020/01/17/prime-minister-justin-trudeau-updates-canadians-about-flight-ps752-tragedy,,2020.0,,,,,,,,,,
prime-ministers-remarks-support-indigenous-businesses-12,273,prime-ministers-remarks-support-indigenous-businesses.txt,12,Limit your trips to the grocery store to less than once a week.,https://www.pm.gc.ca/en/news/speeches/2020/04/18/prime-ministers-remarks-support-indigenous-businesses,,2020.0,,,,,,,,,,
remarks-prime-minister-justin-trudeau-apologize-behalf-government-canada-7,312,remarks-prime-minister-justin-trudeau-apologize-behalf-government-canada.txt,7,"And to their parents, they promised that their children would be cared for and provided for.",https://www.pm.gc.ca/en/news/speeches/2017/11/24/remarks-prime-minister-justin-trudeau-apologize-behalf-government-canada,,2017.0,,,,,,,,,,
prime-ministers-remarks-incoming-supplies-and-coordinated-efforts-fight-10,262,prime-ministers-remarks-incoming-supplies-and-coordinated-efforts-fight.txt,10,"And going forward, that collaboration will become even more important.",https://www.pm.gc.ca/en/news/speeches/2020/04/02/prime-ministers-remarks-incoming-supplies-and-coordinated-efforts-fight,,2020.0,,,,,,,,,,
annual-message-the-congress-110,85,annual-message-the-congress.txt,110,We cannot afford to face the future as a disunited people.,https://www.presidency.ucsb.edu/documents/annual-message-the-congress,Franklin D. Roosevelt,1940.0,,,,,,,,,,
diversity-canadas-strength-3,114,diversity-canadas-strength.txt,3,"I also want to thank everyone here in the room, and all those joining us outside in the square, for taking the time to be with us today.",https://www.pm.gc.ca/en/news/speeches/2015/11/26/diversity-canadas-strength,,2015.0,,,,,,,,,,
prime-minister-justin-trudeau-announces-oceans-protection-plan-18,226,prime-minister-justin-trudeau-announces-oceans-protection-plan.txt,18,"Now, you may be wondering: Why am I reminding you of all this?",https://www.pm.gc.ca/en/news/speeches/2016/11/07/prime-minister-justin-trudeau-announces-oceans-protection-plan,,2016.0,,,,,,,,,,
annual-message-congress-3-37,57,annual-message-congress-3.txt,37,The security against the major hazards and vicissitudes of life.,https://www.presidency.ucsb.edu/documents/annual-message-congress-3,Franklin D. Roosevelt,1935.0,,,,,,,,,,
annual-message-the-congress-the-state-the-union-1-10,61,annual-message-the-congress-the-state-the-union-1.txt,10,"In these troubled years just past, America has been going through a long nightmare of war and division, of crime and inflation.",https://www.presidency.ucsb.edu/documents/annual-message-the-congress-the-state-the-union-1,Richard Nixon,1971.0,,,,,,,,,,
pm-remarks-lunar-gateway-46,207,pm-remarks-lunar-gateway.txt,46,Canadarm II built the International Space Station.,https://www.pm.gc.ca/en/news/speeches/2019/02/27/pm-remarks-lunar-gateway,,2019.0,,,,,,,,,,
oath-office-and-second-inaugural-address-7,197,oath-office-and-second-inaugural-address.txt,7,This past year saw far-reaching results from our new policies for peace.,https://www.presidency.ucsb.edu/documents/oath-office-and-second-inaugural-address,Richard Nixon,1973.0,,,,,,,,,,
address-before-joint-session-the-congress-the-state-the-union-8-7,42,address-before-joint-session-the-congress-the-state-the-union-8.txt,7,"We have more than 14 million new jobs, the lowest unemployment in 24 years, the lowest core inflation in 30 years; incomes are rising; and we have the highest homeownership in history.",https://www.presidency.ucsb.edu/documents/address-before-joint-session-the-congress-the-state-the-union-8,William J. Clinton,1998.0,,,,,,,,,,
pm-remarks-lunar-gateway-14,207,pm-remarks-lunar-gateway.txt,14,"A time when our ancestors used the stars to find their way through the wilderness, used the sun to tell time, and used the moon to dock their boats.",https://www.pm.gc.ca/en/news/speeches/2019/02/27/pm-remarks-lunar-gateway,,2019.0,,,,,,,,,,
address-before-joint-session-the-congress-the-state-the-union-30-196,37,address-before-joint-session-the-congress-the-state-the-union-30.txt,196,"Imagine a future with affordable childcare, millions of families can get what they need to go to work to help grow the economy.",https://www.presidency.ucsb.edu/documents/address-before-joint-session-the-congress-the-state-the-union-30,"Joseph R. Biden, Jr.",2024.0,,,,,,,,,,
annual-message-the-congress-the-state-the-union-21-159,72,annual-message-the-congress-the-state-the-union-21.txt,159,"Well now, we are taking a new start with the same situation.",https://www.presidency.ucsb.edu/documents/annual-message-the-congress-the-state-the-union-21,Harry S Truman,1949.0,,,,,,,,,,
annual-message-congress-2-45,56,annual-message-congress-2.txt,45,"First, we decline to encourage the prosecution of war by permitting belligerents to obtain arms, ammunition or implements of war from the United States.",https://www.presidency.ucsb.edu/documents/annual-message-congress-2,Franklin D. Roosevelt,1936.0,,,,,,,,,,
second-annual-address-congress-0-7,324,second-annual-address-congress-0.txt,7,As well the celerity with which it has been filled as the nature of the terms (considering the more than ordinary demand for borrowing created by the situation of Europe) give a reasonable hope that the further execution of those powers may proceed with advantage and success.,https://www.presidency.ucsb.edu/documents/second-annual-address-congress-0,George Washington,,,,,,,,,,,
prime-ministers-announcement-emergency-community-support-fund-4,240,prime-ministers-announcement-emergency-community-support-fund.txt,4,"We also pay tribute to the bravery and resilience of survivors, and of all of those who risked their lives to save others during the Holocaust.",https://www.pm.gc.ca/en/news/speeches/2020/04/21/prime-ministers-announcement-emergency-community-support-fund,,2020.0,,,,,,,,,,
prime-ministers-remarks-updating-canadians-about-covid-19-and-social-26,277,prime-ministers-remarks-updating-canadians-about-covid-19-and-social.txt,26,"This comes as we announced that we are closing our air borders to people who aren’t Canadian citizens or permanent residents, with some exceptions, like for air crew and US citizens.",https://www.pm.gc.ca/en/news/speeches/2020/03/17/prime-ministers-remarks-updating-canadians-about-covid-19-and-social,,1969.0,,,,,,,,,,
holocaust-memorial-day-2026-uk-statement-to-the-osce-22,149,holocaust-memorial-day-2026-uk-statement-to-the-osce.txt,22,"And we recommit to confronting antisemitism, protecting the truth, and defending the rights and freedoms that safeguard our shared humanity.",https://www.gov.uk/government/speeches/holocaust-memorial-day-2026-uk-statement-to-the-osce,James Ford,,,,,,,,,,,
prime-ministers-speech-french-national-assembly-71,291,prime-ministers-speech-french-national-assembly.txt,71,"We also agree to mobilize stakeholders around the world to promote carbon pricing, and we will encourage research and analysis on effects of environmental protection provisions included in free trade agreements.",https://www.pm.gc.ca/en/news/speeches/2018/04/17/prime-ministers-speech-french-national-assembly,,2018.0,,,,,,,,,,
address-before-joint-session-the-congress-the-state-the-union-7-130,41,address-before-joint-session-the-congress-the-state-the-union-7.txt,130,These are working families; their children should not be in poverty.,https://www.presidency.ucsb.edu/documents/address-before-joint-session-the-congress-the-state-the-union-7,William J. Clinton,2000.0,,,,,,,,,,
annual-message-the-congress-the-state-the-union-17-245,68,annual-message-the-congress-the-state-the-union-17.txt,245,"If we are to be worthy of all that has been done for us by our soldiers in the field, we must be true to the ideals for which they are fighting.",https://www.presidency.ucsb.edu/documents/annual-message-the-congress-the-state-the-union-17,Harry S Truman,1952.0,,,,,,,,,,
address-before-joint-session-the-congress-the-state-the-union-19-137,24,address-before-joint-session-the-congress-the-state-the-union-19.txt,137,"Surveys show our standing around the world is higher than when I was elected to this office, and when it comes to every important international issue, people of the world do not look to Beijing or Moscow to lead.",https://www.presidency.ucsb.edu/documents/address-before-joint-session-the-congress-the-state-the-union-19,Barack Obama,2016.0,,,,,,,,,,
sixth-annual-message-6-60,338,sixth-annual-message-6.txt,60,It promises to outrun any inquiry that may be instituted and any aid that may be offered.,https://www.presidency.ucsb.edu/documents/sixth-annual-message-6,Woodrow Wilson,1918.0,,,,,,,,,,
sixth-annual-message-6-101,338,sixth-annual-message-6.txt,101,I earnestly recommend the uninterrupted pursuit of that policy.,https://www.presidency.ucsb.edu/documents/sixth-annual-message-6,Woodrow Wilson,1918.0,,,,,,,,,,
address-before-joint-session-the-congress-the-state-the-union-12-186,17,address-before-joint-session-the-congress-the-state-the-union-12.txt,186,So I also must now call on you to finish the job both Houses began last year by passing tough and meaningful campaign finance reform and lobby reform legislation this year.,https://www.presidency.ucsb.edu/documents/address-before-joint-session-the-congress-the-state-the-union-12,William J. Clinton,1994.0,,,,,,,,,,
the-uk-remains-committed-to-supporting-implementation-of-resolution-2803-and-forging-a-peaceful-future-for-israelis-and-palestinians-uk-statement-at-10,364,the-uk-remains-committed-to-supporting-implementation-of-resolution-2803-and-forging-a-peaceful-future-for-israelis-and-palestinians-uk-statement-at.txt,10,"We welcome Israel’s commitment to partially open the Rafah crossing, but this is not enough.",https://www.gov.uk/government/speeches/the-uk-remains-committed-to-supporting-implementation-of-resolution-2803-and-forging-a-peaceful-future-for-israelis-and-palestinians-uk-statement-at,James Kariuki CMG,,,,,,,,,,,
address-before-joint-session-congress-the-state-the-union-2-162,5,address-before-joint-session-congress-the-state-the-union-2.txt,162,"Send me a comprehensive immigration reform bill in the next few months, and I will sign it right away.",https://www.presidency.ucsb.edu/documents/address-before-joint-session-congress-the-state-the-union-2,Barack Obama,2013.0,,,,,,,,,,
minister-narayan-ai-speech-at-founders-forum-47,189,minister-narayan-ai-speech-at-founders-forum.txt,47,"I say back: we have agency on this question, so why don’t we start today?",https://www.gov.uk/government/speeches/minister-narayan-ai-speech-at-founders-forum,Kanishka Narayan MP,,,,,,,,,,,
address-before-joint-session-the-congress-the-state-the-union-11-239,16,address-before-joint-session-the-congress-the-state-the-union-11.txt,239,"Now, last year we almost came to blows over health care, but we didn't do anything.",https://www.presidency.ucsb.edu/documents/address-before-joint-session-the-congress-the-state-the-union-11,William J. Clinton,1995.0,,,,,,,,,,
pm-speech-during-the-munich-security-conference-14-february-33,214,pm-speech-during-the-munich-security-conference-14-february.txt,33,"At the same time, we recognise that things are changing.",https://www.gov.uk/government/speeches/pm-speech-during-the-munich-security-conference-14-february,The Rt Hon Sir Keir Starmer KCB KC MP,,,,,,,,,,,
address-before-joint-session-the-congress-the-state-the-union-19-66,24,address-before-joint-session-the-congress-the-state-the-union-19.txt,66,"Americans understand that at some point in their careers, in this new economy, they may have to retool, they may have to retrain.",https://www.presidency.ucsb.edu/documents/address-before-joint-session-the-congress-the-state-the-union-19,Barack Obama,2016.0,,,,,,,,,,
prime-minister-justin-trudeau-new-approach-address-ongoing-crises-iraq-and-1,229,prime-minister-justin-trudeau-new-approach-address-ongoing-crises-iraq-and.txt,1,"Go to the translated article February 8, 2016 Ottawa, Ontario CHECK AGAINST DELIVERY Introduction Hello everyone.",https://www.pm.gc.ca/en/news/speeches/2016/02/08/prime-minister-justin-trudeau-new-approach-address-ongoing-crises-iraq-and,,2016.0,,,,,,,,,,
address-before-joint-session-the-congress-the-state-the-union-17-18,22,address-before-joint-session-the-congress-the-state-the-union-17.txt,18,I hear about them in the letters that I read each night.,https://www.presidency.ucsb.edu/documents/address-before-joint-session-the-congress-the-state-the-union-17,Barack Obama,2010.0,,,,,,,,,,
address-before-joint-session-the-congress-the-state-the-union-9-248,43,address-before-joint-session-the-congress-the-state-the-union-9.txt,248,"This was his warning; he said, ""If we falter, we may endanger the peace of the world, and we shall surely endanger the welfare of this Nation."" That Congress, led by Republicans like Senator Arthur Vandenberg, answered President Truman's call.",https://www.presidency.ucsb.edu/documents/address-before-joint-session-the-congress-the-state-the-union-9,William J. Clinton,1997.0,,,,,,,,,,
address-before-joint-session-the-congress-the-state-the-union-25-39,31,address-before-joint-session-the-congress-the-state-the-union-25.txt,39,"In April, this will be the last time you will ever file under the old and very broken system, and millions of Americans will have more take-home pay starting next month—a lot more.",https://www.presidency.ucsb.edu/documents/address-before-joint-session-the-congress-the-state-the-union-25,Donald J. Trump (1st Term),2018.0,,,,,,,,,,
first-annual-message-20-14,133,first-annual-message-20.txt,14,I am not proposing any change in this policy; neither is the Senate.,https://www.presidency.ucsb.edu/documents/first-annual-message-20,Calvin Coolidge,1923.0,,,,,,,,,,
statement-apology-behalf-government-canada-inuit-management-tuberculosis-37,344,statement-apology-behalf-government-canada-inuit-management-tuberculosis.txt,37,"We are sorry for forcing you from your families, for not showing you the respect and care you deserved.",https://www.pm.gc.ca/en/news/speeches/2019/03/08/statement-apology-behalf-government-canada-inuit-management-tuberculosis,,2019.0,,,,,,,,,,
second-annual-message-19-20,326,second-annual-message-19.txt,20,"I do not stop to inquire why, or to make any comment on probable causes.",https://www.presidency.ucsb.edu/documents/second-annual-message-19,Woodrow Wilson,1914.0,,,,,,,,,,
annual-message-the-congress-the-state-the-union-17-203,68,annual-message-the-congress-the-state-the-union-17.txt,203,This year we ought to make a number of urgently needed improvements in our social security law.,https://www.presidency.ucsb.edu/documents/annual-message-the-congress-the-state-the-union-17,Harry S Truman,1952.0,,,,,,,,,,
annual-message-the-congress-the-state-the-union-13-84,64,annual-message-the-congress-the-state-the-union-13.txt,84,"Fourth, our defense must rest on trained manpower and its most economical and mobile use.",https://www.presidency.ucsb.edu/documents/annual-message-the-congress-the-state-the-union-13,Dwight D. Eisenhower,1954.0,,,,,,,,,,
updates-on-standards-in-public-life-21,379,updates-on-standards-in-public-life.txt,21,"We will consider whether the current arrangements for the declaration and publication of financial interests for Ministers and senior Government officials are sufficient, and whether regular published financial disclosure forms or other additional transparency measures should be used in the future.",https://www.gov.uk/government/speeches/updates-on-standards-in-public-life,The Rt Hon Darren Jones MP,,,,,,,,,,,
annual-message-the-congress-the-state-the-union-19-59,69,annual-message-the-congress-the-state-the-union-19.txt,59,And Soviet command of the manpower of the free nations of Europe and Asia would confront us with military forces which we could never hope to equal.,https://www.presidency.ucsb.edu/documents/annual-message-the-congress-the-state-the-union-19,Harry S Truman,1951.0,,,,,,,,,,
address-before-joint-session-the-congress-the-state-the-union-3-17,36,address-before-joint-session-the-congress-the-state-the-union-3.txt,17,"When the Speaker of the House, the Senate majority leader, and I performed the bipartisan—or formed the bipartisan Commission on Social Security, pundits and experts predicted that party divisions and conflicting interests would prevent the Commission from agreeing on a plan to save social security.",https://www.presidency.ucsb.edu/documents/address-before-joint-session-the-congress-the-state-the-union-3,Ronald Reagan,1983.0,,,,,,,,,,
address-before-joint-session-the-congress-the-state-the-union-7-35,41,address-before-joint-session-the-congress-the-state-the-union-7.txt,35,America will lead the world toward shared peace and prosperity and the far frontiers of science and technology.,https://www.presidency.ucsb.edu/documents/address-before-joint-session-the-congress-the-state-the-union-7,William J. Clinton,2000.0,,,,,,,,,,
address-before-joint-session-the-congress-the-state-the-union-12-108,17,address-before-joint-session-the-congress-the-state-the-union-12.txt,108,"And without blinking an eye, she looked at 40 Governors, and she said, ""When my boy goes to school and they say, ‘What does your mother do for a living?' he can give an answer."" These people want a better system, and we ought to give it to them.",https://www.presidency.ucsb.edu/documents/address-before-joint-session-the-congress-the-state-the-union-12,William J. Clinton,1994.0,,,,,,,,,,
prime-ministers-remarks-canada-emergency-response-benefit-and-additional-20,251,prime-ministers-remarks-canada-emergency-response-benefit-and-additional.txt,20,"For everyone else, you’ll be able to apply another day this week, depending on your birth month.",https://www.pm.gc.ca/en/news/speeches/2020/04/06/prime-ministers-remarks-canada-emergency-response-benefit-and-additional,,2020.0,,,,,,,,,,
address-before-joint-session-the-congress-the-state-the-union-30-7,37,address-before-joint-session-the-congress-the-state-the-union-30.txt,7,Now it's we who face an unprecedented moment in the history of the Union.,https://www.presidency.ucsb.edu/documents/address-before-joint-session-the-congress-the-state-the-union-30,"Joseph R. Biden, Jr.",2024.0,,,,,,,,,,
address-before-joint-session-the-congress-the-state-the-union-28-179,34,address-before-joint-session-the-congress-the-state-the-union-28.txt,179,You play with them or you don't get to play at all.,https://www.presidency.ucsb.edu/documents/address-before-joint-session-the-congress-the-state-the-union-28,"Joseph R. Biden, Jr.",2022.0,,,,,,,,,,
the-presidents-inaugural-address-54,355,the-presidents-inaugural-address.txt,54,"If we fail now then we will have forgotten in abundance what we learned in hardship: that democracy rests on faith, that freedom asks more than it gives, and the judgment of God is harshest on those who are most favored.",https://www.presidency.ucsb.edu/documents/the-presidents-inaugural-address,Lyndon B. Johnson,1965.0,,,,,,,,,,
inaugural-address-68,168,inaugural-address.txt,68,"To my friends, and, yes, I do mean friends -- in the loyal opposition and, yes, I mean loyal -- I put out my hand.",https://www.presidency.ucsb.edu/documents/inaugural-address,George Bush,1989.0,,,,,,,,,,
excerpts-the-report-congressional-committees-investigating-the-iran-contra-affair-341,126,excerpts-the-report-congressional-committees-investigating-the-iran-contra-affair.txt,341,Government funds managed by private citizens during the course of a covert action.,https://www.presidency.ucsb.edu/documents/excerpts-the-report-congressional-committees-investigating-the-iran-contra-affair,U.S. Congress,1987.0,,,,,,,,,,
address-before-joint-session-the-congress-the-state-the-union-9-112,43,address-before-joint-session-the-congress-the-state-the-union-9.txt,112,"Tenth, we must bring the power of the information age into all our schools.",https://www.presidency.ucsb.edu/documents/address-before-joint-session-the-congress-the-state-the-union-9,William J. Clinton,1997.0,,,,,,,,,,
address-before-joint-session-the-congress-the-state-the-union-17-201,22,address-before-joint-session-the-congress-the-state-the-union-17.txt,201,Let's try common sense--[ Laughter ]--a novel concept.,https://www.presidency.ucsb.edu/documents/address-before-joint-session-the-congress-the-state-the-union-17,Barack Obama,2010.0,,,,,,,,,,
pm-speech-house-commons-new-zealand-mosque-shootings-30,215,pm-speech-house-commons-new-zealand-mosque-shootings.txt,30,"When we fail to denounce hatred with total conviction, we empower those people and legitimize their violence.",https://www.pm.gc.ca/en/news/speeches/2019/03/19/pm-speech-house-commons-new-zealand-mosque-shootings,,2019.0,,,,,,,,,,
annual-message-the-congress-the-state-the-union-4-194,80,annual-message-the-congress-the-state-the-union-4.txt,194,Our goal must be a reasonable equilibrium in our balance of payments.,https://www.presidency.ucsb.edu/documents/annual-message-the-congress-the-state-the-union-4,John F. Kennedy,1962.0,,,,,,,,,,
annual-message-the-congress-the-state-the-union-14-99,65,annual-message-the-congress-the-state-the-union-14.txt,99,We can learn much from our Tennessee Valley experience.,https://www.presidency.ucsb.edu/documents/annual-message-the-congress-the-state-the-union-14,Harry S Truman,1948.0,,,,,,,,,,
the-state-the-union-address-delivered-before-joint-session-the-congress-0-58,356,the-state-the-union-address-delivered-before-joint-session-the-congress-0.txt,58,"I call on Congress to take other anti-inflation action—to expand our exports to protect American jobs threatened by unfair trade, to conserve energy, to increase production and to speed development of solar power, and to reassess our Nation's technological superiority.",https://www.presidency.ucsb.edu/documents/the-state-the-union-address-delivered-before-joint-session-the-congress-0,Jimmy Carter,1979.0,,,,,,,,,,
annual-message-the-congress-the-state-the-union-29-101,77,annual-message-the-congress-the-state-the-union-29.txt,101,"Therefore we must call together the resources of industry and labor, to start building 300,000 housing units for low- and middle-income families next year--that is three times more than this year.",https://www.presidency.ucsb.edu/documents/annual-message-the-congress-the-state-the-union-29,Lyndon B. Johnson,1968.0,,,,,,,,,,
annual-message-the-congress-the-state-the-union-26-68,74,annual-message-the-congress-the-state-the-union-26.txt,68,"And because we know these realities, those policies have been, and will be, in the interest of Europe.",https://www.presidency.ucsb.edu/documents/annual-message-the-congress-the-state-the-union-26,Lyndon B. Johnson,1965.0,,,,,,,,,,
annual-message-the-congress-the-state-the-union-9-69,84,annual-message-the-congress-the-state-the-union-9.txt,69,The first is that each of our great river valleys should be considered as a whole.,https://www.presidency.ucsb.edu/documents/annual-message-the-congress-the-state-the-union-9,Dwight D. Eisenhower,1957.0,,,,,,,,,,
address-before-joint-session-congress-the-state-the-union-0-35,3,address-before-joint-session-congress-the-state-the-union-0.txt,35,And that means it's all out—right to the finish line.,https://www.presidency.ucsb.edu/documents/address-before-joint-session-congress-the-state-the-union-0,Ronald Reagan,1988.0,,,,,,,,,,
address-before-joint-session-the-congress-the-state-the-union-23-130,29,address-before-joint-session-the-congress-the-state-the-union-23.txt,130,"We've broken Al Qaida cells in Hamburg, Milan, Madrid, London, Paris, as well as Buffalo, New York.",https://www.presidency.ucsb.edu/documents/address-before-joint-session-the-congress-the-state-the-union-23,George W. Bush,2003.0,,,,,,,,,,
address-before-joint-session-the-congress-the-state-the-union-9-2,43,address-before-joint-session-the-congress-the-state-the-union-9.txt,2,"I come before you tonight with a challenge as great as any in our peacetime history and a plan of action to meet that challenge, to prepare our people for the bold new world of the 21st century.",https://www.presidency.ucsb.edu/documents/address-before-joint-session-the-congress-the-state-the-union-9,William J. Clinton,1997.0,,,,,,,,,,
prime-ministers-speech-universite-cheikh-anta-diop-senegal-15,294,prime-ministers-speech-universite-cheikh-anta-diop-senegal.txt,15,"To begin with, these challenges are part of your everyday life.",https://www.pm.gc.ca/en/news/speeches/2020/02/13/prime-ministers-speech-universite-cheikh-anta-diop-senegal,,2020.0,,,,,,,,,,
prime-minister-justin-trudeau-announces-oceans-protection-plan-13,226,prime-minister-justin-trudeau-announces-oceans-protection-plan.txt,13,"And I also remember exploring Cypress Creek with my younger brothers, Sacha and Michel, and my Grandpa Jimmy.",https://www.pm.gc.ca/en/news/speeches/2016/11/07/prime-minister-justin-trudeau-announces-oceans-protection-plan,,2016.0,,,,,,,,,,
prime-ministers-remarks-incoming-supplies-and-coordinated-efforts-fight-28,262,prime-ministers-remarks-incoming-supplies-and-coordinated-efforts-fight.txt,28,That means we can share more information with you.,https://www.pm.gc.ca/en/news/speeches/2020/04/02/prime-ministers-remarks-incoming-supplies-and-coordinated-efforts-fight,,2020.0,,,,,,,,,,
address-before-joint-session-the-congress-reporting-the-state-the-union-1-189,10,address-before-joint-session-the-congress-reporting-the-state-the-union-1.txt,189,Let us make America once again and for centuries more to come what it has so long been--a stronghold and a beacon-light of liberty for the whole world.,https://www.presidency.ucsb.edu/documents/address-before-joint-session-the-congress-reporting-the-state-the-union-1,Gerald R. Ford,1975.0,,,,,,,,,,
annual-message-the-congress-the-state-the-union-29-24,77,annual-message-the-congress-the-state-the-union-29.txt,24,"--In Asia, the nations from Korea and Japan to Indonesia and Singapore worked behind America's shield to strengthen their economies and to broaden their political cooperation.",https://www.presidency.ucsb.edu/documents/annual-message-the-congress-the-state-the-union-29,Lyndon B. Johnson,1968.0,,,,,,,,,,
diversity-canadas-strength-72,114,diversity-canadas-strength.txt,72,We know that people are defined in large part by our relationships to other people.,https://www.pm.gc.ca/en/news/speeches/2015/11/26/diversity-canadas-strength,,2015.0,,,,,,,,,,
foreign-secretary-statement-to-the-house-on-greenland-and-wider-arctic-security-11,136,foreign-secretary-statement-to-the-house-on-greenland-and-wider-arctic-security.txt,11,"Third, Arctic security is a shared concern - and a shared responsibility – for both sides of the Atlantic.",https://www.gov.uk/government/speeches/foreign-secretary-statement-to-the-house-on-greenland-and-wider-arctic-security,The Rt Hon Yvette Cooper MP,,,,,,,,,,,
the-presidents-inaugural-address-45,355,the-presidents-inaugural-address.txt,45,So let us reject any among us who seek to reopen old wounds and rekindle old hatreds.,https://www.presidency.ucsb.edu/documents/the-presidents-inaugural-address,Lyndon B. Johnson,1965.0,,,,,,,,,,
address-before-joint-session-the-congress-reporting-the-state-the-union-150,12,address-before-joint-session-the-congress-reporting-the-state-the-union.txt,150,"To keep a convicted criminal from committing more crimes, we must put him in prison so he cannot harm more law-abiding citizens.",https://www.presidency.ucsb.edu/documents/address-before-joint-session-the-congress-reporting-the-state-the-union,Gerald R. Ford,1976.0,,,,,,,,,,
address-before-joint-session-the-congress-the-state-the-union-17-305,22,address-before-joint-session-the-congress-the-state-the-union-17.txt,305,But I wake up every day knowing that they are nothing compared to the setbacks that families all across this country have faced this year.,https://www.presidency.ucsb.edu/documents/address-before-joint-session-the-congress-the-state-the-union-17,Barack Obama,2010.0,,,,,,,,,,
annual-message-the-congress-the-state-the-union-21-41,72,annual-message-the-congress-the-state-the-union-21.txt,41,Each of these shortcomings is also an opportunity-an opportunity for the Congress and the President to work for the good of the people.,https://www.presidency.ucsb.edu/documents/annual-message-the-congress-the-state-the-union-21,Harry S Truman,1949.0,,,,,,,,,,
annual-message-the-congress-the-state-the-union-12-143,63,annual-message-the-congress-the-state-the-union-12.txt,143,Expenditures of that year were six and a half billion below those of the previous year.,https://www.presidency.ucsb.edu/documents/annual-message-the-congress-the-state-the-union-12,Dwight D. Eisenhower,1955.0,,,,,,,,,,
address-before-joint-session-the-congress-the-state-the-union-12-255,17,address-before-joint-session-the-congress-the-state-the-union-12.txt,255,Every day he restores some sanity and safety and a sense of values and connections to the people whose lives he protects.,https://www.presidency.ucsb.edu/documents/address-before-joint-session-the-congress-the-state-the-union-12,William J. Clinton,1994.0,,,,,,,,,,
address-before-joint-session-the-congress-the-state-the-union-0-62,13,address-before-joint-session-the-congress-the-state-the-union-0.txt,62,"We must not go back to the days of ""the hollow army."" We cannot repeat the mistakes made twice in this century when armistice was followed by recklessness and defense was purged as if the world were permanently safe.",https://www.presidency.ucsb.edu/documents/address-before-joint-session-the-congress-the-state-the-union-0,George Bush,1992.0,,,,,,,,,,
address-before-joint-session-the-congress-reporting-the-state-the-union-2-64,11,address-before-joint-session-the-congress-reporting-the-state-the-union-2.txt,64,"More important, we're making progress with the three keys to reducing deficits: economic growth, lower interest rates, and spending control.",https://www.presidency.ucsb.edu/documents/address-before-joint-session-the-congress-reporting-the-state-the-union-2,Ronald Reagan,1982.0,,,,,,,,,,
excerpts-the-report-congressional-committees-investigating-the-iran-contra-affair-318,126,excerpts-the-report-congressional-committees-investigating-the-iran-contra-affair.txt,318,"In a constitutional democracy, it is not true, as one official maintained, that ""When you take the king's shilling, you do the king's bidding."" The idea of monarchy was rejected here 200 years ago and since then, the law -not any official or ideology - has been paramount.",https://www.presidency.ucsb.edu/documents/excerpts-the-report-congressional-committees-investigating-the-iran-contra-affair,U.S. Congress,1987.0,,,,,,,,,,
annual-message-the-congress-the-state-the-union-9-108,84,annual-message-the-congress-the-state-the-union-9.txt,108,Any program that endangers our economy could defeat us.,https://www.presidency.ucsb.edu/documents/annual-message-the-congress-the-state-the-union-9,Dwight D. Eisenhower,1957.0,,,,,,,,,,
address-prime-minister-justin-trudeau-st-matthews-day-banquet-hamburg-23,49,address-prime-minister-justin-trudeau-st-matthews-day-banquet-hamburg.txt,23,And we’re watching that anxiety transform into anger on an almost daily basis.,https://www.pm.gc.ca/en/news/speeches/2017/02/17/address-prime-minister-justin-trudeau-st-matthews-day-banquet-hamburg,,2017.0,,,,,,,,,,
prime-ministers-speaking-notes-pollution-pricing-announcement-71,290,prime-ministers-speaking-notes-pollution-pricing-announcement.txt,71,Maybe it's an investor who sees the chance to make a few short-term bucks.,https://www.pm.gc.ca/en/news/speeches/2018/10/23/prime-ministers-speaking-notes-pollution-pricing-announcement,,2018.0,,,,,,,,,,
secretary-of-states-keynote-institute-for-government-speech-1,333,secretary-of-states-keynote-institute-for-government-speech.txt,1,"Good morning and, if it’s not too late to say, Happy New Year.",https://www.gov.uk/government/speeches/secretary-of-states-keynote-institute-for-government-speech,The Rt Hon Wes Streeting MP,,,,,,,,,,,
osce-conference-on-tackling-antisemitism-st-gallen-2026-uk-statement-15,201,osce-conference-on-tackling-antisemitism-st-gallen-2026-uk-statement.txt,15,"During our recent IHRA Presidency, we worked with partners to protect the historical record, reinforce Holocaust education, and address emerging challenges, including those arising from artificial intelligence and digital manipulation.",https://www.gov.uk/government/speeches/osce-conference-on-tackling-antisemitism-st-gallen-2026-uk-statement,,,,,,,,,,,,
the-uk-urges-full-implementation-of-colombias-2016-peace-agreement-uk-statement-at-the-un-security-council-11,367,the-uk-urges-full-implementation-of-colombias-2016-peace-agreement-uk-statement-at-the-un-security-council.txt,11,We call on all actors to respect the democratic process and protect the civilian population across the country.,https://www.gov.uk/government/speeches/the-uk-urges-full-implementation-of-colombias-2016-peace-agreement-uk-statement-at-the-un-security-council,James Kariuki CMG,,,,,,,,,,,
first-annual-message-19-153,132,first-annual-message-19.txt,153,"This foundation in the law, dealing with the modern conditions of social and economic life, would hasten the building of the temple of peace in industry which a rejoicing nation would acclaim.",https://www.presidency.ucsb.edu/documents/first-annual-message-19,Warren G. Harding,1921.0,,,,,,,,,,
minister-lloyd-cyber-security-speech-at-biba-insurance-conference-52,185,minister-lloyd-cyber-security-speech-at-biba-insurance-conference.txt,52,"Uptake of cyber insurance among SMEs remains a challenge, with barriers including cost, complexity, and awareness.",https://www.gov.uk/government/speeches/minister-lloyd-cyber-security-speech-at-biba-insurance-conference,Baroness Lloyd of Effra CBE,,,,,,,,,,,
updates-on-standards-in-public-life-1,379,updates-on-standards-in-public-life.txt,1,"Last week, I came to the House in the wake of information released by the United States Department of Justice about the depth and extent of Peter Mandelson’s relationship with Jeffrey Epstein.",https://www.gov.uk/government/speeches/updates-on-standards-in-public-life,The Rt Hon Darren Jones MP,,,,,,,,,,,
annual-message-the-congress-the-state-the-union-10-186,62,annual-message-the-congress-the-state-the-union-10.txt,186,"But of all the works of peace, none is more needed now than a real first step toward disarmament.",https://www.presidency.ucsb.edu/documents/annual-message-the-congress-the-state-the-union-10,Dwight D. Eisenhower,1958.0,,,,,,,,,,
annual-message-the-congress-the-state-the-union-16-88,67,annual-message-the-congress-the-state-the-union-16.txt,88,A unified and dynamic effort in this whole field is essential to the security of the United States and of the other peoples in the community of free nations.,https://www.presidency.ucsb.edu/documents/annual-message-the-congress-the-state-the-union-16,Dwight D. Eisenhower,1953.0,,,,,,,,,,
address-before-joint-session-the-congress-the-state-the-union-2-46,25,address-before-joint-session-the-congress-the-state-the-union-2.txt,46,"Real improvement in our schools is not simply a matter of spending more: It's a matter of asking more -- expecting more -- of our schools, our teachers, of our kids, of our parents, and ourselves.",https://www.presidency.ucsb.edu/documents/address-before-joint-session-the-congress-the-state-the-union-2,George Bush,1990.0,,,,,,,,,,
pm-remarks-in-welwyn-garden-city-10-february-7,206,pm-remarks-in-welwyn-garden-city-10-february.txt,7,"And I know what it feels like to sit down at the kitchen table, worried about the fact that you can’t make ends meet.",https://www.gov.uk/government/speeches/pm-remarks-in-welwyn-garden-city-10-february,The Rt Hon Sir Keir Starmer KCB KC MP,,,,,,,,,,,
annual-message-the-congress-the-state-the-union-26-5,74,annual-message-the-congress-the-state-the-union-26.txt,5,"You will soon learn that you are among men whose first love is their country, men who try each day to do as best they can what they believe is right.",https://www.presidency.ucsb.edu/documents/annual-message-the-congress-the-state-the-union-26,Lyndon B. Johnson,1965.0,,,,,,,,,,
inaugural-address-15-35,159,inaugural-address-15.txt,35,"The commitments we make to each other through Medicare and Medicaid and Social Security, these things do not sap our initiative, they strengthen us.",https://www.presidency.ucsb.edu/documents/inaugural-address-15,Barack Obama,2013.0,,,,,,,,,,
annual-message-the-congress-the-state-the-union-3-174,78,annual-message-the-congress-the-state-the-union-3.txt,174,"Its value in serving the cause of peace has been shown anew in its role in the West New Guinea settlement, in its use as a forum for the Cuban crisis, and in its task of unification in the Congo.",https://www.presidency.ucsb.edu/documents/annual-message-the-congress-the-state-the-union-3,John F. Kennedy,1963.0,,,,,,,,,,
address-before-joint-session-the-congress-the-state-the-union-6-228,40,address-before-joint-session-the-congress-the-state-the-union-6.txt,228,The new century demands new partnerships for peace and security.,https://www.presidency.ucsb.edu/documents/address-before-joint-session-the-congress-the-state-the-union-6,William J. Clinton,1999.0,,,,,,,,,,
address-before-joint-session-the-congress-the-state-the-union-11-25,16,address-before-joint-session-the-congress-the-state-the-union-11.txt,25,"More than 60 years ago, at the dawn of another new era, President Roosevelt told our Nation, ""New conditions impose new requirements on Government and those who conduct Government."" And from that simple proposition, he shaped the New Deal, which helped to restore our Nation to prosperity and define the relationship between our people and their Government for half a century.",https://www.presidency.ucsb.edu/documents/address-before-joint-session-the-congress-the-state-the-union-11,William J. Clinton,1995.0,,,,,,,,,,
prime-ministers-remarks-state-dinner-official-visit-united-states-26,271,prime-ministers-remarks-state-dinner-official-visit-united-states.txt,26,"Together, Canada and the US negotiated trade agreements that have expanded opportunities for our businesses, created millions of good, well-paying jobs for our workers, and made more products more affordable for more Canadian and American families.",https://www.pm.gc.ca/en/news/speeches/2016/03/10/prime-ministers-remarks-state-dinner-official-visit-united-states,,2016.0,,,,,,,,,,
address-before-joint-session-the-congress-the-state-the-union-0-155,13,address-before-joint-session-the-congress-the-state-the-union-0.txt,155,"We must empower the poor with the pride that comes from owning a home, getting a job, becoming a part of things.",https://www.presidency.ucsb.edu/documents/address-before-joint-session-the-congress-the-state-the-union-0,George Bush,1992.0,,,,,,,,,,
prime-ministers-remarks-media-availability-national-press-theatre-7,264,prime-ministers-remarks-media-availability-national-press-theatre.txt,7,"Regarding Flight 752, the Minister of Foreign Affairs’ team gave an update on the status of consular assistance being provided to families.",https://www.pm.gc.ca/en/news/speeches/2020/02/21/prime-ministers-remarks-media-availability-national-press-theatre,,2020.0,,,,,,,,,,
address-before-joint-session-the-congress-the-state-the-union-13-32,18,address-before-joint-session-the-congress-the-state-the-union-13.txt,32,"Lacking the military strength to challenge us directly, the terrorists have chosen the weapon of fear.",https://www.presidency.ucsb.edu/documents/address-before-joint-session-the-congress-the-state-the-union-13,George W. Bush,2006.0,,,,,,,,,,
diversity-canadas-strength-102,114,diversity-canadas-strength.txt,102,Let’s show the world the very best of what that means.,https://www.pm.gc.ca/en/news/speeches/2015/11/26/diversity-canadas-strength,,2015.0,,,,,,,,,,
annual-message-the-congress-the-state-the-union-12-12,63,annual-message-the-congress-the-state-the-union-12.txt,12,"In the past year, there has been progress justifying hope, both for continuing peace and for the ultimate rule of freedom and justice in the world.",https://www.presidency.ucsb.edu/documents/annual-message-the-congress-the-state-the-union-12,Dwight D. Eisenhower,1955.0,,,,,,,,,,
annual-message-the-congress-the-state-the-union-25-13,73,annual-message-the-congress-the-state-the-union-25.txt,13,"For my part, I pledge a progressive administration which is efficient, and honest and frugal.",https://www.presidency.ucsb.edu/documents/annual-message-the-congress-the-state-the-union-25,Lyndon B. Johnson,1964.0,,,,,,,,,,
annual-message-the-congress-the-state-the-union-30-155,79,annual-message-the-congress-the-state-the-union-30.txt,155,"I have been assisted by my friend every step of the way, Vice President Hubert Humphrey.",https://www.presidency.ucsb.edu/documents/annual-message-the-congress-the-state-the-union-30,Lyndon B. Johnson,1969.0,,,,,,,,,,
second-annual-message-20-162,327,second-annual-message-20.txt,162,"Life amid American opportunities is worth the cost of registration if it is worth the seeking, and the Nation has the right to know who are citizens in the making or who live among us anti share our advantages while seeking to undermine our cherished institutions.",https://www.presidency.ucsb.edu/documents/second-annual-message-20,Warren G. Harding,1922.0,,,,,,,,,,
address-before-joint-session-the-congress-the-state-the-union-16-97,21,address-before-joint-session-the-congress-the-state-the-union-16.txt,97,"We need to teach them that success is not a function of fame or PR, but of hard work and discipline.",https://www.presidency.ucsb.edu/documents/address-before-joint-session-the-congress-the-state-the-union-16,Barack Obama,2011.0,,,,,,,,,,
address-the-state-the-union-delivered-before-joint-session-the-congress-179,51,address-the-state-the-union-delivered-before-joint-session-the-congress.txt,179,"I will cooperate so that it can conclude its investigation, make its decision, and I will cooperate in any way that I consider consistent with my responsibilities to the Office of the Presidency of the United States.",https://www.presidency.ucsb.edu/documents/address-the-state-the-union-delivered-before-joint-session-the-congress,Richard Nixon,1974.0,,,,,,,,,,
address-before-joint-session-the-congress-the-state-the-union-27-65,33,address-before-joint-session-the-congress-the-state-the-union-27.txt,65,"It will also bring trade with Mexico and Canada to a much higher level, but also to be a much greater degree of fairness and reciprocity.",https://www.presidency.ucsb.edu/documents/address-before-joint-session-the-congress-the-state-the-union-27,Donald J. Trump (1st Term),2020.0,,,,,,,,,,
address-before-joint-session-the-congress-the-state-the-union-24-35,30,address-before-joint-session-the-congress-the-state-the-union-24.txt,35,"As of this month, that country has a new constitution guaranteeing free elections and full participation by women.",https://www.presidency.ucsb.edu/documents/address-before-joint-session-the-congress-the-state-the-union-24,George W. Bush,2004.0,,,,,,,,,,
inaugural-address-4-101,162,inaugural-address-4.txt,101,"They will test our courage, our devotion to duty, and our concept of liberty.",https://www.presidency.ucsb.edu/documents/inaugural-address-4,Harry S Truman,1949.0,,,,,,,,,,
statement-apology-behalf-government-canada-inuit-management-tuberculosis-70,344,statement-apology-behalf-government-canada-inuit-management-tuberculosis.txt,70,But beating this disease isn’t as simple as vaccines or screening – although that’s certainly part of the equation.,https://www.pm.gc.ca/en/news/speeches/2019/03/08/statement-apology-behalf-government-canada-inuit-management-tuberculosis,,2019.0,,,,,,,,,,
the-deputy-prime-ministers-speech-to-100-year-partnership-event-61,351,the-deputy-prime-ministers-speech-to-100-year-partnership-event.txt,61,And then we’ve got the idea of shared success behind our enhanced agreement on procurement.,https://www.gov.uk/government/speeches/the-deputy-prime-ministers-speech-to-100-year-partnership-event,The Rt Hon David Lammy MP,,,,,,,,,,,
prime-minister-keynote-speech-world-economic-forum-2018-13,236,prime-minister-keynote-speech-world-economic-forum-2018.txt,13,"And while that might not seem like very long ago, in this new era of perpetual change that we’re living in, two years might as well be a lifetime.",https://www.pm.gc.ca/en/news/speeches/2018/01/23/prime-minister-keynote-speech-world-economic-forum-2018,,2018.0,,,,,,,,,,
prime-ministers-remarks-expansion-canada-emergency-response-benefit-and-10,256,prime-ministers-remarks-expansion-canada-emergency-response-benefit-and.txt,10,"You heard me speak in Parliament about the contributions of the Greatest Generation, who grew up during the Great Depression and fought through the Second World War.",https://www.pm.gc.ca/en/news/speeches/2020/04/15/prime-ministers-remarks-expansion-canada-emergency-response-benefit-and,,2020.0,,,,,,,,,,
address-before-joint-session-the-congress-the-state-the-union-24-87,30,address-before-joint-session-the-congress-the-state-the-union-24.txt,87,"Iraq's torture chambers would still be filled with victims, terrified and innocent.",https://www.presidency.ucsb.edu/documents/address-before-joint-session-the-congress-the-state-the-union-24,George W. Bush,2004.0,,,,,,,,,,
prime-ministers-remarks-new-support-covid-19-medical-research-and-vaccine-21,267,prime-ministers-remarks-new-support-covid-19-medical-research-and-vaccine.txt,21,We’re putting in place an additional $1.1 billion for a national medical research strategy to address COVID-19.,https://www.pm.gc.ca/en/news/speeches/2020/04/23/prime-ministers-remarks-new-support-covid-19-medical-research-and-vaccine,,2020.0,,,,,,,,,,
address-before-joint-session-the-congress-the-state-the-union-12-107,17,address-before-joint-session-the-congress-the-state-the-union-12.txt,107,The woman from my State who testified was asked this question: What's the best thing about being off welfare and in a job?,https://www.presidency.ucsb.edu/documents/address-before-joint-session-the-congress-the-state-the-union-12,William J. Clinton,1994.0,,,,,,,,,,
address-before-joint-session-the-congress-the-state-the-union-6-16,40,address-before-joint-session-the-congress-the-state-the-union-6.txt,16,"Our fiscal discipline gives us an unsurpassed opportunity to address a remarkable new challenge, the aging of America.",https://www.presidency.ucsb.edu/documents/address-before-joint-session-the-congress-the-state-the-union-6,William J. Clinton,1999.0,,,,,,,,,,
first-annual-message-19-8,132,first-annual-message-19.txt,8,"They must themselves turn to the heroic remedies for the menacing conditions under which they are struggling, then we can help, and we mean to help.",https://www.presidency.ucsb.edu/documents/first-annual-message-19,Warren G. Harding,1921.0,,,,,,,,,,
address-before-joint-session-the-congress-the-state-the-union-13-49,18,address-before-joint-session-the-congress-the-state-the-union-13.txt,49,"And third, we're striking terrorist targets while we train Iraqi forces that are increasingly capable of defeating the enemy.",https://www.presidency.ucsb.edu/documents/address-before-joint-session-the-congress-the-state-the-union-13,George W. Bush,2006.0,,,,,,,,,,
annual-message-congress-0-119,54,annual-message-congress-0.txt,119,"Generically such problems arise out of the concentration of economic control to the detriment of the body politic-control of other people's money, other people's labor, other people's lives.",https://www.presidency.ucsb.edu/documents/annual-message-congress-0,Franklin D. Roosevelt,1938.0,,,,,,,,,,
annual-message-congress-2-109,56,annual-message-congress-2.txt,109,"I have said, ""The only thing we have to fear is fear itself."" That is as true today as it was in 1933.",https://www.presidency.ucsb.edu/documents/annual-message-congress-2,Franklin D. Roosevelt,1936.0,,,,,,,,,,
prime-ministers-statement-trans-mountain-pipeline-project-13,295,prime-ministers-statement-trans-mountain-pipeline-project.txt,13,"That sense of optimism, of hope, of ambition to leave the world a better place than we found it, is who we are as Canadians.",https://www.pm.gc.ca/en/news/speeches/2018/04/15/prime-ministers-statement-trans-mountain-pipeline-project,,2018.0,,,,,,,,,,
address-before-joint-session-the-congress-the-state-the-union-9-211,43,address-before-joint-session-the-congress-the-state-the-union-9.txt,211,I am proud to say that today America is once again the most competitive nation and the number one exporter in the world.,https://www.presidency.ucsb.edu/documents/address-before-joint-session-the-congress-the-state-the-union-9,William J. Clinton,1997.0,,,,,,,,,,
annual-message-the-congress-the-state-the-union-19-134,69,annual-message-the-congress-the-state-the-union-19.txt,134,"And we are continuing to build a strong and growing economy, able to maintain whatever effort may be required for as long as necessary.",https://www.presidency.ucsb.edu/documents/annual-message-the-congress-the-state-the-union-19,Harry S Truman,1951.0,,,,,,,,,,
second-annual-message-20-213,327,second-annual-message-20.txt,213,"Moreover we are cognizant of the world's struggles for full readjustment and rehabilitation, and we have shirked no duty which comes of sympathy, or fraternity, or highest fellowship among nations.",https://www.presidency.ucsb.edu/documents/second-annual-message-20,Warren G. Harding,1922.0,,,,,,,,,,
prime-ministers-announcement-emergency-community-support-fund-19,240,prime-ministers-announcement-emergency-community-support-fund.txt,19,"At the same time, the total number of people who need assistance to get through this tough time has also increased.",https://www.pm.gc.ca/en/news/speeches/2020/04/21/prime-ministers-announcement-emergency-community-support-fund,,2020.0,,,,,,,,,,
prime-ministers-speech-french-national-assembly-121,291,prime-ministers-speech-french-national-assembly.txt,121,CETA is only the starting point for a new era in cooperation and integration.,https://www.pm.gc.ca/en/news/speeches/2018/04/17/prime-ministers-speech-french-national-assembly,,2018.0,,,,,,,,,,
annual-message-the-congress-the-state-the-union-3-71,78,annual-message-the-congress-the-state-the-union-3.txt,71,"--Finally, our already overcrowded national parks and recreation areas will have twice as many visitors 10 years from now as they do today.",https://www.presidency.ucsb.edu/documents/annual-message-the-congress-the-state-the-union-3,John F. Kennedy,1963.0,,,,,,,,,,
prime-minister-justin-trudeau-delivers-speech-assembly-first-nations-52,227,prime-minister-justin-trudeau-delivers-speech-assembly-first-nations.txt,52,"And fifth, we will conduct a full review of the legislation unilaterally imposed on Indigenous peoples by the previous government.",https://www.pm.gc.ca/en/news/speeches/2015/12/08/prime-minister-justin-trudeau-delivers-speech-assembly-first-nations,,2015.0,,,,,,,,,,
address-before-joint-session-the-congress-the-state-the-union-29-296,35,address-before-joint-session-the-congress-the-state-the-union-29.txt,296,More resources to reduce violent crime and gun crime.,https://www.presidency.ucsb.edu/documents/address-before-joint-session-the-congress-the-state-the-union-29,"Joseph R. Biden, Jr.",2023.0,,,,,,,,,,
annual-message-the-congress-the-state-the-union-28-114,76,annual-message-the-congress-the-state-the-union-28.txt,114,The 89th Congress gave us a new start in the attack on crime by passing the Law Enforcement Assistance Act that I recommended.,https://www.presidency.ucsb.edu/documents/annual-message-the-congress-the-state-the-union-28,Lyndon B. Johnson,1967.0,,,,,,,,,,
prime-minister-justin-trudeaus-address-71st-session-united-nations-general-55,231,prime-minister-justin-trudeaus-address-71st-session-united-nations-general.txt,55,"We’re going to invest in education, because it gives the next generation the tools they need to contribute to the world economy and succeed.",https://www.pm.gc.ca/en/news/speeches/2016/09/20/prime-minister-justin-trudeaus-address-71st-session-united-nations-general,,2016.0,,,,,,,,,,
address-before-joint-session-the-congress-the-state-the-union-23-41,29,address-before-joint-session-the-congress-the-state-the-union-23.txt,41,A growing economy and a focus on essential priorities will be crucial to the future of Social Security.,https://www.presidency.ucsb.edu/documents/address-before-joint-session-the-congress-the-state-the-union-23,George W. Bush,2003.0,,,,,,,,,,
address-before-joint-session-the-congress-the-state-the-union-7-70,41,address-before-joint-session-the-congress-the-state-the-union-7.txt,70,"Tonight I ask you for another $1 billion for Head Start, the largest increase in the history of the program.",https://www.presidency.ucsb.edu/documents/address-before-joint-session-the-congress-the-state-the-union-7,William J. Clinton,2000.0,,,,,,,,,,
prime-ministers-speech-universite-cheikh-anta-diop-senegal-9,294,prime-ministers-speech-universite-cheikh-anta-diop-senegal.txt,9,Many people are wondering about the future that awaits them.,https://www.pm.gc.ca/en/news/speeches/2020/02/13/prime-ministers-speech-universite-cheikh-anta-diop-senegal,,2020.0,,,,,,,,,,
deputy-prime-minister-remarks-second-reading-legislation-implement-new-110,111,deputy-prime-minister-remarks-second-reading-legislation-implement-new.txt,110,"That’s what we achieved, and this is what all of us, all Canadians have achieved together.",https://www.pm.gc.ca/en/news/speeches/2020/01/30/deputy-prime-minister-remarks-second-reading-legislation-implement-new,,1969.0,,,,,,,,,,
address-before-joint-session-the-congress-the-state-the-union-21-177,27,address-before-joint-session-the-congress-the-state-the-union-21.txt,177,"Now, a preexisting condition used to mean that someone like Amanda Shelley, a physician's assistant and single mom from Arizona, couldn't get health insurance.",https://www.presidency.ucsb.edu/documents/address-before-joint-session-the-congress-the-state-the-union-21,Barack Obama,2014.0,,,,,,,,,,
address-before-joint-session-the-congress-the-state-the-union-3-21,36,address-before-joint-session-the-congress-the-state-the-union-3.txt,21,"Tonight, I'm especially pleased to join with the Speaker and the Senate majority leader in urging the Congress to enact this plan by Easter.",https://www.presidency.ucsb.edu/documents/address-before-joint-session-the-congress-the-state-the-union-3,Ronald Reagan,1983.0,,,,,,,,,,
the-state-the-union-address-delivered-before-joint-session-the-congress-1-75,357,the-state-the-union-address-delivered-before-joint-session-the-congress-1.txt,75,"We've already passed laws to assure equal access to the voting booth and to restaurants and to schools, to housing, and laws to permit access to jobs.",https://www.presidency.ucsb.edu/documents/the-state-the-union-address-delivered-before-joint-session-the-congress-1,Jimmy Carter,1978.0,,,,,,,,,,
prime-ministers-remarks-production-more-medical-supplies-and-equipment-9,268,prime-ministers-remarks-production-more-medical-supplies-and-equipment.txt,9,But we must remember that we are not helpless in the situation we’re in right now.,https://www.pm.gc.ca/en/news/speeches/2020/04/07/prime-ministers-remarks-production-more-medical-supplies-and-equipment,,2020.0,,,,,,,,,,
address-before-joint-session-the-congress-the-state-the-union-7-206,41,address-before-joint-session-the-congress-the-state-the-union-7.txt,206,"Speaker, it was a powerful moment last November when you joined Reverend Jesse Jackson and me in your home State of Illinois and committed to working toward our common goal by combining the best ideas from both sides of the aisle.",https://www.presidency.ucsb.edu/documents/address-before-joint-session-the-congress-the-state-the-union-7,William J. Clinton,2000.0,,,,,,,,,,
address-before-joint-session-the-congress-the-state-the-union-14-153,19,address-before-joint-session-the-congress-the-state-the-union-14.txt,153,"Our aim is to build and preserve a community of free and independent nations, with governments that answer to their citizens and reflect their own cultures.",https://www.presidency.ucsb.edu/documents/address-before-joint-session-the-congress-the-state-the-union-14,George W. Bush,2005.0,,,,,,,,,,
a-two-state-solution-can-be-the-gateway-to-transform-the-region-with-normalisation-regional-integration-and-peaceful-coexistence-uk-statement-at-th-7,1,a-two-state-solution-can-be-the-gateway-to-transform-the-region-with-normalisation-regional-integration-and-peaceful-coexistence-uk-statement-at-th.txt,7,And over 600 Palestinians have been killed in Israeli attacks since the ceasefire began.,https://www.gov.uk/government/speeches/a-two-state-solution-can-be-the-gateway-to-transform-the-region-with-normalisation-regional-integration-and-peaceful-coexistence-uk-statement-at-th,The Rt Hon Yvette Cooper MP,,,,,,,,,,,
address-the-state-the-union-delivered-before-joint-session-the-congress-0-69,50,address-the-state-the-union-delivered-before-joint-session-the-congress-0.txt,69,"Our program to raise farm income will help meet it by helping to revitalize rural America, by giving to America's farmers their fair share of America's increasing productivity.",https://www.presidency.ucsb.edu/documents/address-the-state-the-union-delivered-before-joint-session-the-congress-0,Richard Nixon,1972.0,,,,,,,,,,
third-annual-address-congress-0-4,371,third-annual-address-congress-0.txt,4,"In tracing their causes you will have remarked with particular pleasure the happy effects of that revival of confidence, public as well as private, to which the Constitution and laws of the United States have so eminently contributed; and you will have observed with no less interest new and decisive proofs of the increasing reputation and credit of the nation.",https://www.presidency.ucsb.edu/documents/third-annual-address-congress-0,George Washington,,,,,,,,,,,
prime-ministers-remarks-updating-canadians-supplies-and-support-shelters-39,286,prime-ministers-remarks-updating-canadians-supplies-and-support-shelters.txt,39,Our government has also leased a warehouse in China to help collect and distribute these items as quickly as possible.,https://www.pm.gc.ca/en/news/speeches/2020/04/04/prime-ministers-remarks-updating-canadians-supplies-and-support-shelters,,2020.0,,,,,,,,,,
prime-ministers-remarks-house-tribute-victims-ukraine-international-32,261,prime-ministers-remarks-house-tribute-victims-ukraine-international.txt,32,"We’ve also been in close contact with the families to ensure they have all the support they need, from facilitating travel and fast-tracking visas, to providing legal and financial assistance.",https://www.pm.gc.ca/en/news/speeches/2020/01/27/prime-ministers-remarks-house-tribute-victims-ukraine-international,,2020.0,,,,,,,,,,
prime-ministers-speech-french-national-assembly-122,291,prime-ministers-speech-french-national-assembly.txt,122,"Together, we must go even further, and dare to bet on innovation, progress and the future.",https://www.pm.gc.ca/en/news/speeches/2018/04/17/prime-ministers-speech-french-national-assembly,,2018.0,,,,,,,,,,
george-bradshaw-address-2026-66,140,george-bradshaw-address-2026.txt,66,Where its customers don’t just have a better experience but where they become rail’s strongest advocates.,https://www.gov.uk/government/speeches/george-bradshaw-address-2026,The Rt Hon Heidi Alexander MP,,,,,,,,,,,
sudan-foreign-secretarys-statement-5-february-2026-35,349,sudan-foreign-secretarys-statement-5-february-2026.txt,35,That is nearly equivalent to the entire population of London – every person across the entire city we stand in today.,https://www.gov.uk/government/speeches/sudan-foreign-secretarys-statement-5-february-2026,The Rt Hon Yvette Cooper MP,,,,,,,,,,,
address-before-joint-session-the-congress-reporting-the-state-the-union-2-21,11,address-before-joint-session-the-congress-reporting-the-state-the-union-2.txt,21,"And there was a drop in productivity, and the already high unemployment increased.",https://www.presidency.ucsb.edu/documents/address-before-joint-session-the-congress-reporting-the-state-the-union-2,Ronald Reagan,1982.0,,,,,,,,,,
prime-minister-justin-trudeaus-speech-assembly-first-nations-special-15,235,prime-minister-justin-trudeaus-speech-assembly-first-nations-special.txt,15,And together we’ve taken the first steps in what we all know is going to be a multi-generational journey.,https://www.pm.gc.ca/en/news/speeches/2016/12/06/prime-minister-justin-trudeaus-speech-assembly-first-nations-special,,2016.0,,,,,,,,,,
inaugural-address-11-70,155,inaugural-address-11.txt,70,"And these will be our first priorities, and on these principles there will be no compromise.",https://www.presidency.ucsb.edu/documents/inaugural-address-11,Ronald Reagan,1981.0,,,,,,,,,,
the-presidents-inaugural-address-21,355,the-presidents-inaugural-address.txt,21,"America would be a place where each man could be proud to be himself: stretching his talents, rejoicing in his work, important in the life of his neighbors and his nation.",https://www.presidency.ucsb.edu/documents/the-presidents-inaugural-address,Lyndon B. Johnson,1965.0,,,,,,,,,,
address-before-joint-session-the-congress-the-state-the-union-29-180,35,address-before-joint-session-the-congress-the-state-the-union-29.txt,180,They lifted the debt ceiling three times without preconditions or crisis.,https://www.presidency.ucsb.edu/documents/address-before-joint-session-the-congress-the-state-the-union-29,"Joseph R. Biden, Jr.",2023.0,,,,,,,,,,
education-secretary-speech-at-bett-uk-conference-5,120,education-secretary-speech-at-bett-uk-conference.txt,5,"Your impact is felt not just by learners here in Britain, but right around the world.",https://www.gov.uk/government/speeches/education-secretary-speech-at-bett-uk-conference,The Rt Hon Bridget Phillipson MP,,,,,,,,,,,
address-before-joint-session-the-congress-the-state-the-union-27-158,33,address-before-joint-session-the-congress-the-state-the-union-27.txt,158,"We have launched ambitious new initiatives to substantially improve care for Americans with kidney disease, Alzheimer's, and those struggling with mental health.",https://www.presidency.ucsb.edu/documents/address-before-joint-session-the-congress-the-state-the-union-27,Donald J. Trump (1st Term),2020.0,,,,,,,,,,
address-before-joint-session-the-congress-the-state-the-union-29-259,35,address-before-joint-session-the-congress-the-state-the-union-29.txt,259,"Let's offer every American a path to a good career, whether they go to college or not.",https://www.presidency.ucsb.edu/documents/address-before-joint-session-the-congress-the-state-the-union-29,"Joseph R. Biden, Jr.",2023.0,,,,,,,,,,
annual-message-the-congress-the-state-the-union-1-49,61,annual-message-the-congress-the-state-the-union-1.txt,49,"This is a great goal, and one that we can achieve together.",https://www.presidency.ucsb.edu/documents/annual-message-the-congress-the-state-the-union-1,Richard Nixon,1971.0,,,,,,,,,,
secretary-of-states-address-to-2026-oxford-farming-conference-126,332,secretary-of-states-address-to-2026-oxford-farming-conference.txt,126,That’s what modern British agriculture looks like.,https://www.gov.uk/government/speeches/secretary-of-states-address-to-2026-oxford-farming-conference,Emma Reynolds MP,,,,,,,,,,,
address-before-joint-session-the-congress-president-volodymyr-zelenskyy-ukraine-0-54,7,address-before-joint-session-the-congress-president-volodymyr-zelenskyy-ukraine-0.txt,54,"Each of you, ladies and gentlemen, can assist in the implementation to ensure that America's leadership remains solid, bicameral and bipartisan.",https://www.presidency.ucsb.edu/documents/address-before-joint-session-the-congress-president-volodymyr-zelenskyy-ukraine-0,U.S. Congress,2022.0,,,,,,,,,,
address-before-joint-session-the-congress-the-state-the-union-24-228,30,address-before-joint-session-the-congress-the-state-the-union-24.txt,228,"So tonight I propose a 4-year, $300 million prisoner reentry initiative to expand job training and placement services, to provide transitional housing, and to help newly released prisoners get mentoring, including from faith-based groups.",https://www.presidency.ucsb.edu/documents/address-before-joint-session-the-congress-the-state-the-union-24,George W. Bush,2004.0,,,,,,,,,,
address-before-joint-session-the-congress-the-state-the-union-7-358,41,address-before-joint-session-the-congress-the-state-the-union-7.txt,358,"In a more interconnected world, this diversity can be our greatest strength.",https://www.presidency.ucsb.edu/documents/address-before-joint-session-the-congress-the-state-the-union-7,William J. Clinton,2000.0,,,,,,,,,,
prime-minister-justin-trudeaus-speech-assembly-first-nations-special-99,235,prime-minister-justin-trudeaus-speech-assembly-first-nations-special.txt,99,"I refuse to engage in or to ever use policies that aim to ignore, and then belittle, then attack, and finally blame the recipients of that bad policy.",https://www.pm.gc.ca/en/news/speeches/2016/12/06/prime-minister-justin-trudeaus-speech-assembly-first-nations-special,,2016.0,,,,,,,,,,
address-before-joint-session-the-congress-the-state-the-union-29-23,35,address-before-joint-session-the-congress-the-state-the-union-29.txt,23,"But time and again, Democrats and Republicans came together.",https://www.presidency.ucsb.edu/documents/address-before-joint-session-the-congress-the-state-the-union-29,"Joseph R. Biden, Jr.",2023.0,,,,,,,,,,
annual-message-the-congress-the-state-the-union-26-70,74,annual-message-the-congress-the-state-the-union-26.txt,70,I found this truth confirmed in my talks with European leaders in the last year.,https://www.presidency.ucsb.edu/documents/annual-message-the-congress-the-state-the-union-26,Lyndon B. Johnson,1965.0,,,,,,,,,,
first-annual-message-19-62,132,first-annual-message-19.txt,62,"It were better to, remain on firm ground, strive for ample employment and high standards of wage at home, and point the way to balanced budgets, rigid economies, and resolute, efficient work as the necessary remedies to cure disaster.",https://www.presidency.ucsb.edu/documents/first-annual-message-19,Warren G. Harding,1921.0,,,,,,,,,,
second-annual-address-congress-51,325,second-annual-address-congress.txt,51,"Gentlemen of the House of Representatives: I have directed an estimate of the appropriations which will be necessary for the service of the ensuing year to be laid before you, accompanied with a view of the public receipts and expenditures to a recent period.",https://www.presidency.ucsb.edu/documents/second-annual-address-congress,John Adams,,,,,,,,,,,
prime-ministers-speaking-notes-pollution-pricing-announcement-23,290,prime-ministers-speaking-notes-pollution-pricing-announcement.txt,23,"But let me tell you – it wasn’t always this way, and it doesn’t have to be.",https://www.pm.gc.ca/en/news/speeches/2018/10/23/prime-ministers-speaking-notes-pollution-pricing-announcement,,2018.0,,,,,,,,,,
address-before-joint-session-the-congress-the-state-the-union-16-68,21,address-before-joint-session-the-congress-the-state-the-union-16.txt,68,"We'll invest in biomedical research, information technology, and especially clean energy technology, an investment that will strengthen our security, protect our planet, and create countless new jobs for our people.",https://www.presidency.ucsb.edu/documents/address-before-joint-session-the-congress-the-state-the-union-16,Barack Obama,2011.0,,,,,,,,,,
address-before-joint-session-the-congress-the-state-the-union-30-199,37,address-before-joint-session-the-congress-the-state-the-union-30.txt,199,Tonight let's all agree once again to stand up for seniors.,https://www.presidency.ucsb.edu/documents/address-before-joint-session-the-congress-the-state-the-union-30,"Joseph R. Biden, Jr.",2024.0,,,,,,,,,,
first-annual-message-18-54,131,first-annual-message-18.txt,54,"I think it will be easily agreed that we should let the Sherman anti-trust law stand, unaltered, as it is, with its debatable ground about it, but that we should as much as possible reduce the area of that debatable ground by further and more explicit legislation; and should also supplement that great act by legislation which will not only clarify it but also facilitate its administration and make it fairer to all concerned.",https://www.presidency.ucsb.edu/documents/first-annual-message-18,Woodrow Wilson,1913.0,,,,,,,,,,
environment-secretary-at-economist-water-summit-46,123,environment-secretary-at-economist-water-summit.txt,46,Reducing consumption is as important as increasing supply.,https://www.gov.uk/government/speeches/environment-secretary-at-economist-water-summit,Emma Reynolds MP,,,,,,,,,,,
annual-message-the-congress-the-state-the-union-13-250,64,annual-message-the-congress-the-state-the-union-13.txt,250,SUFFRAGE My few remaining recommendations all relate to a basic right of our citizens--that of being represented in the decisions of the government.,https://www.presidency.ucsb.edu/documents/annual-message-the-congress-the-state-the-union-13,Dwight D. Eisenhower,1954.0,,,,,,,,,,
address-before-joint-session-the-congress-the-state-the-union-9-272,43,address-before-joint-session-the-congress-the-state-the-union-9.txt,272,"Kristen Zarfos, they're all Americans from different roots whose lives reflect the best of what we can become when we are one America.",https://www.presidency.ucsb.edu/documents/address-before-joint-session-the-congress-the-state-the-union-9,William J. Clinton,1997.0,,,,,,,,,,
address-before-joint-session-the-congress-the-state-the-union-22-28,28,address-before-joint-session-the-congress-the-state-the-union-22.txt,28,"Thanks to the work of our law enforcement officials and coalition partners, hundreds of terrorists have been arrested.",https://www.presidency.ucsb.edu/documents/address-before-joint-session-the-congress-the-state-the-union-22,George W. Bush,2002.0,,,,,,,,,,
address-before-joint-session-the-congress-the-state-the-union-12-287,17,address-before-joint-session-the-congress-the-state-the-union-12.txt,287,"We can't renew our country unless more of us—I mean, all of us— are willing to join the churches and the other good citizens, people like all the—like ministers I've worked with over the years or the priests and the nuns I met at Our Lady of Help in east Los Angeles or my good friend Tony Campollo in Philadelphia, unless we're willing to work with people like that, people who are saving kids, adopting schools, making streets safer.",https://www.presidency.ucsb.edu/documents/address-before-joint-session-the-congress-the-state-the-union-12,William J. Clinton,1994.0,,,,,,,,,,
inaugural-address-12-35,156,inaugural-address-12.txt,35,"The challenge of our past remains the challenge of our future: Will we be one Nation, one people, with one common destiny, or not?",https://www.presidency.ucsb.edu/documents/inaugural-address-12,William J. Clinton,1997.0,,,,,,,,,,
annual-message-the-congress-the-state-the-union-12-149,63,annual-message-the-congress-the-state-the-union-12.txt,149,I am hopeful that such reductions can be made next year.,https://www.presidency.ucsb.edu/documents/annual-message-the-congress-the-state-the-union-12,Dwight D. Eisenhower,1955.0,,,,,,,,,,
second-inaugural-address-26,328,second-inaugural-address.txt,26,"Through the night of their bondage, the unconquerable will of heroes has struck with the swift, sharp thrust of lightning.",https://www.presidency.ucsb.edu/documents/second-inaugural-address,Dwight D. Eisenhower,1957.0,,,,,,,,,,
third-annual-message-19-62,373,third-annual-message-19.txt,62,I would look forward to the success of such an experiment with entire confidence.,https://www.presidency.ucsb.edu/documents/third-annual-message-19,Woodrow Wilson,1915.0,,,,,,,,,,
secretary-of-state-statement-to-the-house-of-commons-12-january-2026-28,330,secretary-of-state-statement-to-the-house-of-commons-12-january-2026.txt,28,So I can today confirm that we will build on all the measures I have already outlined and legislate in the Crime and Policing Bill – which is currently going through Parliament - to criminalise nudification apps.,https://www.gov.uk/government/speeches/secretary-of-state-statement-to-the-house-of-commons-12-january-2026,The Rt Hon Liz Kendall MP,,,,,,,,,,,
inaugural-address-54-35,167,inaugural-address-54.txt,35,"And very importantly, we had a powerful win in all seven swing States—[ applause ]—and the popular vote, we won by millions of people.",https://www.presidency.ucsb.edu/documents/inaugural-address-54,Donald J. Trump (2nd Term),2025.0,,,,,,,,,,
secretary-of-states-keynote-institute-for-government-speech-118,333,secretary-of-states-keynote-institute-for-government-speech.txt,118,"Digitisation is how we release expertise, raise output and improve outcomes without endlessly returning to the taxpayer for more.",https://www.gov.uk/government/speeches/secretary-of-states-keynote-institute-for-government-speech,The Rt Hon Wes Streeting MP,,,,,,,,,,,
address-before-joint-session-the-congress-reporting-the-state-the-union-2-198,11,address-before-joint-session-the-congress-reporting-the-state-the-union-2.txt,198,"Who will ever forget that night when we waited for television to bring us the scene of that first plane landing at Clark Field in the Philippines, bringing our POW's home?",https://www.presidency.ucsb.edu/documents/address-before-joint-session-the-congress-reporting-the-state-the-union-2,Ronald Reagan,1982.0,,,,,,,,,,
address-before-joint-session-the-congress-the-state-the-union-27-124,33,address-before-joint-session-the-congress-the-state-the-union-27.txt,124,"Before I took office, health insurance premiums had more than doubled in just 5 years.",https://www.presidency.ucsb.edu/documents/address-before-joint-session-the-congress-the-state-the-union-27,Donald J. Trump (1st Term),2020.0,,,,,,,,,,
annual-message-the-congress-the-state-the-union-6-48,82,annual-message-the-congress-the-state-the-union-6.txt,48,"But the enmities it will incur, the isolation into which it will descend, and the internal moral and physical softness that will be engendered, will, in the long term, bring it to disaster.",https://www.presidency.ucsb.edu/documents/annual-message-the-congress-the-state-the-union-6,Dwight D. Eisenhower,1960.0,,,,,,,,,,
address-before-joint-session-the-congress-the-state-the-union-12-18,17,address-before-joint-session-the-congress-the-state-the-union-12.txt,18,A year ago I asked all of you to join me in accepting responsibility for the future of our country.,https://www.presidency.ucsb.edu/documents/address-before-joint-session-the-congress-the-state-the-union-12,William J. Clinton,1994.0,,,,,,,,,,
prime-ministers-remarks-announcing-support-research-covid-19-9,249,prime-ministers-remarks-announcing-support-research-covid-19.txt,9,"And we’re going to make sure this happens, whether by educating people more on the risks, or by enforcing the rules, if that’s needed.",https://www.pm.gc.ca/en/news/speeches/2020/03/23/prime-ministers-remarks-announcing-support-research-covid-19,,2020.0,,,,,,,,,,
address-before-joint-session-the-congress-reporting-the-state-the-union-1-144,10,address-before-joint-session-the-congress-reporting-the-state-the-union-1.txt,144,"World trade and monetary structure provides markets, energy, food, and vital raw materials--for all nations.",https://www.presidency.ucsb.edu/documents/address-before-joint-session-the-congress-reporting-the-state-the-union-1,Gerald R. Ford,1975.0,,,,,,,,,,
inaugural-address-54-40,167,inaugural-address-54.txt,40,"In everything we do, my administration will be inspired by a strong pursuit of excellence and unrelenting success.",https://www.presidency.ucsb.edu/documents/inaugural-address-54,Donald J. Trump (2nd Term),2025.0,,,,,,,,,,
excerpts-the-report-congressional-committees-investigating-the-iran-contra-affair-295,126,excerpts-the-report-congressional-committees-investigating-the-iran-contra-affair.txt,295,"Secord testified that North told him he had talked with the President about the diversion, but North testified that he had fabricated this story to bolster Secord's morale.",https://www.presidency.ucsb.edu/documents/excerpts-the-report-congressional-committees-investigating-the-iran-contra-affair,U.S. Congress,1987.0,,,,,,,,,,
russia-must-engage-in-credible-risk-management-to-prevent-miscalculations-uk-statement-to-the-osce-16,317,russia-must-engage-in-credible-risk-management-to-prevent-miscalculations-uk-statement-to-the-osce.txt,16,"In 2025, the UK framed our approach in the same way when seeking clarification from Russia on airspace incidents.",https://www.gov.uk/government/speeches/russia-must-engage-in-credible-risk-management-to-prevent-miscalculations-uk-statement-to-the-osce,,,,,,,,,,,,
second-annual-address-congress-23,325,second-annual-address-congress.txt,23,"They will respect the sacred rights of embassy; and with a sincere disposition on the part of France to desist from hostility, to make reparation for the injuries heretofore inflicted on our commerce, and to do justice in future, there will be no obstacle to the restoration of a friendly intercourse.",https://www.presidency.ucsb.edu/documents/second-annual-address-congress,John Adams,,,,,,,,,,,
speech-for-un-association-80th-anniversary-of-united-nations-general-assembly-meeting-33,340,speech-for-un-association-80th-anniversary-of-united-nations-general-assembly-meeting.txt,33,From the aviation standards that keep our skies safe to the telecommunications systems that keep our phones connected.,https://www.gov.uk/government/speeches/speech-for-un-association-80th-anniversary-of-united-nations-general-assembly-meeting,The Rt Hon Lord Hermer KC,,,,,,,,,,,
address-before-joint-session-the-congress-reporting-the-state-the-union-0-120,9,address-before-joint-session-the-congress-reporting-the-state-the-union-0.txt,120,In 1973 we were dependent upon foreign oil imports for 36 percent of our needs.,https://www.presidency.ucsb.edu/documents/address-before-joint-session-the-congress-reporting-the-state-the-union-0,Gerald R. Ford,1977.0,,,,,,,,,,
secretary-of-states-keynote-institute-for-government-speech-61,333,secretary-of-states-keynote-institute-for-government-speech.txt,61,But there is a reason we have politicians rather than experts as secretaries of state.,https://www.gov.uk/government/speeches/secretary-of-states-keynote-institute-for-government-speech,The Rt Hon Wes Streeting MP,,,,,,,,,,,
fourth-annual-address-congress-0-1,137,fourth-annual-address-congress-0.txt,1,"Fellow-Citizens of the Senate and House of Representatives: It is some abatement of the satisfaction with which I meet you on the present occasion that, in felicitating you on a continuance of the national prosperity generally, I am not able to add to it information that the Indian hostilities which have for some time past distressed our Northwestern frontier have terminated.",https://www.presidency.ucsb.edu/documents/fourth-annual-address-congress-0,George Washington,,,,,,,,,,,
prime-ministers-speech-french-national-assembly-64,291,prime-ministers-speech-french-national-assembly.txt,64,The unprecedented number of countries that signed the Paris Agreement attests to the international consensus about the impact of human activity on the climate.,https://www.pm.gc.ca/en/news/speeches/2018/04/17/prime-ministers-speech-french-national-assembly,,2018.0,,,,,,,,,,
annual-message-the-congress-the-state-the-union-1-38,61,annual-message-the-congress-the-state-the-union-1.txt,38,"But as we have moved from runaway inflation toward reasonable price stability and at the same time as we have been moving from a wartime economy to a peacetime economy, we have paid a price in increased unemployment.",https://www.presidency.ucsb.edu/documents/annual-message-the-congress-the-state-the-union-1,Richard Nixon,1971.0,,,,,,,,,,
state-the-union-address-0-140,342,state-the-union-address-0.txt,140,In this war of survival we must keep before our minds not only the evil things we fight against but the good things we are fighting for.,https://www.presidency.ucsb.edu/documents/state-the-union-address-0,Franklin D. Roosevelt,1943.0,,,,,,,,,,
annual-message-congress-3-26,57,annual-message-congress-3.txt,26,"We find our population suffering from old inequalities, little changed by vast sporadic remedies.",https://www.presidency.ucsb.edu/documents/annual-message-congress-3,Franklin D. Roosevelt,1935.0,,,,,,,,,,
annual-message-the-congress-the-state-the-union-5-136,81,annual-message-the-congress-the-state-the-union-5.txt,136,"An even more valuable national asset is our reservoir of dedicated men and women-not only on our college campuses but in every age group--who have indicated their desire to contribute their skills, their efforts, and a part of their lives to the fight for world order.",https://www.presidency.ucsb.edu/documents/annual-message-the-congress-the-state-the-union-5,John F. Kennedy,1961.0,,,,,,,,,,
address-before-joint-session-the-congress-the-state-the-union-119,44,address-before-joint-session-the-congress-the-state-the-union.txt,119,"In the mind of the terrorists, this war began well before September the 11th and will not end until their radical vision is fulfilled.",https://www.presidency.ucsb.edu/documents/address-before-joint-session-the-congress-the-state-the-union,George W. Bush,2007.0,,,,,,,,,,
articles-impeachment-adopted-the-house-representatives-committee-the-judiciary-1,89,articles-impeachment-adopted-the-house-representatives-committee-the-judiciary.txt,1,"Nixon, President of the United States, is impeached for high crimes and misdemeanours, and that the following articles of impeachment to be exhibited to the Senate: ARTICLES OF IMPEACHMENT EXHIBITED BY THE HOUSE OF REPRESENTATIVES OF THE UNITED STATES OF AMERICA IN THE NAME OF ITSELF AND OF ALL OF THE PEOPLE OF THE UNITED STATES OF AMERICA, AGAINST RICHARD M.",https://www.presidency.ucsb.edu/documents/articles-impeachment-adopted-the-house-representatives-committee-the-judiciary,U.S. Congress,1974.0,,,,,,,,,,
address-before-joint-session-the-congress-the-state-the-union-24-17,30,address-before-joint-session-the-congress-the-state-the-union-24.txt,17,"The killing has continued in Bali, Jakarta, Casablanca, Riyadh, Mombasa, Jerusalem, Istanbul, and Baghdad.",https://www.presidency.ucsb.edu/documents/address-before-joint-session-the-congress-the-state-the-union-24,George W. Bush,2004.0,,,,,,,,,,
the-meaningful-participation-of-women-in-un-policing-is-an-operational-necessity-uk-statement-at-the-un-security-council-12,354,the-meaningful-participation-of-women-in-un-policing-is-an-operational-necessity-uk-statement-at-the-un-security-council.txt,12,"Together, these efforts will help ensure UN policing remains capable, trusted, and effective.",https://www.gov.uk/government/speeches/the-meaningful-participation-of-women-in-un-policing-is-an-operational-necessity-uk-statement-at-the-un-security-council,Archie Young CMG,,,,,,,,,,,
prime-minister-trudeaus-address-yom-kippur-21,238,prime-minister-trudeaus-address-yom-kippur.txt,21,"Now, as Xav and I toured through the displays, he – like any 8-year-old kid – had a million and one questions.",https://www.pm.gc.ca/en/news/speeches/2016/10/11/prime-minister-trudeaus-address-yom-kippur,,2019.0,,,,,,,,,,
third-annual-message-19-167,373,third-annual-message-19.txt,167,The domestic questions which engaged the attention of the last Congress are more vital to the nation in this its time of test than at any other time.,https://www.presidency.ucsb.edu/documents/third-annual-message-19,Woodrow Wilson,1915.0,,,,,,,,,,
diversity-canadas-strength-85,114,diversity-canadas-strength.txt,85,Especially now.One of the most difficult and urgent global problems is how to develop societies where people of different cultures can live together and build common ground.,https://www.pm.gc.ca/en/news/speeches/2015/11/26/diversity-canadas-strength,,2015.0,,,,,,,,,,
prime-ministers-remarks-announcing-additional-support-small-and-medium-9,243,prime-ministers-remarks-announcing-additional-support-small-and-medium.txt,9,"Tough because some of you have built your business over the course of many years, if not decades.",https://www.pm.gc.ca/en/news/speeches/2020/03/27/prime-ministers-remarks-announcing-additional-support-small-and-medium,,2020.0,,,,,,,,,,
sixth-annual-message-6-5,338,sixth-annual-message-6.txt,5,To state them is to set the stage for the legislative and executive action which must grow out of them and which we have yet to shape and determine.,https://www.presidency.ucsb.edu/documents/sixth-annual-message-6,Woodrow Wilson,1918.0,,,,,,,,,,
address-before-joint-session-the-congress-the-state-the-union-25-36,31,address-before-joint-session-the-congress-the-state-the-union-25.txt,36,"To lower tax rates for hard-working Americans, we nearly doubled the standard deduction for everyone.",https://www.presidency.ucsb.edu/documents/address-before-joint-session-the-congress-the-state-the-union-25,Donald J. Trump (1st Term),2018.0,,,,,,,,,,
the-state-the-union-address-delivered-before-joint-session-the-congress-1-49,357,the-state-the-union-address-delivered-before-joint-session-the-congress-1.txt,49,"There was a good growth in business profits and investments, the source of more jobs for our workers, and a higher standard of living for all our people.",https://www.presidency.ucsb.edu/documents/the-state-the-union-address-delivered-before-joint-session-the-congress-1,Jimmy Carter,1978.0,,,,,,,,,,
address-before-joint-session-the-congress-the-state-the-union-2-117,25,address-before-joint-session-the-congress-the-state-the-union-2.txt,117,"We are in a period of great transition, great hope, and yet great uncertainty.",https://www.presidency.ucsb.edu/documents/address-before-joint-session-the-congress-the-state-the-union-2,George Bush,1990.0,,,,,,,,,,
minister-pollard-speech-at-ads-annual-dinner-2026-8,190,minister-pollard-speech-at-ads-annual-dinner-2026.txt,8,To strengthen Britain’s security at a time when the world is growing increasingly polarised and dangerous.,https://www.gov.uk/government/speeches/minister-pollard-speech-at-ads-annual-dinner-2026,Luke Pollard MP,,,,,,,,,,,
eighth-annual-address-congress-50,122,eighth-annual-address-congress.txt,50,"True it is that our country, much to its honor, contains many seminaries of learning highly repeatable and useful; but the funds upon which they rest are too narrow to command the ablest professors in the different departments of liberal knowledge for the institution contemplated, though they would be excellent auxiliaries.",https://www.presidency.ucsb.edu/documents/eighth-annual-address-congress,George Washington,,,,,,,,,,,
address-before-joint-session-the-congress-the-state-the-union-7-343,41,address-before-joint-session-the-congress-the-state-the-union-7.txt,343,These steps will allow us to lead toward the far frontiers of science and technology.,https://www.presidency.ucsb.edu/documents/address-before-joint-session-the-congress-the-state-the-union-7,William J. Clinton,2000.0,,,,,,,,,,
address-before-joint-session-the-congress-the-state-the-union-24-37,30,address-before-joint-session-the-congress-the-state-the-union-24.txt,37,"With the help from the new Afghan army, our coalition is leading aggressive raids against the surviving members of the Taliban and Al Qaida.",https://www.presidency.ucsb.edu/documents/address-before-joint-session-the-congress-the-state-the-union-24,George W. Bush,2004.0,,,,,,,,,,
prime-ministers-remarks-canada-china-business-council-during-official-109,250,prime-ministers-remarks-canada-china-business-council-during-official.txt,109,"It is the choice previous generations would expect of us, and for which our children will be thankful.",https://www.pm.gc.ca/en/news/speeches/2016/09/01/prime-ministers-remarks-canada-china-business-council-during-official,,2016.0,,,,,,,,,,
prime-ministers-remarks-health-care-supplies-and-equipment-22,260,prime-ministers-remarks-health-care-supplies-and-equipment.txt,22,"In tough times, we pull together, we’re there for each other, we put up our hands and we ask: how can we help?",https://www.pm.gc.ca/en/news/speeches/2020/03/31/prime-ministers-remarks-health-care-supplies-and-equipment,,1969.0,,,,,,,,,,
deputy-prime-minister-remarks-second-reading-legislation-implement-new-104,111,deputy-prime-minister-remarks-second-reading-legislation-implement-new.txt,104,"Speaker, our Government is committed to ensuring that the benefits of trade are widely and fairly shared.",https://www.pm.gc.ca/en/news/speeches/2020/01/30/deputy-prime-minister-remarks-second-reading-legislation-implement-new,,1969.0,,,,,,,,,,
address-before-joint-session-the-congress-the-state-the-union-8-125,42,address-before-joint-session-the-congress-the-state-the-union-8.txt,125,"[ Applause ] We still have a lot more to do, all of us, to make welfare reform a success—providing child care, helping families move closer to available jobs, challenging more companies to join our welfare-to-work partnership, increasing child support collections from deadbeat parents who have a duty to support their own children.",https://www.presidency.ucsb.edu/documents/address-before-joint-session-the-congress-the-state-the-union-8,William J. Clinton,1998.0,,,,,,,,,,
sixth-annual-address-congress-54,337,sixth-annual-address-congress.txt,54,"Let them cherish it, too, for the sake of those who, from every clime, are daily seeking a dwelling in our land.",https://www.presidency.ucsb.edu/documents/sixth-annual-address-congress,George Washington,,,,,,,,,,,
address-before-joint-session-the-congress-the-state-the-union-5-129,39,address-before-joint-session-the-congress-the-state-the-union-5.txt,129,"We must go forward in our commitment to the new basics, giving parents greater authority and making sure good teachers are rewarded for hard work and achievement through merit pay.",https://www.presidency.ucsb.edu/documents/address-before-joint-session-the-congress-the-state-the-union-5,Ronald Reagan,1985.0,,,,,,,,,,
deputy-prime-minister-remarks-second-reading-legislation-implement-new-64,111,deputy-prime-minister-remarks-second-reading-legislation-implement-new.txt,64,"Critically, this mechanism is how we Canadians ensure a level playing field with a much larger trading partner.",https://www.pm.gc.ca/en/news/speeches/2020/01/30/deputy-prime-minister-remarks-second-reading-legislation-implement-new,,1969.0,,,,,,,,,,
george-bradshaw-address-2026-29,140,george-bradshaw-address-2026.txt,29,We bring opportunity a bit closer and make the country a little bit fairer.,https://www.gov.uk/government/speeches/george-bradshaw-address-2026,The Rt Hon Heidi Alexander MP,,,,,,,,,,,
address-before-joint-session-the-congress-the-state-the-union-7-221,41,address-before-joint-session-the-congress-the-state-the-union-7.txt,221,I hope the new tax incentives I have proposed will get all the rest of them to join us.,https://www.presidency.ucsb.edu/documents/address-before-joint-session-the-congress-the-state-the-union-7,William J. Clinton,2000.0,,,,,,,,,,
annual-message-the-congress-the-state-the-union-13-95,64,annual-message-the-congress-the-state-the-union-13.txt,95,"These data, now being related to civilian requirements and our supply potential, will show us the gaps in our mobilization base.",https://www.presidency.ucsb.edu/documents/annual-message-the-congress-the-state-the-union-13,Dwight D. Eisenhower,1954.0,,,,,,,,,,
prime-minister-justin-trudeaus-address-72th-session-united-nations-general-88,232,prime-minister-justin-trudeaus-address-72th-session-united-nations-general.txt,88,Indigenous Peoples will decide how they wish to represent and organize themselves.,https://www.pm.gc.ca/en/news/speeches/2017/09/21/prime-minister-justin-trudeaus-address-72th-session-united-nations-general,,2017.0,,,,,,,,,,
address-before-joint-session-the-congress-the-state-the-union-15-144,20,address-before-joint-session-the-congress-the-state-the-union-15.txt,144,And my administration will take every possible action to safely develop this energy.,https://www.presidency.ucsb.edu/documents/address-before-joint-session-the-congress-the-state-the-union-15,Barack Obama,2012.0,,,,,,,,,,
address-before-joint-session-the-congress-the-state-the-union-21-136,27,address-before-joint-session-the-congress-the-state-the-union-21.txt,136,"But we know our opportunity agenda won't be complete, and too many young people entering the workforce today will see the American Dream as an empty promise, unless we also do more to make sure our economy honors the dignity of work and hard work pays off for every single American.",https://www.presidency.ucsb.edu/documents/address-before-joint-session-the-congress-the-state-the-union-21,Barack Obama,2014.0,,,,,,,,,,
address-before-joint-session-the-congress-the-state-the-union-10-83,15,address-before-joint-session-the-congress-the-state-the-union-10.txt,83,"In particular, I challenge the fathers of this country to love and care for their children.",https://www.presidency.ucsb.edu/documents/address-before-joint-session-the-congress-the-state-the-union-10,William J. Clinton,1996.0,,,,,,,,,,
excerpts-the-report-congressional-committees-investigating-the-iran-contra-affair-27,126,excerpts-the-report-congressional-committees-investigating-the-iran-contra-affair.txt,27,"Secord, a retired Air Force major general with experience in special operations.",https://www.presidency.ucsb.edu/documents/excerpts-the-report-congressional-committees-investigating-the-iran-contra-affair,U.S. Congress,1987.0,,,,,,,,,,
statement-apology-behalf-government-canada-passengers-ms-st-louis-13,345,statement-apology-behalf-government-canada-passengers-ms-st-louis.txt,13,And so continued their long and tragic quest for safety.,https://www.pm.gc.ca/en/news/speeches/2018/11/07/statement-apology-behalf-government-canada-passengers-ms-st-louis,,2018.0,,,,,,,,,,
address-before-joint-session-the-congress-the-state-the-union-22-160,28,address-before-joint-session-the-congress-the-state-the-union-22.txt,160,No people on Earth yearn to be oppressed or aspire to servitude or eagerly await the midnight knock of the secret police.,https://www.presidency.ucsb.edu/documents/address-before-joint-session-the-congress-the-state-the-union-22,George W. Bush,2002.0,,,,,,,,,,
deputy-prime-minister-remarks-second-reading-legislation-implement-new-90,111,deputy-prime-minister-remarks-second-reading-legislation-implement-new.txt,90,Ensuring that women have the opportunity to fully and fairly participate in Canada’s economy is a key objective of our government.,https://www.pm.gc.ca/en/news/speeches/2020/01/30/deputy-prime-minister-remarks-second-reading-legislation-implement-new,,1969.0,,,,,,,,,,
address-before-joint-session-the-congress-the-state-the-union-22-138,28,address-before-joint-session-the-congress-the-state-the-union-22.txt,138,"Yet, after America was attacked, it was as if our entire country looked into a mirror and saw our better selves.",https://www.presidency.ucsb.edu/documents/address-before-joint-session-the-congress-the-state-the-union-22,George W. Bush,2002.0,,,,,,,,,,
prime-ministers-speech-french-national-assembly-3,291,prime-ministers-speech-french-national-assembly.txt,3,This is the first time that the voice of a Canadian prime minister is heard within these walls.,https://www.pm.gc.ca/en/news/speeches/2018/04/17/prime-ministers-speech-french-national-assembly,,2018.0,,,,,,,,,,
deputy-prime-minister-remarks-second-reading-legislation-implement-new-27,111,deputy-prime-minister-remarks-second-reading-legislation-implement-new.txt,27,"Indeed, I believe it will be the most progressive trade deal in the world.",https://www.pm.gc.ca/en/news/speeches/2020/01/30/deputy-prime-minister-remarks-second-reading-legislation-implement-new,,1969.0,,,,,,,,,,
annual-message-congress-2-111,56,annual-message-congress-2.txt,111,The carrying out of the laws of the land as enacted by the Congress requires protection until final adjudication by the highest tribunal of the land.,https://www.presidency.ucsb.edu/documents/annual-message-congress-2,Franklin D. Roosevelt,1936.0,,,,,,,,,,
sixth-annual-message-6-123,338,sixth-annual-message-6.txt,123,Those are conditions of restraint without development.,https://www.presidency.ucsb.edu/documents/sixth-annual-message-6,Woodrow Wilson,1918.0,,,,,,,,,,
statement-apology-behalf-government-canada-passengers-ms-st-louis-36,345,statement-apology-behalf-government-canada-passengers-ms-st-louis.txt,36,"By 1938, the world was wrestling with a growing refugee crisis.",https://www.pm.gc.ca/en/news/speeches/2018/11/07/statement-apology-behalf-government-canada-passengers-ms-st-louis,,2018.0,,,,,,,,,,
address-before-joint-session-the-congress-the-state-the-union-11-128,16,address-before-joint-session-the-congress-the-state-the-union-11.txt,128,"I've worked on this problem for a long time, nearly 15 years now.",https://www.presidency.ucsb.edu/documents/address-before-joint-session-the-congress-the-state-the-union-11,William J. Clinton,1995.0,,,,,,,,,,
annual-message-the-congress-the-state-the-union-4-101,80,annual-message-the-congress-the-state-the-union-4.txt,101,At times our goal has been obscured by crisis or endangered by conflict--but it draws sustenance from five basic sources of strength: --the moral and physical strength of the United States; --the united strength of the Atlantic Community; --the regional strength of our Hemispheric relations; --the creative strength of our efforts in the new and developing nations; and --the peace-keeping strength of the United Nations.,https://www.presidency.ucsb.edu/documents/annual-message-the-congress-the-state-the-union-4,John F. Kennedy,1962.0,,,,,,,,,,
address-before-joint-session-the-congress-the-state-the-union-24-57,30,address-before-joint-session-the-congress-the-state-the-union-24.txt,57,"Sir, America stands with you and the Iraqi people as you build a free and peaceful nation.",https://www.presidency.ucsb.edu/documents/address-before-joint-session-the-congress-the-state-the-union-24,George W. Bush,2004.0,,,,,,,,,,
asia-house-outlook-2026-keynote-speech-41,91,asia-house-outlook-2026-keynote-speech.txt,41,"And I’m proud also of the strength of our ties with regional organisations like ASEAN, which for the past fifty years has helped anchor peace and prosperity across the Indo-Pacific.",https://www.gov.uk/government/speeches/asia-house-outlook-2026-keynote-speech,Seema Malhotra MP,,,,,,,,,,,
deputy-prime-minister-remarks-second-reading-legislation-implement-new-51,111,deputy-prime-minister-remarks-second-reading-legislation-implement-new.txt,51,"We just kept digging in the corners, if I may be allowed one NAFTA hockey metaphor.",https://www.pm.gc.ca/en/news/speeches/2020/01/30/deputy-prime-minister-remarks-second-reading-legislation-implement-new,,1969.0,,,,,,,,,,
annual-message-the-congress-the-state-the-union-13-169,64,annual-message-the-congress-the-state-the-union-13.txt,169,Yet the laws encouraging such production are still in effect.,https://www.presidency.ucsb.edu/documents/annual-message-the-congress-the-state-the-union-13,Dwight D. Eisenhower,1954.0,,,,,,,,,,
address-before-joint-session-the-congress-the-state-the-union-22-23,28,address-before-joint-session-the-congress-the-state-the-union-22.txt,23,And the depth of their hatred is equaled by the madness of the destruction they design.,https://www.presidency.ucsb.edu/documents/address-before-joint-session-the-congress-the-state-the-union-22,George W. Bush,2002.0,,,,,,,,,,
address-before-joint-session-the-congress-the-state-the-union-18-164,23,address-before-joint-session-the-congress-the-state-the-union-18.txt,164,"Our military and civilians in Iraq are performing with courage and distinction, and they have the gratitude of our whole Nation.",https://www.presidency.ucsb.edu/documents/address-before-joint-session-the-congress-the-state-the-union-18,George W. Bush,2008.0,,,,,,,,,,
inaugural-address-4-75,162,inaugural-address-4.txt,75,"Our aim should be to help the free peoples of the world, through their own efforts, to produce more food, more clothing, more materials for housing, and more mechanical power to lighten their burdens.",https://www.presidency.ucsb.edu/documents/inaugural-address-4,Harry S Truman,1949.0,,,,,,,,,,
annual-message-the-congress-the-state-the-union-8-29,83,annual-message-the-congress-the-state-the-union-8.txt,29,Missile training units have been established and launching sites are far along in construction.,https://www.presidency.ucsb.edu/documents/annual-message-the-congress-the-state-the-union-8,Dwight D. Eisenhower,1959.0,,,,,,,,,,
address-before-joint-session-the-congress-the-state-the-union-21-248,27,address-before-joint-session-the-congress-the-state-the-union-21.txt,248,"But if Iran's leaders do seize the chance—and we'll know soon enough—then Iran could take an important step to rejoin the community of nations, and we will have resolved one of the leading security challenges of our time without the risks of war.",https://www.presidency.ucsb.edu/documents/address-before-joint-session-the-congress-the-state-the-union-21,Barack Obama,2014.0,,,,,,,,,,
address-before-joint-session-the-congress-the-state-the-union-15-170,20,address-before-joint-session-the-congress-the-state-the-union-15.txt,170,"We've got crumbling roads and bridges, a power grid that wastes too much energy, an incomplete high-speed broadband network that prevents a small-business owner in rural America from selling her products all over the world.",https://www.presidency.ucsb.edu/documents/address-before-joint-session-the-congress-the-state-the-union-15,Barack Obama,2012.0,,,,,,,,,,
excerpts-the-report-congressional-committees-investigating-the-iran-contra-affair-49,126,excerpts-the-report-congressional-committees-investigating-the-iran-contra-affair.txt,49,"staff was obeying both the spirit and the letter of the law, and was neither soliciting money nor co-ordinating military support for the contras.",https://www.presidency.ucsb.edu/documents/excerpts-the-report-congressional-committees-investigating-the-iran-contra-affair,U.S. Congress,1987.0,,,,,,,,,,
oath-office-and-second-inaugural-address-17,197,oath-office-and-second-inaugural-address.txt,17,We shall do our share in defending peace and freedom in the world.,https://www.presidency.ucsb.edu/documents/oath-office-and-second-inaugural-address,Richard Nixon,1973.0,,,,,,,,,,
first-annual-message-20-64,133,first-annual-message-20.txt,64,"This is being, accomplished by a drastic but orderly retrenchment, which is bringing our expenses within our means.",https://www.presidency.ucsb.edu/documents/first-annual-message-20,Calvin Coolidge,1923.0,,,,,,,,,,
first-annual-message-20-54,133,first-annual-message-20.txt,54,We have reiterated our desire to see France paid and Germany revived.,https://www.presidency.ucsb.edu/documents/first-annual-message-20,Calvin Coolidge,1923.0,,,,,,,,,,
annual-message-the-congress-the-state-the-union-28-237,76,annual-message-the-congress-the-state-the-union-28.txt,237,Soon I will submit to the Congress a detailed report on that situation.,https://www.presidency.ucsb.edu/documents/annual-message-the-congress-the-state-the-union-28,Lyndon B. Johnson,1967.0,,,,,,,,,,
remarks-prime-minister-house-commons-recognition-and-implementation-rights-90,311,remarks-prime-minister-house-commons-recognition-and-implementation-rights.txt,90,"Committee work, witnesses, strong debate – in both Houses.",https://www.pm.gc.ca/en/news/speeches/2018/02/14/remarks-prime-minister-house-commons-recognition-and-implementation-rights,,2018.0,,,,,,,,,,
address-before-joint-session-the-congress-the-state-the-union-30-177,37,address-before-joint-session-the-congress-the-state-the-union-30.txt,177,"Folks at home, does anybody really think the Tax Code is fair?",https://www.presidency.ucsb.edu/documents/address-before-joint-session-the-congress-the-state-the-union-30,"Joseph R. Biden, Jr.",2024.0,,,,,,,,,,
deputy-prime-ministers-remarks-new-nafta-17,112,deputy-prime-ministers-remarks-new-nafta.txt,17,"This has been a long, arduous, and at times fraught negotiation.",https://www.pm.gc.ca/en/news/speeches/2019/12/10/deputy-prime-ministers-remarks-new-nafta,,1969.0,,,,,,,,,,
pm-speaking-notes-nyu-commencement-address-60,213,pm-speaking-notes-nyu-commencement-address.txt,60,"He realized that it’s actually easy to stand rooted in the conviction that you are right, and either wait for others to come to you, or wait for your chance to impose that rightness on others.",https://www.pm.gc.ca/en/news/speeches/2018/05/16/pm-speaking-notes-nyu-commencement-address,,2018.0,,,,,,,,,,
address-before-joint-session-the-congress-reporting-the-state-the-union-2-8,11,address-before-joint-session-the-congress-reporting-the-state-the-union-2.txt,8,"When I visited this Chamber last year as a newcomer to Washington, critical of past policies which I believed had failed, I proposed a new spirit of partnership between this Congress and this administration and between Washington and our State and local governments.",https://www.presidency.ucsb.edu/documents/address-before-joint-session-the-congress-reporting-the-state-the-union-2,Ronald Reagan,1982.0,,,,,,,,,,
annual-message-the-congress-the-state-the-union-16-199,67,annual-message-the-congress-the-state-the-union-16.txt,199,Soundly planned projects already initiated should be carried out.,https://www.presidency.ucsb.edu/documents/annual-message-the-congress-the-state-the-union-16,Dwight D. Eisenhower,1953.0,,,,,,,,,,
pm-remarks-nelson-mandela-peace-summit-united-nations-5,208,pm-remarks-nelson-mandela-peace-summit-united-nations.txt,5,"I remember the profound impact he had on my father, who greatly admired his character and his relentless fight for justice.",https://www.pm.gc.ca/en/news/speeches/2018/09/24/pm-remarks-nelson-mandela-peace-summit-united-nations,,2018.0,,,,,,,,,,
prime-minister-trudeaus-address-yom-kippur-43,238,prime-minister-trudeaus-address-yom-kippur.txt,43,"You see, I’m a tactile person – anyone who’s met me at a rally or a barbeque or simply passed me on the street knows that that’s who I am.",https://www.pm.gc.ca/en/news/speeches/2016/10/11/prime-minister-trudeaus-address-yom-kippur,,2019.0,,,,,,,,,,
address-before-joint-session-the-congress-the-state-the-union-12-133,17,address-before-joint-session-the-congress-the-state-the-union-12.txt,133,"Clinton,"" he wrote to Hillary, ""no one in the United States of America should have to lose everything they've worked for all their lives because they were unfortunate enough to become ill."" It was to help the Richard and Judy Andersons of America that the First Lady and so many others have worked so hard and so long on this health care reform issue.",https://www.presidency.ucsb.edu/documents/address-before-joint-session-the-congress-the-state-the-union-12,William J. Clinton,1994.0,,,,,,,,,,
address-before-joint-session-the-congress-the-state-the-union-8-289,42,address-before-joint-session-the-congress-the-state-the-union-8.txt,289,"This year Hillary and I launched the White House Millennium Program to promote America's creativity and innovation, and to preserve our heritage and culture into the 21st century.",https://www.presidency.ucsb.edu/documents/address-before-joint-session-the-congress-the-state-the-union-8,William J. Clinton,1998.0,,,,,,,,,,
pm-remarks-in-hastings-5-february-87,205,pm-remarks-in-hastings-5-february.txt,87,"Everyone who comes here, who lives here, should have an opportunity to learn English.",https://www.gov.uk/government/speeches/pm-remarks-in-hastings-5-february,The Rt Hon Sir Keir Starmer KCB KC MP,,,,,,,,,,,
annual-message-the-congress-the-state-the-union-12-103,63,annual-message-the-congress-the-state-the-union-12.txt,103,"We are developing cooperative methods with State Governors, Mayors, and voluntary citizen groups, as well as among Federal agencies, in building the civil defense organization.",https://www.presidency.ucsb.edu/documents/annual-message-the-congress-the-state-the-union-12,Dwight D. Eisenhower,1955.0,,,,,,,,,,
address-before-joint-session-the-congress-the-state-the-union-27-200,33,address-before-joint-session-the-congress-the-state-the-union-27.txt,200,He viciously shot one man going about his daily work.,https://www.presidency.ucsb.edu/documents/address-before-joint-session-the-congress-the-state-the-union-27,Donald J. Trump (1st Term),2020.0,,,,,,,,,,
defence-secretary-statement-on-us-interception-of-bella-1-and-coalition-of-the-willing-meeting-60,106,defence-secretary-statement-on-us-interception-of-bella-1-and-coalition-of-the-willing-meeting.txt,60,"Mr Speaker, the MFU plans to deploy units from nations in the Coalition of the Willing to carry out deterrence operations in the air, on land and at sea.",https://www.gov.uk/government/speeches/defence-secretary-statement-on-us-interception-of-bella-1-and-coalition-of-the-willing-meeting,The Rt Hon John Healey MP,,,,,,,,,,,
pm-remarks-lunar-gateway-97,207,pm-remarks-lunar-gateway.txt,97,We tested our theories just as much as we tested our resilience and our determination.,https://www.pm.gc.ca/en/news/speeches/2019/02/27/pm-remarks-lunar-gateway,,2019.0,,,,,,,,,,
fourth-annual-address-congress-0-30,137,fourth-annual-address-congress-0.txt,30,In fulfilling this trust I shall count entirely upon the full cooperation of the other departments of the Government and upon the zealous support of all good citizens.,https://www.presidency.ucsb.edu/documents/fourth-annual-address-congress-0,George Washington,,,,,,,,,,,
annual-message-the-congress-the-state-the-union-26-201,74,annual-message-the-congress-the-state-the-union-26.txt,201,"And tonight that country is abundant; abundant with fruit and cattle and goats and sheep, and there are pleasant homes and lakes and the floods are gone.",https://www.presidency.ucsb.edu/documents/annual-message-the-congress-the-state-the-union-26,Lyndon B. Johnson,1965.0,,,,,,,,,,
annual-message-the-congress-the-state-the-union-1-87,61,annual-message-the-congress-the-state-the-union-1.txt,87,The Federal Government will still have a large and vital role to play in achieving our national progress.,https://www.presidency.ucsb.edu/documents/annual-message-the-congress-the-state-the-union-1,Richard Nixon,1971.0,,,,,,,,,,
address-before-joint-session-the-congress-the-state-the-union-29-183,35,address-before-joint-session-the-congress-the-state-the-union-29.txt,183,"Let's commit here tonight that the full faith and credit of the United States of America will never, ever be questioned.",https://www.presidency.ucsb.edu/documents/address-before-joint-session-the-congress-the-state-the-union-29,"Joseph R. Biden, Jr.",2023.0,,,,,,,,,,
third-annual-message-19-94,373,third-annual-message-19.txt,94,"It must embark upon it by degrees, as the opportunities of trade develop.",https://www.presidency.ucsb.edu/documents/third-annual-message-19,Woodrow Wilson,1915.0,,,,,,,,,,
address-before-joint-session-the-congress-the-state-the-union-27-80,33,address-before-joint-session-the-congress-the-state-the-union-27.txt,80,"Joining us in the Gallery is the true and legitimate President of Venezuela, Juan Guaidó.",https://www.presidency.ucsb.edu/documents/address-before-joint-session-the-congress-the-state-the-union-27,Donald J. Trump (1st Term),2020.0,,,,,,,,,,
address-before-joint-session-the-congress-reporting-the-state-the-union-1-87,10,address-before-joint-session-the-congress-reporting-the-state-the-union-1.txt,87,"Obviously, voluntary conservation continues to be essential, but tougher programs are needed--and needed now.",https://www.presidency.ucsb.edu/documents/address-before-joint-session-the-congress-reporting-the-state-the-union-1,Gerald R. Ford,1975.0,,,,,,,,,,
remarks-prime-minister-justin-trudeau-apologize-behalf-government-canada-62,312,remarks-prime-minister-justin-trudeau-apologize-behalf-government-canada.txt,62,All Canadians possess the ability to learn from the past and shape the future.,https://www.pm.gc.ca/en/news/speeches/2017/11/24/remarks-prime-minister-justin-trudeau-apologize-behalf-government-canada,,2017.0,,,,,,,,,,
prime-ministers-remarks-munich-security-conference-77,265,prime-ministers-remarks-munich-security-conference.txt,77,A place where we benefit from the free exchange of ideas.,https://www.pm.gc.ca/en/news/speeches/2020/02/14/prime-ministers-remarks-munich-security-conference,,2020.0,,,,,,,,,,
address-before-joint-session-the-congress-the-state-the-union-29-230,35,address-before-joint-session-the-congress-the-state-the-union-29.txt,230,Americans are tired of being—we're tired of being played for suckers.,https://www.presidency.ucsb.edu/documents/address-before-joint-session-the-congress-the-state-the-union-29,"Joseph R. Biden, Jr.",2023.0,,,,,,,,,,
prime-ministers-remarks-shooting-portapique-nova-scotia-and-updates-covid-42,269,prime-ministers-remarks-shooting-portapique-nova-scotia-and-updates-covid.txt,42,Ask your parents if you can help them make dinner and do extra cleaning around the house.,https://www.pm.gc.ca/en/news/speeches/2020/04/19/prime-ministers-remarks-shooting-portapique-nova-scotia-and-updates-covid,,2020.0,,,,,,,,,,
annual-message-the-congress-the-state-the-union-30-158,79,annual-message-the-congress-the-state-the-union-30.txt,158,"I have received the most generous cooperation from the leaders of the Republican Party in the Congress of the United States, Senator Dirksen and Congressman Gerald Ford, the Minority Leader.",https://www.presidency.ucsb.edu/documents/annual-message-the-congress-the-state-the-union-30,Lyndon B. Johnson,1969.0,,,,,,,,,,
prime-ministers-remarks-updating-canadians-latest-developments-iran-12,282,prime-ministers-remarks-updating-canadians-latest-developments-iran.txt,12,We expect that the lead members of this team will arrive in Tehran around 4 pm today and establish a presence on the ground to support Canadian families.,https://www.pm.gc.ca/en/news/speeches/2020/01/11/prime-ministers-remarks-updating-canadians-latest-developments-iran,,2020.0,,,,,,,,,,
prime-ministers-remarks-canada-emergency-response-benefit-and-additional-31,251,prime-ministers-remarks-canada-emergency-response-benefit-and-additional.txt,31,"You need support now, and work is underway to get it to you as soon as possible.",https://www.pm.gc.ca/en/news/speeches/2020/04/06/prime-ministers-remarks-canada-emergency-response-benefit-and-additional,,2020.0,,,,,,,,,,
prime-minister-keynote-speech-world-economic-forum-2018-125,236,prime-minister-keynote-speech-world-economic-forum-2018.txt,125,The people in this room are immensely privileged – we owe it to society to use this privilege for good.,https://www.pm.gc.ca/en/news/speeches/2018/01/23/prime-minister-keynote-speech-world-economic-forum-2018,,2018.0,,,,,,,,,,
education-secretary-speech-at-global-ai-safety-summit-42,121,education-secretary-speech-at-global-ai-safety-summit.txt,42,Not chasing profit or rolling out flashy tools for the sake of it.,https://www.gov.uk/government/speeches/education-secretary-speech-at-global-ai-safety-summit,The Rt Hon Bridget Phillipson MP,,,,,,,,,,,
second-inaugural-address-41,328,second-inaugural-address.txt,41,"We must use our skills and knowledge and, at times, our substance, to help others rise from misery, however far the scene of suffering may be from our shores.",https://www.presidency.ucsb.edu/documents/second-inaugural-address,Dwight D. Eisenhower,1957.0,,,,,,,,,,
pm-speaking-notes-egale-leadership-award-26,212,pm-speaking-notes-egale-leadership-award.txt,26,"So this apology, and our vow to never repeat the devastating mistakes of the past – well, we knew it would be an important moment for many people.",https://www.pm.gc.ca/en/news/speeches/2018/05/24/pm-speaking-notes-egale-leadership-award,,2018.0,,,,,,,,,,
address-before-joint-session-the-congress-the-state-the-union-23-113,29,address-before-joint-session-the-congress-the-state-the-union-23.txt,113,"And the cost of those drugs has dropped from $12,000 a year to under $300 a year, which places a tremendous possibility within our grasp.",https://www.presidency.ucsb.edu/documents/address-before-joint-session-the-congress-the-state-the-union-23,George W. Bush,2003.0,,,,,,,,,,
address-before-joint-session-the-congress-reporting-the-state-the-union-2,12,address-before-joint-session-the-congress-reporting-the-state-the-union.txt,2,"Long before our forefathers came to these shores, men and women had been struggling on this planet to forge a better life for themselves and their families.",https://www.presidency.ucsb.edu/documents/address-before-joint-session-the-congress-reporting-the-state-the-union,Gerald R. Ford,1976.0,,,,,,,,,,
address-before-joint-session-the-congress-the-state-the-union-29-191,35,address-before-joint-session-the-congress-the-state-the-union-29.txt,191,I don't even think it's a significant—— Audience member.,https://www.presidency.ucsb.edu/documents/address-before-joint-session-the-congress-the-state-the-union-29,"Joseph R. Biden, Jr.",2023.0,,,,,,,,,,
state-the-union-address-0-100,342,state-the-union-address-0.txt,100,"Yes, 1943 will not be an easy year for us on the home front.",https://www.presidency.ucsb.edu/documents/state-the-union-address-0,Franklin D. Roosevelt,1943.0,,,,,,,,,,
address-before-joint-session-the-congress-the-state-the-union-17-266,22,address-before-joint-session-the-congress-the-state-the-union-17.txt,266,"That's why North Korea now faces increased isolation and stronger sanctions, sanctions that are being vigorously enforced.",https://www.presidency.ucsb.edu/documents/address-before-joint-session-the-congress-the-state-the-union-17,Barack Obama,2010.0,,,,,,,,,,
address-before-joint-session-the-congress-the-state-the-union-30-333,37,address-before-joint-session-the-congress-the-state-the-union-30.txt,333,And we're standing up against China's unfair economic practices.,https://www.presidency.ucsb.edu/documents/address-before-joint-session-the-congress-the-state-the-union-30,"Joseph R. Biden, Jr.",2024.0,,,,,,,,,,
prime-ministers-remarks-updating-canadians-covid-19-situation-17,279,prime-ministers-remarks-updating-canadians-covid-19-situation.txt,17,"Millions of people have already had their claim processed, and they’re getting their $2,000 deposit.",https://www.pm.gc.ca/en/news/speeches/2020/03/26/prime-ministers-remarks-updating-canadians-covid-19-situation,,1969.0,,,,,,,,,,
prime-ministers-remarks-global-mineral-exploration-and-mining-convention-60,258,prime-ministers-remarks-global-mineral-exploration-and-mining-convention.txt,60,This new incentive will help reduce emissions from transport and help companies save money.,https://www.pm.gc.ca/en/news/speeches/2020/03/02/prime-ministers-remarks-global-mineral-exploration-and-mining-convention,,2020.0,,,,,,,,,,
address-before-joint-session-the-congress-the-state-the-union-20-195,26,address-before-joint-session-the-congress-the-state-the-union-20.txt,195,"Now, 1 year doesn't make a trend, but this does: 14 of the 15 warmest years on record have all fallen in the first 15 years of this century.",https://www.presidency.ucsb.edu/documents/address-before-joint-session-the-congress-the-state-the-union-20,Barack Obama,2015.0,,,,,,,,,,
address-before-joint-session-the-congress-reporting-the-state-the-union-96,12,address-before-joint-session-the-congress-reporting-the-state-the-union.txt,96,"I have submitted concrete plans in each of these areas, not to help this or that industry, but to foster competition and to bring prices down for the consumer.",https://www.presidency.ucsb.edu/documents/address-before-joint-session-the-congress-reporting-the-state-the-union,Gerald R. Ford,1976.0,,,,,,,,,,
russias-use-of-oreshnik-hypersonic-missile-should-be-universally-condemned-uk-statement-at-the-un-security-council--2-21,322,russias-use-of-oreshnik-hypersonic-missile-should-be-universally-condemned-uk-statement-at-the-un-security-council--2.txt,21,"For the sake of international security and the integrity of the UN Charter, Ukraine must emerge from this war as a sovereign, secure, and independent country.",https://www.gov.uk/government/speeches/russias-use-of-oreshnik-hypersonic-missile-should-be-universally-condemned-uk-statement-at-the-un-security-council--2,James Kariuki CMG,,,,,,,,,,,
second-annual-message-20-210,327,second-annual-message-20.txt,210,"They are met here by our invitation, not in our aloofness, and they accept our hospitality because they have faith in our unselfishness and believe in our helpfulness.",https://www.presidency.ucsb.edu/documents/second-annual-message-20,Warren G. Harding,1922.0,,,,,,,,,,
address-before-joint-session-the-congress-the-state-the-union-15-282,20,address-before-joint-session-the-congress-the-state-the-union-15.txt,282,The renewal of American leadership can be felt across the globe.,https://www.presidency.ucsb.edu/documents/address-before-joint-session-the-congress-the-state-the-union-15,Barack Obama,2012.0,,,,,,,,,,
second-annual-message-20-121,327,second-annual-message-20.txt,121,We have assumed so great a responsibility in necessary regulation that we unconsciously have assumed the responsibility for maintained service; therefore the lawful power for the enforcement.,https://www.presidency.ucsb.edu/documents/second-annual-message-20,Warren G. Harding,1922.0,,,,,,,,,,
consumer-protection-under-the-dmcca-progress-and-priorities-48,101,consumer-protection-under-the-dmcca-progress-and-priorities.txt,48,"If you have concerns about conduct in your industry, I encourage you to review these resources.",https://www.gov.uk/government/speeches/consumer-protection-under-the-dmcca-progress-and-priorities,,,,,,,,,,,,
address-before-joint-session-the-congress-the-state-the-union-21-182,27,address-before-joint-session-the-congress-the-state-the-union-21.txt,182,"Because of this law, no American—none, zero—can ever again be dropped or denied coverage for a preexisting condition like asthma or back pain or cancer.",https://www.presidency.ucsb.edu/documents/address-before-joint-session-the-congress-the-state-the-union-21,Barack Obama,2014.0,,,,,,,,,,
remarks-prime-minister-justin-trudeau-apologize-lgbtq2-canadians-47,313,remarks-prime-minister-justin-trudeau-apologize-lgbtq2-canadians.txt,47,This project was funded with the intention of using it against Canadians.,https://www.pm.gc.ca/en/news/speeches/2017/11/28/remarks-prime-minister-justin-trudeau-apologize-lgbtq2-canadians,,2017.0,,,,,,,,,,
fourth-annual-address-congress-38,138,fourth-annual-address-congress.txt,38,"If they have exhibited an uncommon portion of calamity, it is the province of humanity to deplore and of wisdom to avoid the causes which may have produced it.",https://www.presidency.ucsb.edu/documents/fourth-annual-address-congress,John Adams,,,,,,,,,,,
third-annual-message-19-152,373,third-annual-message-19.txt,152,A little while ago such a thing would have seemed incredible.,https://www.presidency.ucsb.edu/documents/third-annual-message-19,Woodrow Wilson,1915.0,,,,,,,,,,
secretary-of-states-speech-to-the-national-society-conference-63,334,secretary-of-states-speech-to-the-national-society-conference.txt,63,Academic rigour hand in glove with inclusive ethos.,https://www.gov.uk/government/speeches/secretary-of-states-speech-to-the-national-society-conference,The Rt Hon Bridget Phillipson MP,,,,,,,,,,,
the-presidents-inaugural-address-61,355,the-presidents-inaugural-address.txt,61,It is the star that is not reached and the harvest that is sleeping in the unplowed ground.,https://www.presidency.ucsb.edu/documents/the-presidents-inaugural-address,Lyndon B. Johnson,1965.0,,,,,,,,,,
fourth-annual-message-18-30,139,fourth-annual-message-18.txt,30,I need not labor my advice that these measures be enacted into law.,https://www.presidency.ucsb.edu/documents/fourth-annual-message-18,Woodrow Wilson,1916.0,,,,,,,,,,
address-before-joint-session-the-congress-the-state-the-union-29-26,35,address-before-joint-session-the-congress-the-state-the-union-29.txt,26,We came together to pass one the most significant law ever helping victims exposed to toxic burn pits.,https://www.presidency.ucsb.edu/documents/address-before-joint-session-the-congress-the-state-the-union-29,"Joseph R. Biden, Jr.",2023.0,,,,,,,,,,
inaugural-address-10-7,154,inaugural-address-10.txt,7,"When the first President, George Washington, placed his hand upon the Bible, he stood less than a single day's journey by horseback from raw, untamed wilderness.",https://www.presidency.ucsb.edu/documents/inaugural-address-10,Ronald Reagan,1985.0,,,,,,,,,,
address-the-state-the-union-delivered-before-joint-session-the-congress-132,51,address-the-state-the-union-delivered-before-joint-session-the-congress.txt,132,We could not have made that progress if we had not maintained the military strength of America.,https://www.presidency.ucsb.edu/documents/address-the-state-the-union-delivered-before-joint-session-the-congress,Richard Nixon,1974.0,,,,,,,,,,
annual-message-the-congress-the-state-the-union-17-65,68,annual-message-the-congress-the-state-the-union-17.txt,65,It has increased inflation in Europe and has endangered the continued recovery of our allies.,https://www.presidency.ucsb.edu/documents/annual-message-the-congress-the-state-the-union-17,Harry S Truman,1952.0,,,,,,,,,,
address-the-state-the-union-delivered-before-joint-session-the-congress-0-68,50,address-the-state-the-union-delivered-before-joint-session-the-congress-0.txt,68,Our budget will help meet it by being expansionary without being inflationary-a job-producing budget that will help take up the gap as the economy expands to full employment.,https://www.presidency.ucsb.edu/documents/address-the-state-the-union-delivered-before-joint-session-the-congress-0,Richard Nixon,1972.0,,,,,,,,,,
address-before-joint-session-the-congress-the-state-the-union-11-176,16,address-before-joint-session-the-congress-the-state-the-union-11.txt,176,"The very best example of this is the national service corps, AmeriCorps.",https://www.presidency.ucsb.edu/documents/address-before-joint-session-the-congress-the-state-the-union-11,William J. Clinton,1995.0,,,,,,,,,,
prime-ministers-remarks-expansion-canada-emergency-response-benefit-and-27,256,prime-ministers-remarks-expansion-canada-emergency-response-benefit-and.txt,27,"If you were expecting a seasonal job that isn’t coming because of COVID-19, you’ll now be able to apply.",https://www.pm.gc.ca/en/news/speeches/2020/04/15/prime-ministers-remarks-expansion-canada-emergency-response-benefit-and,,2020.0,,,,,,,,,,
annual-message-the-congress-the-state-the-union-1-112,61,annual-message-the-congress-the-state-the-union-1.txt,112,The idea that a bureaucratic elite in Washington knows best what is best for people everywhere and that you cannot trust local governments is really a contention that you cannot trust people to govern themselves.,https://www.presidency.ucsb.edu/documents/annual-message-the-congress-the-state-the-union-1,Richard Nixon,1971.0,,,,,,,,,,
prime-ministers-remarks-canadas-evolving-response-covid-19-50,253,prime-ministers-remarks-canadas-evolving-response-covid-19.txt,50,The measures announced today are in addition to the recommendations issued by healthcare professionals.,https://www.pm.gc.ca/en/news/speeches/2020/03/16/prime-ministers-remarks-canadas-evolving-response-covid-19,,2020.0,,,,,,,,,,
second-annual-message-20-198,327,second-annual-message-20.txt,198,"I commended such a program in case of future war, in the inaugural address.",https://www.presidency.ucsb.edu/documents/second-annual-message-20,Warren G. Harding,1922.0,,,,,,,,,,
address-before-joint-session-the-congress-the-state-the-union-26-185,32,address-before-joint-session-the-congress-the-state-the-union-26.txt,185,"Perhaps we can negotiate a different agreement, adding China and others, or perhaps we can't, in which case, we will outspend and outinnovate all others by far.",https://www.presidency.ucsb.edu/documents/address-before-joint-session-the-congress-the-state-the-union-26,Donald J. Trump (1st Term),2019.0,,,,,,,,,,
annual-message-the-congress-the-state-the-union-14-31,65,annual-message-the-congress-the-state-the-union-14.txt,31,"Our Union was formed, our frontiers were pushed back, and our great industries were built by men who looked ahead.",https://www.presidency.ucsb.edu/documents/annual-message-the-congress-the-state-the-union-14,Harry S Truman,1948.0,,,,,,,,,,
prime-minister-keynote-speech-world-economic-forum-2018-116,236,prime-minister-keynote-speech-world-economic-forum-2018.txt,116,And that’s not to say that we’ve got it all figured out.,https://www.pm.gc.ca/en/news/speeches/2018/01/23/prime-minister-keynote-speech-world-economic-forum-2018,,2018.0,,,,,,,,,,
annual-message-the-congress-the-state-the-union-27-73,75,annual-message-the-congress-the-state-the-union-27.txt,73,"Working together, private enterprise and government must press forward with the task of providing homes and shops, parks and hospitals, and all the other necessary parts of a flourishing community where our people can come to live the good life.",https://www.presidency.ucsb.edu/documents/annual-message-the-congress-the-state-the-union-27,Lyndon B. Johnson,1966.0,,,,,,,,,,
prime-minister-justin-trudeaus-address-72th-session-united-nations-general-110,232,prime-minister-justin-trudeaus-address-72th-session-united-nations-general.txt,110,"Likewise, the global community has a responsibility to do all that it can to reduce inequality within and among countries.",https://www.pm.gc.ca/en/news/speeches/2017/09/21/prime-minister-justin-trudeaus-address-72th-session-united-nations-general,,2017.0,,,,,,,,,,
the-gambias-wto-trade-policy-review-uk-statement-february-2026-36,353,the-gambias-wto-trade-policy-review-uk-statement-february-2026.txt,36,We encourage The Gambia to consider joining the MPIA also and we would be eager to discuss this with them.,https://www.gov.uk/government/speeches/the-gambias-wto-trade-policy-review-uk-statement-february-2026,Kumar Iyer CMG,,,,,,,,,,,
address-before-joint-session-the-congress-the-state-the-union-3-112,36,address-before-joint-session-the-congress-the-state-the-union-3.txt,112,I will ask for new negotiating authority to remove barriers and to get more of our products into foreign markets.,https://www.presidency.ucsb.edu/documents/address-before-joint-session-the-congress-the-state-the-union-3,Ronald Reagan,1983.0,,,,,,,,,,
pm-remarks-lunar-gateway-62,207,pm-remarks-lunar-gateway.txt,62,"Today, 10,000 Canadian jobs depend on Canada’s presence in space.",https://www.pm.gc.ca/en/news/speeches/2019/02/27/pm-remarks-lunar-gateway,,2019.0,,,,,,,,,,
secretary-of-states-keynote-institute-for-government-speech-162,333,secretary-of-states-keynote-institute-for-government-speech.txt,162,"Government is hard because we are facing into big challenges that affect every single person across our country, which is what has made this job so utterly rewarding.",https://www.gov.uk/government/speeches/secretary-of-states-keynote-institute-for-government-speech,The Rt Hon Wes Streeting MP,,,,,,,,,,,
prime-ministers-remarks-house-tribute-victims-ukraine-international-2,261,prime-ministers-remarks-house-tribute-victims-ukraine-international.txt,2,"Speaker, I rise today to pay tribute to 176 people who were taken from this world too soon.",https://www.pm.gc.ca/en/news/speeches/2020/01/27/prime-ministers-remarks-house-tribute-victims-ukraine-international,,2020.0,,,,,,,,,,
address-before-joint-session-the-congress-the-state-the-union-29-366,35,address-before-joint-session-the-congress-the-state-the-union-29.txt,366,"Describing the last 8 years without her, Doug said, ""There is no worse pain."" Yet their family has turned pain into purpose, working to end the stigma and change laws.",https://www.presidency.ucsb.edu/documents/address-before-joint-session-the-congress-the-state-the-union-29,"Joseph R. Biden, Jr.",2023.0,,,,,,,,,,
annual-message-the-congress-the-state-the-union-5-170,81,annual-message-the-congress-the-state-the-union-5.txt,170,"In many areas of the world where the balance of power already rests with our adversaries, the forces of freedom are sharply divided.",https://www.presidency.ucsb.edu/documents/annual-message-the-congress-the-state-the-union-5,John F. Kennedy,1961.0,,,,,,,,,,
inaugural-address-52-65,165,inaugural-address-52.txt,65,"But as a saint of our times has said, ""Every day we are called to do small things with great love."" The most important tasks of a democracy are done by everyone.",https://www.presidency.ucsb.edu/documents/inaugural-address-52,George W. Bush,2001.0,,,,,,,,,,
updates-on-standards-in-public-life-23,379,updates-on-standards-in-public-life.txt,23,Revelations from the Epstein files have shown that it has been far too easy to forward sensitive information via unofficial channels.,https://www.gov.uk/government/speeches/updates-on-standards-in-public-life,The Rt Hon Darren Jones MP,,,,,,,,,,,
annual-message-the-congress-the-state-the-union-2-12,70,annual-message-the-congress-the-state-the-union-2.txt,12,When we speak of America's priorities the first priority must always be peace for America and the world.,https://www.presidency.ucsb.edu/documents/annual-message-the-congress-the-state-the-union-2,Richard Nixon,1970.0,,,,,,,,,,
state-the-union-address-1-141,343,state-the-union-address-1.txt,141,There never has been—there never can be—successful compromise between good and evil.,https://www.presidency.ucsb.edu/documents/state-the-union-address-1,Franklin D. Roosevelt,1942.0,,,,,,,,,,
third-annual-message-19-153,373,third-annual-message-19.txt,153,Because it was incredible we made no preparation for it.,https://www.presidency.ucsb.edu/documents/third-annual-message-19,Woodrow Wilson,1915.0,,,,,,,,,,
first-annual-message-19-167,132,first-annual-message-19.txt,167,"Congress has a report of the survey of this field for reclamation, and the feasibility is established.",https://www.presidency.ucsb.edu/documents/first-annual-message-19,Warren G. Harding,1921.0,,,,,,,,,,
prime-ministers-speech-house-commons-about-blockades-53,292,prime-ministers-speech-house-commons-about-blockades.txt,53,"And more and more, Canadians are impatient to see those answers.",https://www.pm.gc.ca/en/news/speeches/2020/02/18/prime-ministers-speech-house-commons-about-blockades,,2020.0,,,,,,,,,,
delivering-northern-powerhouse-rail-37,109,delivering-northern-powerhouse-rail.txt,37,This will proceed in 3 phases– sequenced so passengers experience a better railway as soon as possible.,https://www.gov.uk/government/speeches/delivering-northern-powerhouse-rail,The Rt Hon Heidi Alexander MP,,,,,,,,,,,
prime-ministers-remarks-vimy-ridge-memorial-veterans-16,287,prime-ministers-remarks-vimy-ridge-memorial-veterans.txt,16,"On this centenary of the Armistice of the First World War, we think of all those who have fought with courage for the values ​​we hold dear.",https://www.pm.gc.ca/en/news/speeches/2018/11/10/prime-ministers-remarks-vimy-ridge-memorial-veterans,,2018.0,,,,,,,,,,
george-bradshaw-address-2026-139,140,george-bradshaw-address-2026.txt,139,"Diversity in the railway sector Now, I realise I am the first woman to deliver the Bradshaw address.",https://www.gov.uk/government/speeches/george-bradshaw-address-2026,The Rt Hon Heidi Alexander MP,,,,,,,,,,,
annual-message-congress-the-state-the-union-four-freedoms-speech-121,59,annual-message-congress-the-state-the-union-four-freedoms-speech.txt,121,"If the Congress maintains these principles, the voters, putting patriotism ahead of pocketbooks, will give you their applause.",https://www.presidency.ucsb.edu/documents/annual-message-congress-the-state-the-union-four-freedoms-speech,Franklin D. Roosevelt,1941.0,,,,,,,,,,
deputy-prime-minister-remarks-second-reading-legislation-implement-new-5,111,deputy-prime-minister-remarks-second-reading-legislation-implement-new.txt,5,"The years that followed were among the more turbulent in our history, Mr.",https://www.pm.gc.ca/en/news/speeches/2020/01/30/deputy-prime-minister-remarks-second-reading-legislation-implement-new,,1969.0,,,,,,,,,,
annual-message-the-congress-40,85,annual-message-the-congress.txt,40,I hope that we shall have fewer American ostriches in our midst.,https://www.presidency.ucsb.edu/documents/annual-message-the-congress,Franklin D. Roosevelt,1940.0,,,,,,,,,,
attorney-generals-speech-at-great-synagogue-sydney-23,92,attorney-generals-speech-at-great-synagogue-sydney.txt,23,One sentiment that I also anticipate was shared by our two communities was the sense that although utterly shocking neither events were completely unexpected.,https://www.gov.uk/government/speeches/attorney-generals-speech-at-great-synagogue-sydney,The Rt Hon Lord Hermer KC,,,,,,,,,,,
address-before-joint-session-the-congress-the-state-the-union-2-89,25,address-before-joint-session-the-congress-the-state-the-union-2.txt,89,I've been appalled at the recent mail bombings across this country.,https://www.presidency.ucsb.edu/documents/address-before-joint-session-the-congress-the-state-the-union-2,George Bush,1990.0,,,,,,,,,,
address-before-joint-session-the-congress-the-state-the-union-29-290,35,address-before-joint-session-the-congress-the-state-the-union-29.txt,290,We know police officers put their lives on the line every single night and day.,https://www.presidency.ucsb.edu/documents/address-before-joint-session-the-congress-the-state-the-union-29,"Joseph R. Biden, Jr.",2023.0,,,,,,,,,,
prime-ministers-remarks-shooting-portapique-nova-scotia-and-updates-covid-3,269,prime-ministers-remarks-shooting-portapique-nova-scotia-and-updates-covid.txt,3,"I want to thank the police for their hard work, and people for cooperating with authorities.",https://www.pm.gc.ca/en/news/speeches/2020/04/19/prime-ministers-remarks-shooting-portapique-nova-scotia-and-updates-covid,,2020.0,,,,,,,,,,
address-before-joint-session-the-congress-the-state-the-union-17-131,22,address-before-joint-session-the-congress-the-state-the-union-17.txt,131,"That's why I urge the Senate to follow the House and pass a bill that will revitalize our community colleges, which are a career pathway to the children of so many working families.",https://www.presidency.ucsb.edu/documents/address-before-joint-session-the-congress-the-state-the-union-17,Barack Obama,2010.0,,,,,,,,,,
address-before-joint-session-the-congress-reporting-the-state-the-union-1-100,10,address-before-joint-session-the-congress-reporting-the-state-the-union-1.txt,100,"A massive program must be initiated to increase energy supply, to cut demand, and provide new standby emergency programs to achieve the independence we want by 1985.",https://www.presidency.ucsb.edu/documents/address-before-joint-session-the-congress-reporting-the-state-the-union-1,Gerald R. Ford,1975.0,,,,,,,,,,
pm-speaking-notes-nyu-commencement-address-81,213,pm-speaking-notes-nyu-commencement-address.txt,81,"Let me be very clear: this is not an endorsement of moral relativism, or a declaration that all points of view are valid.",https://www.pm.gc.ca/en/news/speeches/2018/05/16/pm-speaking-notes-nyu-commencement-address,,2018.0,,,,,,,,,,
first-annual-message-18-27,131,first-annual-message-18.txt,27,And yet I feel that the request is not needed-that the Members of that great House need no urging in this service to the country.,https://www.presidency.ucsb.edu/documents/first-annual-message-18,Woodrow Wilson,1913.0,,,,,,,,,,
prime-ministers-remarks-announcing-canadas-plan-mobilize-industry-fight-30,245,prime-ministers-remarks-announcing-canadas-plan-mobilize-industry-fight.txt,30,"We received over 500,000 applications so far this week compared to just under 27,000 applications for the same week last year.",https://www.pm.gc.ca/en/news/speeches/2020/03/20/prime-ministers-remarks-announcing-canadas-plan-mobilize-industry-fight,,2020.0,,,,,,,,,,
education-secretary-speech-at-global-ai-safety-summit-52,121,education-secretary-speech-at-global-ai-safety-summit.txt,52,High profile cases have alerted the world to the risk of a link between unregulated conversational AI and self-harm.,https://www.gov.uk/government/speeches/education-secretary-speech-at-global-ai-safety-summit,The Rt Hon Bridget Phillipson MP,,,,,,,,,,,
address-before-joint-session-the-congress-the-state-the-union-29-221,35,address-before-joint-session-the-congress-the-state-the-union-29.txt,221,"Look, junk fees may not matter to the very wealthy, but they matter to most other folks in homes like the one I grew up in, like many of you did.",https://www.presidency.ucsb.edu/documents/address-before-joint-session-the-congress-the-state-the-union-29,"Joseph R. Biden, Jr.",2023.0,,,,,,,,,,
let-this-be-the-time-that-the-world-comes-together-to-end-the-cycle-of-bloodshed-in-sudan-uk-statement-at-the-un-security-council-7,177,let-this-be-the-time-that-the-world-comes-together-to-end-the-cycle-of-bloodshed-in-sudan-uk-statement-at-the-un-security-council.txt,7,"There is a war being waged on the bodies of women and girls, and I told the women that I spoke to in Adre that I would bring their voices and their stories to the United Nations and to the world and that is what we are doing today because the world must hear the voices of the women of Sudan, and not the military men perpetuating this conflict.",https://www.gov.uk/government/speeches/let-this-be-the-time-that-the-world-comes-together-to-end-the-cycle-of-bloodshed-in-sudan-uk-statement-at-the-un-security-council,The Rt Hon Yvette Cooper MP,,,,,,,,,,,
annual-message-congress-3-53,57,annual-message-congress-3.txt,53,"In the spring of 1933 the issue of destitution seemed to stand apart; today, in the light of our experience and our new national policy, we find we can put people to work in ways which conform to, initiate and carry forward the broad principles of that policy.",https://www.presidency.ucsb.edu/documents/annual-message-congress-3,Franklin D. Roosevelt,1935.0,,,,,,,,,,
address-before-joint-session-the-congress-the-state-the-union-10-13,15,address-before-joint-session-the-congress-the-state-the-union-10.txt,13,"Now we move to an age of technology, information, and global competition.",https://www.presidency.ucsb.edu/documents/address-before-joint-session-the-congress-the-state-the-union-10,William J. Clinton,1996.0,,,,,,,,,,
excerpts-the-report-congressional-committees-investigating-the-iran-contra-affair-346,126,excerpts-the-report-congressional-committees-investigating-the-iran-contra-affair.txt,346,Inspector General and General Counsel The Committees recommend that a system be developed so that the C.I.A.,https://www.presidency.ucsb.edu/documents/excerpts-the-report-congressional-committees-investigating-the-iran-contra-affair,U.S. Congress,1987.0,,,,,,,,,,
first-annual-message-20-131,133,first-annual-message-20.txt,131,The administration of justice is likely to fail if it be long delayed.,https://www.presidency.ucsb.edu/documents/first-annual-message-20,Calvin Coolidge,1923.0,,,,,,,,,,
annual-message-congress-39,60,annual-message-congress.txt,39,But the mere fact that we rightly decline to intervene with arms to prevent acts of aggression does not mean that we must act as if there were no aggression at all.,https://www.presidency.ucsb.edu/documents/annual-message-congress,Franklin D. Roosevelt,1939.0,,,,,,,,,,
address-before-joint-session-the-congress-the-state-the-union-10-91,15,address-before-joint-session-the-congress-the-state-the-union-10.txt,91,"We are working with the telecommunications industry, educators, and parents to connect 20 percent of California's classrooms by this spring, and every classroom and every library in the entire United States by the year 2000.",https://www.presidency.ucsb.edu/documents/address-before-joint-session-the-congress-the-state-the-union-10,William J. Clinton,1996.0,,,,,,,,,,
address-before-joint-session-the-congress-the-state-the-union-8-207,42,address-before-joint-session-the-congress-the-state-the-union-8.txt,207,"By ending nuclear testing, we can help to prevent the development of new and more dangerous weapons and make it more difficult for non-nuclear states to build them.",https://www.presidency.ucsb.edu/documents/address-before-joint-session-the-congress-the-state-the-union-8,William J. Clinton,1998.0,,,,,,,,,,
annual-message-the-congress-the-state-the-union-28-85,76,annual-message-the-congress-the-state-the-union-28.txt,85,"I will ask that you raise the minimum payments by 59 percent--from $44 to $70 a month, and to guarantee a minimum benefit of $100 a month for those with a total of 25 years of coverage.",https://www.presidency.ucsb.edu/documents/annual-message-the-congress-the-state-the-union-28,Lyndon B. Johnson,1967.0,,,,,,,,,,
address-before-joint-session-the-congress-the-state-the-union-15-281,20,address-before-joint-session-the-congress-the-state-the-union-15.txt,281,"And if Iran changes course and meets its obligations, it can rejoin the community of nations.",https://www.presidency.ucsb.edu/documents/address-before-joint-session-the-congress-the-state-the-union-15,Barack Obama,2012.0,,,,,,,,,,
annual-message-the-congress-the-state-the-union-4-83,80,annual-message-the-congress-the-state-the-union-4.txt,83,"I believe that bill, which passed the Senate and received House Committee approval, offered the minimum amount required by our needs and--in terms of across-the-board aid--the maximum scope permitted by our Constitution.",https://www.presidency.ucsb.edu/documents/annual-message-the-congress-the-state-the-union-4,John F. Kennedy,1962.0,,,,,,,,,,
prime-ministers-remarks-state-dinner-official-visit-united-states-5,271,prime-ministers-remarks-state-dinner-official-visit-united-states.txt,5,"In thinking about what I wanted to say this evening, I came across a quote from President Truman, who shared these words with the Canadian parliament nearly 70 years ago.",https://www.pm.gc.ca/en/news/speeches/2016/03/10/prime-ministers-remarks-state-dinner-official-visit-united-states,,2016.0,,,,,,,,,,
remarks-prime-minister-house-commons-recognition-and-implementation-rights-9,311,remarks-prime-minister-house-commons-recognition-and-implementation-rights.txt,9,"You see, I just finished up a series of town hall visits in communities all across Canada.",https://www.pm.gc.ca/en/news/speeches/2018/02/14/remarks-prime-minister-house-commons-recognition-and-implementation-rights,,2018.0,,,,,,,,,,
address-before-joint-session-the-congress-the-state-the-union-18-92,23,address-before-joint-session-the-congress-the-state-the-union-18.txt,92,Let us fund new technologies that can generate coal power while capturing carbon emissions.,https://www.presidency.ucsb.edu/documents/address-before-joint-session-the-congress-the-state-the-union-18,George W. Bush,2008.0,,,,,,,,,,
second-annual-message-19-137,326,second-annual-message-19.txt,137,"A powerful navy we have always regarded as our proper and natural means of defense, and it has always been of defense that we have thought, never of aggression or of conquest.",https://www.presidency.ucsb.edu/documents/second-annual-message-19,Woodrow Wilson,1914.0,,,,,,,,,,
address-before-joint-session-the-congress-the-state-the-union-11-34,16,address-before-joint-session-the-congress-the-state-the-union-11.txt,34,Opportunity and responsibility: They go hand in hand.,https://www.presidency.ucsb.edu/documents/address-before-joint-session-the-congress-the-state-the-union-11,William J. Clinton,1995.0,,,,,,,,,,
first-annual-message-19-106,132,first-annual-message-19.txt,106,In the main the remedy lies in distribution and marketing.,https://www.presidency.ucsb.edu/documents/first-annual-message-19,Warren G. Harding,1921.0,,,,,,,,,,
annual-message-the-congress-the-state-the-union-30-163,79,annual-message-the-congress-the-state-the-union-30.txt,163,Each of us should try not to increase these burdens for the sake of narrow personal or partisan advantage.,https://www.presidency.ucsb.edu/documents/annual-message-the-congress-the-state-the-union-30,Lyndon B. Johnson,1969.0,,,,,,,,,,
first-annual-message-20-28,133,first-annual-message-20.txt,28,"As I wish to see a court established, and as the proposal presents the only practical plan on which many nations have ever agreed, though it may not meet every desire, I therefore commend it to the favorable consideration of the Senate, with the proposed reservations clearly indicating our refusal to adhere to the League of Nations.",https://www.presidency.ucsb.edu/documents/first-annual-message-20,Calvin Coolidge,1923.0,,,,,,,,,,
address-before-joint-session-congress-the-state-the-union-1-130,4,address-before-joint-session-congress-the-state-the-union-1.txt,130,The quest for excellence into the 21st century begins in the schoolroom but must go next to the workplace.,https://www.presidency.ucsb.edu/documents/address-before-joint-session-congress-the-state-the-union-1,Ronald Reagan,1987.0,,,,,,,,,,
address-before-joint-session-congress-the-state-the-union-0-48,3,address-before-joint-session-congress-the-state-the-union-0.txt,48,The deficit itself has moved from 6.3 percent of the gross national product to only 3.4 percent.,https://www.presidency.ucsb.edu/documents/address-before-joint-session-congress-the-state-the-union-0,Ronald Reagan,1988.0,,,,,,,,,,
address-before-joint-session-the-congress-the-state-the-union-24-226,30,address-before-joint-session-the-congress-the-state-the-union-24.txt,226,"This year, some 600,000 inmates will be released from prison back into society.",https://www.presidency.ucsb.edu/documents/address-before-joint-session-the-congress-the-state-the-union-24,George W. Bush,2004.0,,,,,,,,,,
address-before-joint-session-the-congress-the-state-the-union-18-101,23,address-before-joint-session-the-congress-the-state-the-union-18.txt,101,"Last year, Congress passed legislation supporting the American Competitiveness Initiative, but never followed through with the funding.",https://www.presidency.ucsb.edu/documents/address-before-joint-session-the-congress-the-state-the-union-18,George W. Bush,2008.0,,,,,,,,,,
annual-message-the-congress-the-state-the-union-28-206,76,annual-message-the-congress-the-state-the-union-28.txt,206,The emerging spirit of confidence is precisely what we hoped to achieve when we went to work a generation ago to put our shoulder to the wheel and try to help rebuild Europe.,https://www.presidency.ucsb.edu/documents/annual-message-the-congress-the-state-the-union-28,Lyndon B. Johnson,1967.0,,,,,,,,,,
inaugural-address-53-49,166,inaugural-address-53.txt,49,And I believe America is so much better than this.,https://www.presidency.ucsb.edu/documents/inaugural-address-53,"Joseph R. Biden, Jr.",2021.0,,,,,,,,,,
prime-ministers-speech-house-commons-canadas-response-covid-19-pandemic-43,293,prime-ministers-speech-house-commons-canadas-response-covid-19-pandemic.txt,43,"Easter is a time where Christians honour the Passion, sacrifice and resurrection of Jesus of Nazareth – and his teachings of compassion, forgiveness, and love.",https://www.pm.gc.ca/en/news/speeches/2020/04/11/prime-ministers-speech-house-commons-canadas-response-covid-19-pandemic,,2020.0,,,,,,,,,,
speech-for-un-association-80th-anniversary-of-united-nations-general-assembly-meeting-7,340,speech-for-un-association-80th-anniversary-of-united-nations-general-assembly-meeting.txt,7,"General Assembly, His Majesty’s grandfather, King George VI, told the delegates gathered in London this: in the long course of our history, no more important meeting has ever taken place within its boundaries.",https://www.gov.uk/government/speeches/speech-for-un-association-80th-anniversary-of-united-nations-general-assembly-meeting,The Rt Hon Lord Hermer KC,,,,,,,,,,,
annual-message-the-congress-the-state-the-union-9-175,84,annual-message-the-congress-the-state-the-union-9.txt,175,"To achieve a more perfect fidelity to it, I submit, is a worthy ambition as we meet together in these first days of this, the first session of the 85th Congress.",https://www.presidency.ucsb.edu/documents/annual-message-the-congress-the-state-the-union-9,Dwight D. Eisenhower,1957.0,,,,,,,,,,
annual-message-congress-the-state-the-union-four-freedoms-speech-62,59,annual-message-congress-the-state-the-union-four-freedoms-speech.txt,62,I am not satisfied with the progress thus far made.,https://www.presidency.ucsb.edu/documents/annual-message-congress-the-state-the-union-four-freedoms-speech,Franklin D. Roosevelt,1941.0,,,,,,,,,,
address-the-state-the-union-delivered-before-joint-session-the-congress-138,51,address-the-state-the-union-delivered-before-joint-session-the-congress.txt,138,"They will be needed to assure the continued readiness of our military forces, to preserve present force levels in the face of rising costs, and to give us the military strength we must have if our security is to be maintained and if our initiatives for peace are to succeed.",https://www.presidency.ucsb.edu/documents/address-the-state-the-union-delivered-before-joint-session-the-congress,Richard Nixon,1974.0,,,,,,,,,,
address-before-joint-session-the-congress-the-state-the-union-12-248,17,address-before-joint-session-the-congress-the-state-the-union-12.txt,248,"Many years ago, when I started out in public life, I was the attorney general of my State.",https://www.presidency.ucsb.edu/documents/address-before-joint-session-the-congress-the-state-the-union-12,William J. Clinton,1994.0,,,,,,,,,,
address-before-joint-session-the-congress-the-state-the-union-17-197,22,address-before-joint-session-the-congress-the-state-the-union-17.txt,197,"From some on the right, I expect we'll hear a different argument, that if we just make fewer investments in our people, extend tax cuts, including those for the wealthier Americans, eliminate more regulations, maintain the status quo on health care, our deficits will go away.",https://www.presidency.ucsb.edu/documents/address-before-joint-session-the-congress-the-state-the-union-17,Barack Obama,2010.0,,,,,,,,,,
annual-message-the-congress-the-state-the-union-14-28,65,annual-message-the-congress-the-state-the-union-14.txt,28,"On the foundations of our greatly strengthened economy and our renewed confidence in democratic values, we can continue to move forward.",https://www.presidency.ucsb.edu/documents/annual-message-the-congress-the-state-the-union-14,Harry S Truman,1948.0,,,,,,,,,,
address-before-joint-session-the-congress-reporting-the-state-the-union-0-129,9,address-before-joint-session-the-congress-reporting-the-state-the-union-0.txt,129,"All these actions, significant as they are for the long term, are only the beginning.",https://www.presidency.ucsb.edu/documents/address-before-joint-session-the-congress-reporting-the-state-the-union-0,Gerald R. Ford,1977.0,,,,,,,,,,
liz-kendalls-speech-at-bio-industry-association-16,181,liz-kendalls-speech-at-bio-industry-association.txt,16,"And I am really delighted to confirm that alongside extra investment for AI research and for engineering biology, the dedicated budget for life sciences will guarantee £1.5 billion for R&D in this sector, over the next 4 years.",https://www.gov.uk/government/speeches/liz-kendalls-speech-at-bio-industry-association,The Rt Hon Liz Kendall MP,,,,,,,,,,,
deputy-prime-minister-remarks-second-reading-legislation-implement-new-16,111,deputy-prime-minister-remarks-second-reading-legislation-implement-new.txt,16,"A federal election was fought over free trade, in 1988.",https://www.pm.gc.ca/en/news/speeches/2020/01/30/deputy-prime-minister-remarks-second-reading-legislation-implement-new,,1969.0,,,,,,,,,,
state-the-union-address-1-29,343,state-the-union-address-1.txt,29,"That was and is the purpose of conferences which have been held during the past two weeks in Washington, and Moscow and Chungking.",https://www.presidency.ucsb.edu/documents/state-the-union-address-1,Franklin D. Roosevelt,1942.0,,,,,,,,,,
sixth-annual-address-congress-36,337,sixth-annual-address-congress.txt,36,"Quotas had been assigned to the States of New Jersey, Pennsylvania, Maryland, and Virginia, the governor of Pennsylvania having declared on this occasion an opinion which justified a requisition to the other States.",https://www.presidency.ucsb.edu/documents/sixth-annual-address-congress,George Washington,,,,,,,,,,,
address-before-joint-session-the-congress-the-state-the-union-27-241,33,address-before-joint-session-the-congress-the-state-the-union-27.txt,241,"After graduating from college, their beautiful daughter Kayla became a humanitarian aid worker.",https://www.presidency.ucsb.edu/documents/address-before-joint-session-the-congress-the-state-the-union-27,Donald J. Trump (1st Term),2020.0,,,,,,,,,,
address-before-joint-session-the-congress-the-state-the-union-26-163,32,address-before-joint-session-the-congress-the-state-the-union-26.txt,163,You are a great inspiration to everyone in this room.,https://www.presidency.ucsb.edu/documents/address-before-joint-session-the-congress-the-state-the-union-26,Donald J. Trump (1st Term),2019.0,,,,,,,,,,
first-annual-message-18-28,131,first-annual-message-18.txt,28,"I present to you, in addition, the urgent necessity that special provision be made also for facilitating the credits needed by the farmers of the country.",https://www.presidency.ucsb.edu/documents/first-annual-message-18,Woodrow Wilson,1913.0,,,,,,,,,,
annual-message-the-congress-the-state-the-union-26-29,74,annual-message-the-congress-the-state-the-union-26.txt,29,"We are moving toward that destiny, never more rapidly than we have moved in the last 4 years.",https://www.presidency.ucsb.edu/documents/annual-message-the-congress-the-state-the-union-26,Lyndon B. Johnson,1965.0,,,,,,,,,,
address-before-joint-session-the-congress-the-state-the-union-8-91,42,address-before-joint-session-the-congress-the-state-the-union-8.txt,91,"We should also offer help and hope to those Americans temporarily left behind by the global marketplace or by the march of technology, which may have nothing to do with trade.",https://www.presidency.ucsb.edu/documents/address-before-joint-session-the-congress-the-state-the-union-8,William J. Clinton,1998.0,,,,,,,,,,
pm-speech-during-the-munich-security-conference-14-february-77,214,pm-speech-during-the-munich-security-conference-14-february.txt,77,I hope we can work together like this going forward.,https://www.gov.uk/government/speeches/pm-speech-during-the-munich-security-conference-14-february,The Rt Hon Sir Keir Starmer KCB KC MP,,,,,,,,,,,
annual-message-the-congress-the-state-the-union-26-51,74,annual-message-the-congress-the-state-the-union-26.txt,51,Twice in one generation we have had to fight against aggression in the Far East.,https://www.presidency.ucsb.edu/documents/annual-message-the-congress-the-state-the-union-26,Lyndon B. Johnson,1965.0,,,,,,,,,,
prime-ministers-remarks-munich-security-conference-12,265,prime-ministers-remarks-munich-security-conference.txt,12,"These were ordinary people, doing an ordinary thing, on what should have been an ordinary day.",https://www.pm.gc.ca/en/news/speeches/2020/02/14/prime-ministers-remarks-munich-security-conference,,2020.0,,,,,,,,,,
secretary-of-states-keynote-institute-for-government-speech-27,333,secretary-of-states-keynote-institute-for-government-speech.txt,27,"In the rest of their lives, people are used to services that are straightforward, joined up and digital.",https://www.gov.uk/government/speeches/secretary-of-states-keynote-institute-for-government-speech,The Rt Hon Wes Streeting MP,,,,,,,,,,,
speech-for-un-association-80th-anniversary-of-united-nations-general-assembly-meeting-38,340,speech-for-un-association-80th-anniversary-of-united-nations-general-assembly-meeting.txt,38,"The ICJ, as the world’s apex court, demonstrates how international law can help states address the defining challenges of our era, challenging disputes that would have once been settled on the battlefield into a court of law.",https://www.gov.uk/government/speeches/speech-for-un-association-80th-anniversary-of-united-nations-general-assembly-meeting,The Rt Hon Lord Hermer KC,,,,,,,,,,,
education-secretary-speech-at-bett-uk-conference-33,120,education-secretary-speech-at-bett-uk-conference.txt,33,"And I’m delighted that companies like BESA, Microsoft and Pearson are partnering with us to meet those standards.",https://www.gov.uk/government/speeches/education-secretary-speech-at-bett-uk-conference,The Rt Hon Bridget Phillipson MP,,,,,,,,,,,
address-before-joint-session-the-congress-reporting-the-state-the-union-1-67,10,address-before-joint-session-the-congress-reporting-the-state-the-union-1.txt,67,"During the 1960's, this country had a surplus capacity of crude oil which we were able to make available to our trading partners whenever there was a disruption of supply.",https://www.presidency.ucsb.edu/documents/address-before-joint-session-the-congress-reporting-the-state-the-union-1,Gerald R. Ford,1975.0,,,,,,,,,,
prime-ministers-remarks-announcing-support-food-banks-and-local-food-34,248,prime-ministers-remarks-announcing-support-food-banks-and-local-food.txt,34,The pandemic is creating a lot of uncertainty and you’re worried.,https://www.pm.gc.ca/en/news/speeches/2020/04/03/prime-ministers-remarks-announcing-support-food-banks-and-local-food,,2020.0,,,,,,,,,,
inaugural-address-53-31,166,inaugural-address-53.txt,31,I know speaking of unity can sound to some like a foolish fantasy these days.,https://www.presidency.ucsb.edu/documents/inaugural-address-53,"Joseph R. Biden, Jr.",2021.0,,,,,,,,,,
third-annual-message-19-151,373,third-annual-message-19.txt,151,"It never dreamed it possible that men sworn into its own citizenship, men drawn out of great free stocks such as supplied some of the best and strongest elements of that little, but how heroic, nation that in a high day of old staked its very life to free itself from every entanglement that had darkened the fortunes of the older nations and set up a new standard here,that men of such origins and such free choices of allegiance would ever turn in malign reaction against the Government and people who had welcomed and nurtured them and seek to make this proud country once more a hotbed of European passion.",https://www.presidency.ucsb.edu/documents/third-annual-message-19,Woodrow Wilson,1915.0,,,,,,,,,,
third-annual-message-19-6,373,third-annual-message-19.txt,6,There was a time in the early days of our own great nation and of the republics fighting their way to independence in Central and South America when the government of the United States looked upon itself as in some sort the guardian of the republics to the South of her as against any encroachments or efforts at political control from the other side of the water; felt it its duty to play the part even without invitation from them; and I think that we can claim that the task was undertaken with a true and disinterested enthusiasm for the freedom of the Americas and the unmolested Selfgovernment of her independent peoples.,https://www.presidency.ucsb.edu/documents/third-annual-message-19,Woodrow Wilson,1915.0,,,,,,,,,,
inaugural-address-54-57,167,inaugural-address-54.txt,57,"In other words, you'll be able to buy the car of your choice.",https://www.presidency.ucsb.edu/documents/inaugural-address-54,Donald J. Trump (2nd Term),2025.0,,,,,,,,,,
the-state-the-union-address-delivered-before-joint-session-the-congress-0-113,356,the-state-the-union-address-delivered-before-joint-session-the-congress-0.txt,113,"If the Soviet Union continues to negotiate in good faith, a responsible SALT agreement will be reached.",https://www.presidency.ucsb.edu/documents/the-state-the-union-address-delivered-before-joint-session-the-congress-0,Jimmy Carter,1979.0,,,,,,,,,,
pm-speaking-notes-nyu-commencement-address-35,213,pm-speaking-notes-nyu-commencement-address.txt,35,"Now, don’t get me wrong: there are places in this world where a little more tolerance would go a long way, but if we’re being honest right now, right here, I think we should aim a little higher.",https://www.pm.gc.ca/en/news/speeches/2018/05/16/pm-speaking-notes-nyu-commencement-address,,2018.0,,,,,,,,,,
annual-message-the-congress-the-state-the-union-10-181,62,annual-message-the-congress-the-state-the-union-10.txt,181,"We have as a guide and inspiration the success of our Atoms-for-Peace proposal, which in only a few years, under United Nations auspices, became a reality in the International Atomic Energy Agency.",https://www.presidency.ucsb.edu/documents/annual-message-the-congress-the-state-the-union-10,Dwight D. Eisenhower,1958.0,,,,,,,,,,
annual-message-the-congress-the-state-the-union-10-185,62,annual-message-the-congress-the-state-the-union-10.txt,185,"The age-old dream of a good life for all could, at long last, be translated into reality.",https://www.presidency.ucsb.edu/documents/annual-message-the-congress-the-state-the-union-10,Dwight D. Eisenhower,1958.0,,,,,,,,,,
address-before-joint-session-the-congress-the-state-the-union-1-39,14,address-before-joint-session-the-congress-the-state-the-union-1.txt,39,Which of our citizens will lead us in this next American century?,https://www.presidency.ucsb.edu/documents/address-before-joint-session-the-congress-the-state-the-union-1,George Bush,1991.0,,,,,,,,,,
address-before-joint-session-the-congress-the-state-the-union-5-127,39,address-before-joint-session-the-congress-the-state-the-union-5.txt,127,"We're stressing basics of discipline, rigorous testing, and homework, while helping children become computer-smart as well.",https://www.presidency.ucsb.edu/documents/address-before-joint-session-the-congress-the-state-the-union-5,Ronald Reagan,1985.0,,,,,,,,,,
address-before-joint-session-the-congress-the-state-the-union-20-121,26,address-before-joint-session-the-congress-the-state-the-union-20.txt,121,"Look, I'm the first one to admit that past trade deals haven't always lived up to the hype, and that's why we've gone after countries that break the rules at our expense.",https://www.presidency.ucsb.edu/documents/address-before-joint-session-the-congress-the-state-the-union-20,Barack Obama,2015.0,,,,,,,,,,
the-sudanese-people-deserve-justice-and-we-welcome-the-ongoing-role-of-the-icc-in-achieving-that-goal-uk-statement-at-the-un-security-council-16,359,the-sudanese-people-deserve-justice-and-we-welcome-the-ongoing-role-of-the-icc-in-achieving-that-goal-uk-statement-at-the-un-security-council.txt,16,"Lastly, we welcome enhanced cooperation between the Office and the AU Fact Finding Mission and recognise the vital role played by civil society organisations in supporting investigations and advancing accountability.",https://www.gov.uk/government/speeches/the-sudanese-people-deserve-justice-and-we-welcome-the-ongoing-role-of-the-icc-in-achieving-that-goal-uk-statement-at-the-un-security-council,,,,,,,,,,,,
third-annual-message-19-156,373,third-annual-message-19.txt,156,I urge you to enact such laws at the earliest possible moment and feel that in doing so I am urging you to do nothing less than save the honor and self-respect of the nation.,https://www.presidency.ucsb.edu/documents/third-annual-message-19,Woodrow Wilson,1915.0,,,,,,,,,,
prime-minister-justin-trudeaus-speech-assembly-first-nations-special-22,235,prime-minister-justin-trudeaus-speech-assembly-first-nations-special.txt,22,Not only can’t we go back there again: none of us wants to.,https://www.pm.gc.ca/en/news/speeches/2016/12/06/prime-minister-justin-trudeaus-speech-assembly-first-nations-special,,2016.0,,,,,,,,,,
annual-message-congress-11,60,annual-message-congress.txt,11,"International good faith, a sister of democracy, springs from the will of civilized nations of men to respect the rights and liberties of other nations of men.",https://www.presidency.ucsb.edu/documents/annual-message-congress,Franklin D. Roosevelt,1939.0,,,,,,,,,,
annual-message-the-congress-the-state-the-union-17-171,68,annual-message-the-congress-the-state-the-union-17.txt,171,"To carry the burden of defense we must have a strong, productive, and expanding economy here at home.",https://www.presidency.ucsb.edu/documents/annual-message-the-congress-the-state-the-union-17,Harry S Truman,1952.0,,,,,,,,,,
state-the-union-address-0-36,342,state-the-union-address-0.txt,36,"As I speak to you, approximately one and a half million of our soldiers, sailors, marines, and fliers are in service outside of our continental limits, all through the world.",https://www.presidency.ucsb.edu/documents/state-the-union-address-0,Franklin D. Roosevelt,1943.0,,,,,,,,,,
annual-message-the-congress-the-state-the-union-3-187,78,annual-message-the-congress-the-state-the-union-3.txt,187,We salute Specialist James Allen Johnson who died on the border of South Korea.,https://www.presidency.ucsb.edu/documents/annual-message-the-congress-the-state-the-union-3,John F. Kennedy,1963.0,,,,,,,,,,
annual-message-the-congress-the-state-the-union-4-205,80,annual-message-the-congress-the-state-the-union-4.txt,205,"If we move decisively, our factories and farms can increase their sales to their richest, fastest-growing market.",https://www.presidency.ucsb.edu/documents/annual-message-the-congress-the-state-the-union-4,John F. Kennedy,1962.0,,,,,,,,,,
prime-ministers-remarks-fatal-plane-crash-iran-11,257,prime-ministers-remarks-fatal-plane-crash-iran.txt,11,"Canadians have questions, and they deserve answers.",https://www.pm.gc.ca/en/news/speeches/2020/01/08/prime-ministers-remarks-fatal-plane-crash-iran,,2020.0,,,,,,,,,,
articles-impeachment-exhibited-the-house-representatives-53,90,articles-impeachment-exhibited-the-house-representatives.txt,53,"But Congress, factions and domineering, had undertaken to poison the minds of the American people."" Specification Third.",https://www.presidency.ucsb.edu/documents/articles-impeachment-exhibited-the-house-representatives,U.S. Congress,,,,,,,,,,,
prime-ministers-remarks-announcing-support-research-covid-19-32,249,prime-ministers-remarks-announcing-support-research-covid-19.txt,32,"For Canadians stranded abroad, we’re working with airlines to get people home.",https://www.pm.gc.ca/en/news/speeches/2020/03/23/prime-ministers-remarks-announcing-support-research-covid-19,,2020.0,,,,,,,,,,
address-before-joint-session-the-congress-the-state-the-union-14-154,19,address-before-joint-session-the-congress-the-state-the-union-14.txt,154,"And because democracies respect their own people and their neighbors, the advance of freedom will lead to peace.",https://www.presidency.ucsb.edu/documents/address-before-joint-session-the-congress-the-state-the-union-14,George W. Bush,2005.0,,,,,,,,,,
annual-message-the-congress-the-state-the-union-26-108,74,annual-message-the-congress-the-state-the-union-26.txt,108,I propose that we honor and support the achievements of thought and the creations of art.,https://www.presidency.ucsb.edu/documents/annual-message-the-congress-the-state-the-union-26,Lyndon B. Johnson,1965.0,,,,,,,,,,
the-uk-remains-committed-to-supporting-implementation-of-resolution-2803-and-forging-a-peaceful-future-for-israelis-and-palestinians-uk-statement-at-9,364,the-uk-remains-committed-to-supporting-implementation-of-resolution-2803-and-forging-a-peaceful-future-for-israelis-and-palestinians-uk-statement-at.txt,9,"This is completely unconscionable, especially when lifesaving shelter and medical supplies remain at the border, blocked by Israeli authorities.",https://www.gov.uk/government/speeches/the-uk-remains-committed-to-supporting-implementation-of-resolution-2803-and-forging-a-peaceful-future-for-israelis-and-palestinians-uk-statement-at,James Kariuki CMG,,,,,,,,,,,
address-before-joint-session-congress-the-state-the-union-1-138,4,address-before-joint-session-congress-the-state-the-union-1.txt,138,"But only we, each of us, can let the spirit soar against our own individual standards.",https://www.presidency.ucsb.edu/documents/address-before-joint-session-congress-the-state-the-union-1,Ronald Reagan,1987.0,,,,,,,,,,
annual-message-the-congress-the-state-the-union-16-226,67,annual-message-the-congress-the-state-the-union-16.txt,226,The immediate changes needed in agricultural programs are largely budgetary and administrative in nature.,https://www.presidency.ucsb.edu/documents/annual-message-the-congress-the-state-the-union-16,Dwight D. Eisenhower,1953.0,,,,,,,,,,
address-before-joint-session-the-congress-the-state-the-union-13-183,18,address-before-joint-session-the-congress-the-state-the-union-13.txt,183,Our goal is to make this new kind of ethanol practical and competitive within 6 years.,https://www.presidency.ucsb.edu/documents/address-before-joint-session-the-congress-the-state-the-union-13,George W. Bush,2006.0,,,,,,,,,,
annual-message-congress-0-98,54,annual-message-congress-0.txt,98,"But, speculative income should not be favored over earned income.",https://www.presidency.ucsb.edu/documents/annual-message-congress-0,Franklin D. Roosevelt,1938.0,,,,,,,,,,
annual-message-congress-92,60,annual-message-congress.txt,92,We have now passed the period of internal conflict in the launching of our program of social reform.,https://www.presidency.ucsb.edu/documents/annual-message-congress,Franklin D. Roosevelt,1939.0,,,,,,,,,,
address-before-joint-session-the-congress-the-state-the-union-20-149,26,address-before-joint-session-the-congress-the-state-the-union-20.txt,149,My first duty as Commander in Chief is to defend the United States of America.,https://www.presidency.ucsb.edu/documents/address-before-joint-session-the-congress-the-state-the-union-20,Barack Obama,2015.0,,,,,,,,,,
address-before-joint-session-the-congress-the-state-the-union-15-150,20,address-before-joint-session-the-congress-the-state-the-union-15.txt,150,"Now, what's true for natural gas is just as true for clean energy.",https://www.presidency.ucsb.edu/documents/address-before-joint-session-the-congress-the-state-the-union-15,Barack Obama,2012.0,,,,,,,,,,
address-before-joint-session-the-congress-the-state-the-union-14-167,19,address-before-joint-session-the-congress-the-state-the-union-14.txt,167,Syria still allows its territory and parts of Lebanon to be used by terrorists who seek to destroy every chance of peace in the region.,https://www.presidency.ucsb.edu/documents/address-before-joint-session-the-congress-the-state-the-union-14,George W. Bush,2005.0,,,,,,,,,,
deputy-prime-minister-remarks-second-reading-legislation-implement-new-67,111,deputy-prime-minister-remarks-second-reading-legislation-implement-new.txt,67,"They are integral to Canada’s bilingual character, our linguistic and cultural identity.",https://www.pm.gc.ca/en/news/speeches/2020/01/30/deputy-prime-minister-remarks-second-reading-legislation-implement-new,,1969.0,,,,,,,,,,
annual-message-the-congress-the-state-the-union-28-240,76,annual-message-the-congress-the-state-the-union-28.txt,240,"We are in Vietnam because an international agreement signed by the United States, North Vietnam, and others in 1962 is being systematically violated by the Communists.",https://www.presidency.ucsb.edu/documents/annual-message-the-congress-the-state-the-union-28,Lyndon B. Johnson,1967.0,,,,,,,,,,
russias-use-of-oreshnik-hypersonic-missile-should-be-universally-condemned-uk-statement-at-the-un-security-council--2-12,322,russias-use-of-oreshnik-hypersonic-missile-should-be-universally-condemned-uk-statement-at-the-un-security-council--2.txt,12,The rest of the world wants peace in Ukraine – a peace in line with the UN Charter – and we welcome the significant progress which has been made.,https://www.gov.uk/government/speeches/russias-use-of-oreshnik-hypersonic-missile-should-be-universally-condemned-uk-statement-at-the-un-security-council--2,James Kariuki CMG,,,,,,,,,,,
address-before-joint-session-the-congress-the-state-the-union-8-10,42,address-before-joint-session-the-congress-the-state-the-union-8.txt,10,"But with barely 700 days left in the 20th century, this is not a time to rest.",https://www.presidency.ucsb.edu/documents/address-before-joint-session-the-congress-the-state-the-union-8,William J. Clinton,1998.0,,,,,,,,,,
second-annual-address-congress-22,325,second-annual-address-congress.txt,22,The United States will steadily observe the maxims by which they have hitherto been governed.,https://www.presidency.ucsb.edu/documents/second-annual-address-congress,John Adams,,,,,,,,,,,
address-before-joint-session-the-congress-the-state-the-union-30-1,37,address-before-joint-session-the-congress-the-state-the-union-30.txt,1,"[ Before speaking, the President presented his prepared remarks to Speaker of the House of Representatives J.",https://www.presidency.ucsb.edu/documents/address-before-joint-session-the-congress-the-state-the-union-30,"Joseph R. Biden, Jr.",2024.0,,,,,,,,,,
excerpts-the-report-congressional-committees-investigating-the-iran-contra-affair-273,126,excerpts-the-report-congressional-committees-investigating-the-iran-contra-affair.txt,273,"These facts provide strong reasons to believe that Casey was involved both with the diversion and with the plans for an ""off-the-shelf"" covert capacity.",https://www.presidency.ucsb.edu/documents/excerpts-the-report-congressional-committees-investigating-the-iran-contra-affair,U.S. Congress,1987.0,,,,,,,,,,
prime-minister-justin-trudeau-delivers-speech-assembly-first-nations-42,227,prime-minister-justin-trudeau-delivers-speech-assembly-first-nations.txt,42,Every child and young person living in Canada deserves a real and fair chance at success.,https://www.pm.gc.ca/en/news/speeches/2015/12/08/prime-minister-justin-trudeau-delivers-speech-assembly-first-nations,,2015.0,,,,,,,,,,
address-before-joint-session-the-congress-the-state-the-union-21-258,27,address-before-joint-session-the-congress-the-state-the-union-21.txt,258,"marches the red, white, and blue into the Olympic Stadium and brings home the gold.",https://www.presidency.ucsb.edu/documents/address-before-joint-session-the-congress-the-state-the-union-21,Barack Obama,2014.0,,,,,,,,,,
address-before-joint-session-the-congress-the-state-the-union-29-420,35,address-before-joint-session-the-congress-the-state-the-union-29.txt,420,So I have come to fulfill my constitutional obligation to report on the state of the Union.,https://www.presidency.ucsb.edu/documents/address-before-joint-session-the-congress-the-state-the-union-29,"Joseph R. Biden, Jr.",2023.0,,,,,,,,,,
address-before-joint-session-the-congress-the-state-the-union-7-260,41,address-before-joint-session-the-congress-the-state-the-union-7.txt,260,"And I want to thank the Pentagon and others for doing what they're doing right now to try to help protect us and plan for that, so that our defenses will be strong.",https://www.presidency.ucsb.edu/documents/address-before-joint-session-the-congress-the-state-the-union-7,William J. Clinton,2000.0,,,,,,,,,,
the-deputy-prime-ministers-speech-to-100-year-partnership-event-57,351,the-deputy-prime-ministers-speech-to-100-year-partnership-event.txt,57,That is why my Government is today pledging to work with some of our best judicial expertise to train Ukrainian judges – to help further their skills in resolving commercial disputes fairly and efficiently.,https://www.gov.uk/government/speeches/the-deputy-prime-ministers-speech-to-100-year-partnership-event,The Rt Hon David Lammy MP,,,,,,,,,,,
annual-message-the-congress-the-state-the-union-2-59,70,annual-message-the-congress-the-state-the-union-2.txt,59,"Second, the time has come to assess and reform all of our institutions of government at the Federal, State, and local level.",https://www.presidency.ucsb.edu/documents/annual-message-the-congress-the-state-the-union-2,Richard Nixon,1970.0,,,,,,,,,,
address-before-joint-session-the-congress-the-state-the-union-126,44,address-before-joint-session-the-congress-the-state-the-union.txt,126,"By killing and terrorizing Americans, they want to force our country to retreat from the world and abandon the cause of liberty.",https://www.presidency.ucsb.edu/documents/address-before-joint-session-the-congress-the-state-the-union,George W. Bush,2007.0,,,,,,,,,,
inaugural-address-4-38,162,inaugural-address-4.txt,38,We have consistently advocated and relied upon peaceful settlement of disputes among nations.,https://www.presidency.ucsb.edu/documents/inaugural-address-4,Harry S Truman,1949.0,,,,,,,,,,
annual-message-the-congress-the-state-the-union-16-292,67,annual-message-the-congress-the-state-the-union-16.txt,292,Public interest similarly demands one prompt specific action in protection of the general consumer.,https://www.presidency.ucsb.edu/documents/annual-message-the-congress-the-state-the-union-16,Dwight D. Eisenhower,1953.0,,,,,,,,,,
address-before-joint-session-the-congress-the-state-the-union-2-19,25,address-before-joint-session-the-congress-the-state-the-union-2.txt,19,"America, not just the nation but an idea, alive in the minds of people everywhere.",https://www.presidency.ucsb.edu/documents/address-before-joint-session-the-congress-the-state-the-union-2,George Bush,1990.0,,,,,,,,,,
annual-message-the-congress-the-state-the-union-27-184,75,annual-message-the-congress-the-state-the-union-27.txt,184,So far we have received no response to prove either success or failure.,https://www.presidency.ucsb.edu/documents/annual-message-the-congress-the-state-the-union-27,Lyndon B. Johnson,1966.0,,,,,,,,,,
address-before-joint-session-the-congress-reporting-the-state-the-union-1-94,10,address-before-joint-session-the-congress-reporting-the-state-the-union-1.txt,94,I plan to take Presidential initiative to decontrol the price of domestic crude oil on April 1.,https://www.presidency.ucsb.edu/documents/address-before-joint-session-the-congress-reporting-the-state-the-union-1,Gerald R. Ford,1975.0,,,,,,,,,,
address-before-joint-session-the-congress-reporting-the-state-the-union-2-20,11,address-before-joint-session-the-congress-reporting-the-state-the-union-2.txt,20,"Late in 1981 we sank into the present recession, largely because continued high interest rates hurt the auto industry and construction.",https://www.presidency.ucsb.edu/documents/address-before-joint-session-the-congress-reporting-the-state-the-union-2,Ronald Reagan,1982.0,,,,,,,,,,
first-annual-message-20-173,133,first-annual-message-20.txt,173,The Army is a guarantee of the security of our citizens at home; the Navy is a guarantee of the security of our citizens abroad.,https://www.presidency.ucsb.edu/documents/first-annual-message-20,Calvin Coolidge,1923.0,,,,,,,,,,
deputy-prime-minister-remarks-second-reading-legislation-implement-new-59,111,deputy-prime-minister-remarks-second-reading-legislation-implement-new.txt,59,"I would also like to recognize the efforts of my Mexican counterparts, who showed tremendous commitment through a change in government in renewing our trilateral relationship and reaching a progressive outcome that raises working standards for workers across our shared continent.",https://www.pm.gc.ca/en/news/speeches/2020/01/30/deputy-prime-minister-remarks-second-reading-legislation-implement-new,,1969.0,,,,,,,,,,
prime-ministers-remarks-global-mineral-exploration-and-mining-convention-17,258,prime-ministers-remarks-global-mineral-exploration-and-mining-convention.txt,17,"The kinds of projects that lift up entire communities, including many Indigenous communities.",https://www.pm.gc.ca/en/news/speeches/2020/03/02/prime-ministers-remarks-global-mineral-exploration-and-mining-convention,,2020.0,,,,,,,,,,
inaugural-address-4-45,162,inaugural-address-4.txt,45,We are moving on with other nations to build an even stronger structure of international order and justice.,https://www.presidency.ucsb.edu/documents/inaugural-address-4,Harry S Truman,1949.0,,,,,,,,,,
secretary-of-state-statement-to-the-house-of-commons-12-january-2026-25,330,secretary-of-state-statement-to-the-house-of-commons-12-january-2026.txt,25,"And I would remind X – and all other platforms – that this includes the power to issue fines worth millions of dollars, or 10% of a company’s qualifying worldwide revenue.",https://www.gov.uk/government/speeches/secretary-of-state-statement-to-the-house-of-commons-12-january-2026,The Rt Hon Liz Kendall MP,,,,,,,,,,,
annual-message-the-congress-the-state-the-union-6-8,82,annual-message-the-congress-the-state-the-union-6.txt,8,"There is demanded of us, vigilance, determination, and the dedication of whatever portion of our resources that will provide adequate security, especially a real deterrent to aggression.",https://www.presidency.ucsb.edu/documents/annual-message-the-congress-the-state-the-union-6,Dwight D. Eisenhower,1960.0,,,,,,,,,,
inaugural-address-3-90,161,inaugural-address-3.txt,90,"These basic precepts are not lofty abstractions, far removed from matters of daily living.",https://www.presidency.ucsb.edu/documents/inaugural-address-3,Dwight D. Eisenhower,1953.0,,,,,,,,,,
inaugural-address-13-14,157,inaugural-address-13.txt,14,Advancing these ideals is the mission that created our Nation.,https://www.presidency.ucsb.edu/documents/inaugural-address-13,George W. Bush,2005.0,,,,,,,,,,
address-before-joint-session-the-congress-the-state-the-union-1-47,14,address-before-joint-session-the-congress-the-state-the-union-1.txt,47,"So, if you know how to read, find someone who can't.",https://www.presidency.ucsb.edu/documents/address-before-joint-session-the-congress-the-state-the-union-1,George Bush,1991.0,,,,,,,,,,
address-before-joint-session-the-congress-the-state-the-union-0-11,13,address-before-joint-session-the-congress-the-state-the-union-0.txt,11,"I mean to speak this evening of the changes that can take place in our country, now that we can stop making the sacrifices we had to make when we had an avowed enemy that was a superpower.",https://www.presidency.ucsb.edu/documents/address-before-joint-session-the-congress-the-state-the-union-0,George Bush,1992.0,,,,,,,,,,
address-before-joint-session-the-congress-the-state-the-union-18-85,23,address-before-joint-session-the-congress-the-state-the-union-18.txt,85,"So we must come together, pass this agreement, and show our neighbors in the region that democracy leads to a better life.",https://www.presidency.ucsb.edu/documents/address-before-joint-session-the-congress-the-state-the-union-18,George W. Bush,2008.0,,,,,,,,,,
annual-message-congress-the-state-the-union-four-freedoms-speech-16,59,annual-message-congress-the-state-the-union-four-freedoms-speech.txt,16,"But, as time went on, the American people began to visualize what the downfall of democratic nations might mean to our own democracy.",https://www.presidency.ucsb.edu/documents/annual-message-congress-the-state-the-union-four-freedoms-speech,Franklin D. Roosevelt,1941.0,,,,,,,,,,
address-before-joint-session-the-congress-the-state-the-union-12-33,17,address-before-joint-session-the-congress-the-state-the-union-12.txt,33,"It was unusual to see a family there touring early Sunday morning, but he had his wife and his three children there, one of them in a wheelchair.",https://www.presidency.ucsb.edu/documents/address-before-joint-session-the-congress-the-state-the-union-12,William J. Clinton,1994.0,,,,,,,,,,
address-before-joint-session-the-congress-the-state-the-union-5-162,39,address-before-joint-session-the-congress-the-state-the-union-5.txt,162,America's economic success is freedom's success; it can be repeated a hundred times in a hundred different nations.,https://www.presidency.ucsb.edu/documents/address-before-joint-session-the-congress-the-state-the-union-5,Ronald Reagan,1985.0,,,,,,,,,,
remarks-prime-minister-announce-canadas-next-governor-general-ms-julie-6,309,remarks-prime-minister-announce-canadas-next-governor-general-ms-julie.txt,6,"After seven years of service marked by hard work, grace, and humility, His Excellency will be retiring this fall.",https://www.pm.gc.ca/en/news/speeches/2017/07/13/remarks-prime-minister-announce-canadas-next-governor-general-ms-julie,,2017.0,,,,,,,,,,
the-gambias-wto-trade-policy-review-uk-statement-february-2026-25,353,the-gambias-wto-trade-policy-review-uk-statement-february-2026.txt,25,"The UK would welcome hearing more at a future IWG on how The Gambia aims to tackle informality, in the informal economy specifically, which, as we know, disproportionately affects women entrepreneurs.",https://www.gov.uk/government/speeches/the-gambias-wto-trade-policy-review-uk-statement-february-2026,Kumar Iyer CMG,,,,,,,,,,,
address-before-joint-session-the-congress-president-volodymyr-zelenskyy-ukraine-0-24,7,address-before-joint-session-the-congress-president-volodymyr-zelenskyy-ukraine-0.txt,24,"They have been taking it day and night, but Bakhmut stands.",https://www.presidency.ucsb.edu/documents/address-before-joint-session-the-congress-president-volodymyr-zelenskyy-ukraine-0,U.S. Congress,2022.0,,,,,,,,,,
holocaust-memorial-day-2026-foreign-secretary-speech-25,148,holocaust-memorial-day-2026-foreign-secretary-speech.txt,25,"So that we carry and reinforce it through education, dialogue and action.",https://www.gov.uk/government/speeches/holocaust-memorial-day-2026-foreign-secretary-speech,The Rt Hon Yvette Cooper MP,,,,,,,,,,,
address-before-joint-session-the-congress-the-state-the-union-18-225,23,address-before-joint-session-the-congress-the-state-the-union-18.txt,225,We are grateful that there has not been another attack on our soil since 9/11.,https://www.presidency.ucsb.edu/documents/address-before-joint-session-the-congress-the-state-the-union-18,George W. Bush,2008.0,,,,,,,,,,
prime-ministers-remarks-announcing-covid-19-economic-response-plan-35,246,prime-ministers-remarks-announcing-covid-19-economic-response-plan.txt,35,"Our government will introduce the Emergency Care Benefit, which will provide money every two weeks to workers who have to stay home.",https://www.pm.gc.ca/en/news/speeches/2020/03/18/prime-ministers-remarks-announcing-covid-19-economic-response-plan,,1969.0,,,,,,,,,,
address-before-joint-session-the-congress-the-state-the-union-28-30,34,address-before-joint-session-the-congress-the-state-the-union-28.txt,30,"The ruble has already lost 30 percent of its value, the Russian stock market has lost 40 percent of its value, and trading remains suspended.",https://www.presidency.ucsb.edu/documents/address-before-joint-session-the-congress-the-state-the-union-28,"Joseph R. Biden, Jr.",2022.0,,,,,,,,,,
prime-ministers-statement-trans-mountain-pipeline-project-36,295,prime-ministers-statement-trans-mountain-pipeline-project.txt,36,Canada is a country defined by hope and hard work.,https://www.pm.gc.ca/en/news/speeches/2018/04/15/prime-ministers-statement-trans-mountain-pipeline-project,,2018.0,,,,,,,,,,
address-before-joint-session-the-congress-the-state-the-union-0-182,13,address-before-joint-session-the-congress-the-state-the-union-0.txt,182,"Every year, the press has a field day making fun of outrageous examples: a Lawrence Welk museum, research grants for Belgian endive.",https://www.presidency.ucsb.edu/documents/address-before-joint-session-the-congress-the-state-the-union-0,George Bush,1992.0,,,,,,,,,,
second-annual-message-19-70,326,second-annual-message-19.txt,70,It was ratified in May by the German Government and in August by the Parliament of Great Britain.,https://www.presidency.ucsb.edu/documents/second-annual-message-19,Woodrow Wilson,1914.0,,,,,,,,,,
prime-ministers-speech-house-commons-canadas-response-covid-19-pandemic-25,293,prime-ministers-speech-house-commons-canadas-response-covid-19-pandemic.txt,25,"Once again, in this House, we are being called upon to support those in need and I know we won’t let them down.",https://www.pm.gc.ca/en/news/speeches/2020/04/11/prime-ministers-speech-house-commons-canadas-response-covid-19-pandemic,,2020.0,,,,,,,,,,
address-before-joint-session-the-congress-the-state-the-union-0-168,13,address-before-joint-session-the-congress-the-state-the-union-0.txt,168,"We make basic health insurance affordable for all low-income people not now covered, and we do it by providing a health insurance tax credit of up to $3,750 for each low-income family.",https://www.presidency.ucsb.edu/documents/address-before-joint-session-the-congress-the-state-the-union-0,George Bush,1992.0,,,,,,,,,,
prime-ministers-remarks-announcing-covid-19-economic-response-plan-5,246,prime-ministers-remarks-announcing-covid-19-economic-response-plan.txt,5,I just spoke to President Trump again this morning and we have agreed that both Canada and the United States will temporarily restrict all non-essential travel across the Canada-U.S.,https://www.pm.gc.ca/en/news/speeches/2020/03/18/prime-ministers-remarks-announcing-covid-19-economic-response-plan,,1969.0,,,,,,,,,,
address-before-joint-session-the-congress-the-state-the-union-2-116,25,address-before-joint-session-the-congress-the-state-the-union-2.txt,116,"It's time to build on our new relationship with the Soviet Union, to endorse and encourage a peaceful process of internal change toward democracy and economic opportunity.",https://www.presidency.ucsb.edu/documents/address-before-joint-session-the-congress-the-state-the-union-2,George Bush,1990.0,,,,,,,,,,
secretary-of-state-statement-to-the-house-of-commons-12-january-2026-34,330,secretary-of-state-statement-to-the-house-of-commons-12-january-2026.txt,34,"It’s about upholding basic British values of decency and respect, and ensuring the standards we expect offline are upheld online.",https://www.gov.uk/government/speeches/secretary-of-state-statement-to-the-house-of-commons-12-january-2026,The Rt Hon Liz Kendall MP,,,,,,,,,,,
annual-message-the-congress-the-state-the-union-5-70,81,annual-message-the-congress-the-state-the-union-5.txt,70,"We have neglected oceanography, saline water conversion, and the basic research that lies at the root of all progress.",https://www.presidency.ucsb.edu/documents/annual-message-the-congress-the-state-the-union-5,John F. Kennedy,1961.0,,,,,,,,,,
upr51-uk-statement-on-georgia-5,382,upr51-uk-statement-on-georgia.txt,5,"Guarantee the safety and independence of journalists, civil society and human rights defenders, and repeal or amend legislation that restricts their ability to operate.",https://www.gov.uk/government/speeches/upr51-uk-statement-on-georgia,Kumar Iyer CMG,,,,,,,,,,,
address-before-joint-session-congress-the-state-the-union-0-152,3,address-before-joint-session-congress-the-state-the-union-0.txt,152,"Yet even as these plans are made, the Sandinista regime knows the tide is turning, and the cause of Nicaraguan freedom is riding at its crest.",https://www.presidency.ucsb.edu/documents/address-before-joint-session-congress-the-state-the-union-0,Ronald Reagan,1988.0,,,,,,,,,,
address-before-joint-session-the-congress-the-state-the-union-23-206,29,address-before-joint-session-the-congress-the-state-the-union-23.txt,206,Iraqi intelligence officers are posing as the scientists inspectors are supposed to interview.,https://www.presidency.ucsb.edu/documents/address-before-joint-session-the-congress-the-state-the-union-23,George W. Bush,2003.0,,,,,,,,,,
address-before-joint-session-congress-the-state-the-union-0-168,3,address-before-joint-session-congress-the-state-the-union-0.txt,168,"I submitted the treaty today, and I urge the Senate to give its advice and consent to ratification of this landmark agreement.",https://www.presidency.ucsb.edu/documents/address-before-joint-session-congress-the-state-the-union-0,Ronald Reagan,1988.0,,,,,,,,,,
annual-message-the-congress-the-state-the-union-5-20,81,annual-message-the-congress-the-state-the-union-5.txt,20,Since 1951 farm income has been squeezed down by 25 percent.,https://www.presidency.ucsb.edu/documents/annual-message-the-congress-the-state-the-union-5,John F. Kennedy,1961.0,,,,,,,,,,
secretary-of-states-keynote-institute-for-government-speech-14,333,secretary-of-states-keynote-institute-for-government-speech.txt,14,That alone is cause for urgency in our public service reform agenda.,https://www.gov.uk/government/speeches/secretary-of-states-keynote-institute-for-government-speech,The Rt Hon Wes Streeting MP,,,,,,,,,,,
annual-message-the-congress-the-state-the-union-20-7,71,annual-message-the-congress-the-state-the-union-20.txt,7,We have returned to our established policy of expanding international trade through reciprocal agreement.,https://www.presidency.ucsb.edu/documents/annual-message-the-congress-the-state-the-union-20,Harry S Truman,1950.0,,,,,,,,,,
prime-ministers-remarks-health-and-social-support-northern-communities-23,259,prime-ministers-remarks-health-and-social-support-northern-communities.txt,23,"These are tough times, but we’re going to help you through them.",https://www.pm.gc.ca/en/news/speeches/2020/04/14/prime-ministers-remarks-health-and-social-support-northern-communities,,2020.0,,,,,,,,,,
minister-pollard-speech-at-ads-annual-dinner-2026-27,190,minister-pollard-speech-at-ads-annual-dinner-2026.txt,27,"One year ago, the Defence Secretary stood here, and made a number of key pledges.",https://www.gov.uk/government/speeches/minister-pollard-speech-at-ads-annual-dinner-2026,Luke Pollard MP,,,,,,,,,,,
annual-message-the-congress-96,85,annual-message-the-congress.txt,96,"There are, of course, many other items of great public interest which could be enumerated in this message—the continued conservation of our natural resources, the improvement of health and of education, the extension of social security to larger groups, the freeing of large areas from restricted transportation discriminations, the extension of the merit system and many others.",https://www.presidency.ucsb.edu/documents/annual-message-the-congress,Franklin D. Roosevelt,1940.0,,,,,,,,,,
education-secretary-speech-at-bett-uk-conference-106,120,education-secretary-speech-at-bett-uk-conference.txt,106,Through the white paper we will build a system that can at long last work its magic in the lives of every child.,https://www.gov.uk/government/speeches/education-secretary-speech-at-bett-uk-conference,The Rt Hon Bridget Phillipson MP,,,,,,,,,,,
annual-message-the-congress-the-state-the-union-4-93,80,annual-message-the-congress-the-state-the-union-4.txt,93,It is our belief that the state is the servant of the citizen and not his master.,https://www.presidency.ucsb.edu/documents/annual-message-the-congress-the-state-the-union-4,John F. Kennedy,1962.0,,,,,,,,,,
canadian-opportunity-43,98,canadian-opportunity.txt,43,Canada has something else that isn’t so easily quantifiable.,https://www.pm.gc.ca/en/news/speeches/2016/01/20/canadian-opportunity,,2016.0,,,,,,,,,,
address-before-joint-session-the-congress-the-state-the-union-2-29,25,address-before-joint-session-the-congress-the-state-the-union-2.txt,29,"We need to extend our horizon, commit to the long view.",https://www.presidency.ucsb.edu/documents/address-before-joint-session-the-congress-the-state-the-union-2,George Bush,1990.0,,,,,,,,,,
second-annual-message-20-82,327,second-annual-message-20.txt,82,They could not function in harmony when the strike threatened the paralysis of all railway transportation.,https://www.presidency.ucsb.edu/documents/second-annual-message-20,Warren G. Harding,1922.0,,,,,,,,,,
address-before-joint-session-the-congress-the-state-the-union-10-166,15,address-before-joint-session-the-congress-the-state-the-union-10.txt,166,"The challenge begins in our homes, with parents talking to their children openly and firmly.",https://www.presidency.ucsb.edu/documents/address-before-joint-session-the-congress-the-state-the-union-10,William J. Clinton,1996.0,,,,,,,,,,
address-before-joint-session-the-congress-the-state-the-union-4-69,38,address-before-joint-session-the-congress-the-state-the-union-4.txt,69,The last decade saw domestic spending surge literally out of control.,https://www.presidency.ucsb.edu/documents/address-before-joint-session-the-congress-the-state-the-union-4,Ronald Reagan,1984.0,,,,,,,,,,
address-before-joint-session-the-congress-the-state-the-union-29-305,35,address-before-joint-session-the-congress-the-state-the-union-29.txt,305,"That was the plea of parents who lost their children in Uvalde—I met with every one of them—""Do something about gun violence."" Thank God—thank God—we did, passing the most sweeping gun safety law in three decades.",https://www.presidency.ucsb.edu/documents/address-before-joint-session-the-congress-the-state-the-union-29,"Joseph R. Biden, Jr.",2023.0,,,,,,,,,,
address-before-joint-session-the-congress-reporting-the-state-the-union-200,12,address-before-joint-session-the-congress-reporting-the-state-the-union.txt,200,"In our constitutional system, these policies should reflect consultation and accommodation between the President and the Congress.",https://www.presidency.ucsb.edu/documents/address-before-joint-session-the-congress-reporting-the-state-the-union,Gerald R. Ford,1976.0,,,,,,,,,,
address-before-joint-session-the-congress-the-state-the-union-30-240,37,address-before-joint-session-the-congress-the-state-the-union-30.txt,240,"Folks, I would respectfully suggest to my friend in—my Republican friends owe it to the American people.",https://www.presidency.ucsb.edu/documents/address-before-joint-session-the-congress-the-state-the-union-30,"Joseph R. Biden, Jr.",2024.0,,,,,,,,,,
address-before-joint-session-the-congress-the-state-the-union-0-3,13,address-before-joint-session-the-congress-the-state-the-union-0.txt,3,I see the Speaker and the Vice President are laughing.,https://www.presidency.ucsb.edu/documents/address-before-joint-session-the-congress-the-state-the-union-0,George Bush,1992.0,,,,,,,,,,
speech-for-un-association-80th-anniversary-of-united-nations-general-assembly-meeting-66,340,speech-for-un-association-80th-anniversary-of-united-nations-general-assembly-meeting.txt,66,"And we want a UN that stands firm, always, in the defence of universal human rights.",https://www.gov.uk/government/speeches/speech-for-un-association-80th-anniversary-of-united-nations-general-assembly-meeting,The Rt Hon Lord Hermer KC,,,,,,,,,,,
statement-apology-behalf-government-canada-passengers-ms-st-louis-11,345,statement-apology-behalf-government-canada-passengers-ms-st-louis.txt,11,The Cuban government refused to recognize their entrance visas and only a few passengers were allowed to disembark.,https://www.pm.gc.ca/en/news/speeches/2018/11/07/statement-apology-behalf-government-canada-passengers-ms-st-louis,,2018.0,,,,,,,,,,
prime-minister-trudeau-and-minister-freeland-speaking-notes-united-states-34,237,prime-minister-trudeau-and-minister-freeland-speaking-notes-united-states.txt,34,"Alongside our new European and trans-Pacific trade agreements, today, we are securing a higher standard of living, long into the future, for the people of Canada.",https://www.pm.gc.ca/en/news/speeches/2018/10/01/prime-minister-trudeau-and-minister-freeland-speaking-notes-united-states,,2018.0,,,,,,,,,,
inaugural-address-5-16,163,inaugural-address-5.txt,16,They will not be met easily or in a short span of time.,https://www.presidency.ucsb.edu/documents/inaugural-address-5,Barack Obama,2009.0,,,,,,,,,,
fifth-annual-message-6-11,128,fifth-annual-message-6.txt,11,From one point of view it is not necessary to broach this fundamental matter.,https://www.presidency.ucsb.edu/documents/fifth-annual-message-6,Woodrow Wilson,1917.0,,,,,,,,,,
address-before-joint-session-the-congress-the-state-the-union-28-324,34,address-before-joint-session-the-congress-the-state-the-union-28.txt,324,"To get there, I call on Congress to fund what I called ARPA-H: Advanced Research Projects Agency for Health.",https://www.presidency.ucsb.edu/documents/address-before-joint-session-the-congress-the-state-the-union-28,"Joseph R. Biden, Jr.",2022.0,,,,,,,,,,
annual-message-the-congress-the-state-the-union-10-56,62,annual-message-the-congress-the-state-the-union-10.txt,56,"It cements into a cohesive security arrangement the aggregate of the spiritual, military and economic strength of all those nations which, with us, are allied by treaties and agreements.",https://www.presidency.ucsb.edu/documents/annual-message-the-congress-the-state-the-union-10,Dwight D. Eisenhower,1958.0,,,,,,,,,,
address-before-joint-session-the-congress-the-state-the-union-30-96,37,address-before-joint-session-the-congress-the-state-the-union-30.txt,96,"Then, I was elected to office, and we raised the Belvidere repeatedly with auto companies, knowing unions would make all the difference.",https://www.presidency.ucsb.edu/documents/address-before-joint-session-the-congress-the-state-the-union-30,"Joseph R. Biden, Jr.",2024.0,,,,,,,,,,
defence-secretary-statement-on-us-interception-of-bella-1-and-coalition-of-the-willing-meeting-44,106,defence-secretary-statement-on-us-interception-of-bella-1-and-coalition-of-the-willing-meeting.txt,44,Which brings me onto the second topic of this statement.,https://www.gov.uk/government/speeches/defence-secretary-statement-on-us-interception-of-bella-1-and-coalition-of-the-willing-meeting,The Rt Hon John Healey MP,,,,,,,,,,,
address-before-joint-session-the-congress-the-state-the-union-3-87,36,address-before-joint-session-the-congress-the-state-the-union-3.txt,87,"Third, I will adjust our program to restore America's defenses by proposing $55 billion in defense savings over the next 5 years.",https://www.presidency.ucsb.edu/documents/address-before-joint-session-the-congress-the-state-the-union-3,Ronald Reagan,1983.0,,,,,,,,,,
delivering-northern-powerhouse-rail-57,109,delivering-northern-powerhouse-rail.txt,57,"Again, this won’t be a revival of HS2 and no decisions have been taken on the specification or timetable.",https://www.gov.uk/government/speeches/delivering-northern-powerhouse-rail,The Rt Hon Heidi Alexander MP,,,,,,,,,,,
address-before-joint-session-the-congress-the-state-the-union-13-19,18,address-before-joint-session-the-congress-the-state-the-union-13.txt,19,"Dictatorships shelter terrorists, and feed resentment and radicalism, and seek weapons of mass destruction.",https://www.presidency.ucsb.edu/documents/address-before-joint-session-the-congress-the-state-the-union-13,George W. Bush,2006.0,,,,,,,,,,
address-before-joint-session-the-congress-the-state-the-union-29-142,35,address-before-joint-session-the-congress-the-state-the-union-29.txt,142,"And look, I'm pleased to say that more Americans health—have health insurance now than ever in history.",https://www.presidency.ucsb.edu/documents/address-before-joint-session-the-congress-the-state-the-union-29,"Joseph R. Biden, Jr.",2023.0,,,,,,,,,,
minister-narayan-ai-speech-at-founders-forum-13,189,minister-narayan-ai-speech-at-founders-forum.txt,13,"It put to humans a central question: Does the machine exist to serve what is beautiful about the world, or to replace it with dull mimicry detached from our humanity?",https://www.gov.uk/government/speeches/minister-narayan-ai-speech-at-founders-forum,Kanishka Narayan MP,,,,,,,,,,,
address-before-joint-session-the-congress-the-state-the-union-26-106,32,address-before-joint-session-the-congress-the-state-the-union-26.txt,106,"In the last 2 years, our brave ICE officers made 266,000 arrests of criminal aliens, including those charged or convicted of nearly 100,000 assaults, 30,000 sex crimes, and 4,000 killings or murders.",https://www.presidency.ucsb.edu/documents/address-before-joint-session-the-congress-the-state-the-union-26,Donald J. Trump (1st Term),2019.0,,,,,,,,,,
address-before-joint-session-the-congress-the-state-the-union-7-281,41,address-before-joint-session-the-congress-the-state-the-union-7.txt,281,"We can save millions of lives together, and we ought to do it.",https://www.presidency.ucsb.edu/documents/address-before-joint-session-the-congress-the-state-the-union-7,William J. Clinton,2000.0,,,,,,,,,,
prime-minister-justin-trudeau-delivers-speech-pricing-carbon-pollution-13,228,prime-minister-justin-trudeau-delivers-speech-pricing-carbon-pollution.txt,13,Provinces and territories will have a choice in how they implement this pricing.,https://www.pm.gc.ca/en/news/speeches/2016/10/03/prime-minister-justin-trudeau-delivers-speech-pricing-carbon-pollution,,2016.0,,,,,,,,,,
address-before-joint-session-the-congress-the-state-the-union-26-232,32,address-before-joint-session-the-congress-the-state-the-union-26.txt,232,"[ Laughter ] Judah says he can still remember the exact moment, nearly 75 years ago, after 10 months in a concentration camp, when he and his family were put on a train and told they were going to another camp.",https://www.presidency.ucsb.edu/documents/address-before-joint-session-the-congress-the-state-the-union-26,Donald J. Trump (1st Term),2019.0,,,,,,,,,,
prime-minister-justin-trudeaus-speech-assembly-first-nations-special-109,235,prime-minister-justin-trudeaus-speech-assembly-first-nations-special.txt,109,"Whether that’s traditional knowledge or statistical data, if we are to collectively work on helping communities heal and succeed, this is vital.",https://www.pm.gc.ca/en/news/speeches/2016/12/06/prime-minister-justin-trudeaus-speech-assembly-first-nations-special,,2016.0,,,,,,,,,,
russia-could-signal-a-willingness-to-move-from-coercion-to-constructive-engagement-by-ending-its-strikes-on-ukraines-energy-infrastructure-uk-statem-1,315,russia-could-signal-a-willingness-to-move-from-coercion-to-constructive-engagement-by-ending-its-strikes-on-ukraines-energy-infrastructure-uk-statem.txt,1,I will start by underlining again that the United Kingdom condemns Russia’s ongoing aggression against Ukraine.,https://www.gov.uk/government/speeches/russia-could-signal-a-willingness-to-move-from-coercion-to-constructive-engagement-by-ending-its-strikes-on-ukraines-energy-infrastructure-uk-statem,James Ford,,,,,,,,,,,
annual-message-the-congress-the-state-the-union-21-111,72,annual-message-the-congress-the-state-the-union-21.txt,111,"In a nation as rich as ours, it is a shocking fact that tens of millions lack adequate medical care.",https://www.presidency.ucsb.edu/documents/annual-message-the-congress-the-state-the-union-21,Harry S Truman,1949.0,,,,,,,,,,
prime-ministers-remarks-announcing-additional-support-vulnerable-canadians-11,244,prime-ministers-remarks-announcing-additional-support-vulnerable-canadians.txt,11,"Tough times fall first, and hardest, on the most vulnerable in our communities.",https://www.pm.gc.ca/en/news/speeches/2020/03/29/prime-ministers-remarks-announcing-additional-support-vulnerable-canadians,,2020.0,,,,,,,,,,
annual-message-the-congress-the-state-the-union-12-259,63,annual-message-the-congress-the-state-the-union-12.txt,259,"First, in the past five years we have had economic growth which will support an increase in the Federal minimum wage.",https://www.presidency.ucsb.edu/documents/annual-message-the-congress-the-state-the-union-12,Dwight D. Eisenhower,1955.0,,,,,,,,,,
address-before-joint-session-the-congress-the-state-the-union-14-20,19,address-before-joint-session-the-congress-the-state-the-union-14.txt,20,The principle here is clear: Taxpayer dollars must be spent wisely or not at all.,https://www.presidency.ucsb.edu/documents/address-before-joint-session-the-congress-the-state-the-union-14,George W. Bush,2005.0,,,,,,,,,,
address-before-joint-session-the-congress-the-state-the-union-30-5,37,address-before-joint-session-the-congress-the-state-the-union-30.txt,5,Freedom and democracy were under assault in the world.,https://www.presidency.ucsb.edu/documents/address-before-joint-session-the-congress-the-state-the-union-30,"Joseph R. Biden, Jr.",2024.0,,,,,,,,,,
prime-ministers-remarks-canada-emergency-response-benefit-and-additional-28,251,prime-ministers-remarks-canada-emergency-response-benefit-and-additional.txt,28,"We’ll also have more to say for those who are working, but making less than they would with the benefit.",https://www.pm.gc.ca/en/news/speeches/2020/04/06/prime-ministers-remarks-canada-emergency-response-benefit-and-additional,,2020.0,,,,,,,,,,
annual-message-the-congress-the-state-the-union-19-42,69,annual-message-the-congress-the-state-the-union-19.txt,42,The free world has power and resources to meet these two forms of aggression--resources that are far greater than those of the Soviet dictatorship.,https://www.presidency.ucsb.edu/documents/annual-message-the-congress-the-state-the-union-19,Harry S Truman,1951.0,,,,,,,,,,
prime-ministers-remarks-updating-canadians-supplies-and-support-shelters-26,286,prime-ministers-remarks-updating-canadians-supplies-and-support-shelters.txt,26,"This will help buy things like physical barriers, or rent new space to keep people safe.",https://www.pm.gc.ca/en/news/speeches/2020/04/04/prime-ministers-remarks-updating-canadians-supplies-and-support-shelters,,2020.0,,,,,,,,,,
deputy-prime-ministers-remarks-new-nafta-13,112,deputy-prime-ministers-remarks-new-nafta.txt,13,"Throughout the NAFTA negotiations – including discussion over the past several months on amendments to the agreement that was signed on November 30, 2018 – Canada has worked tirelessly to defend the interests and values of Canadians.",https://www.pm.gc.ca/en/news/speeches/2019/12/10/deputy-prime-ministers-remarks-new-nafta,,1969.0,,,,,,,,,,
annual-message-the-congress-the-state-the-union-17-181,68,annual-message-the-congress-the-state-the-union-17.txt,181,"But, so far as I am concerned, I do not think we can give up the things that are vital to our national strength.",https://www.presidency.ucsb.edu/documents/annual-message-the-congress-the-state-the-union-17,Harry S Truman,1952.0,,,,,,,,,,
minister-lloyd-speech-on-software-security-and-cyber-resilience-64,187,minister-lloyd-speech-on-software-security-and-cyber-resilience.txt,64,"And create a better future for all of us, starting here today.",https://www.gov.uk/government/speeches/minister-lloyd-speech-on-software-security-and-cyber-resilience,Baroness Lloyd of Effra CBE,,,,,,,,,,,
speech-prime-minister-justin-trudeau-ronald-reagan-presidential-library-102,341,speech-prime-minister-justin-trudeau-ronald-reagan-presidential-library.txt,102,"Our countries fought and won in the First World War, side by side.",https://www.pm.gc.ca/en/news/speeches/2018/02/09/speech-prime-minister-justin-trudeau-ronald-reagan-presidential-library,,2018.0,,,,,,,,,,
fifth-annual-address-congress-19,127,fifth-annual-address-congress.txt,19,"The documents which will be presented to you will shew the amount and kinds of arms and military stores now in our magazines and arsenals; and yet an addition even to these supplies can not with prudence be neglected, as it would leave nothing to the uncertainty of procuring warlike apparatus in the moment of public danger.",https://www.presidency.ucsb.edu/documents/fifth-annual-address-congress,George Washington,,,,,,,,,,,
address-before-joint-session-the-congress-the-state-the-union-19-166,24,address-before-joint-session-the-congress-the-state-the-union-19.txt,166,"For even without ISIL, even without Al Qaida, instability will continue for decades in many parts of the world: in the Middle East, in Afghanistan and parts of Pakistan, in parts of Central America, in Africa and Asia.",https://www.presidency.ucsb.edu/documents/address-before-joint-session-the-congress-the-state-the-union-19,Barack Obama,2016.0,,,,,,,,,,
annual-message-the-congress-the-state-the-union-5-87,81,annual-message-the-congress-the-state-the-union-5.txt,87,"We shall continue to support the heroic efforts of the United Nations to restore peace and order--efforts which are now endangered by mounting tensions, unsolved problems, and decreasing support from many member states.",https://www.presidency.ucsb.edu/documents/annual-message-the-congress-the-state-the-union-5,John F. Kennedy,1961.0,,,,,,,,,,
address-the-state-the-union-delivered-before-joint-session-the-congress-0-32,50,address-the-state-the-union-delivered-before-joint-session-the-congress-0.txt,32,"As we look to the future, we find encouraging progress in our negotiations with the Soviet Union on limitation of strategic arms.",https://www.presidency.ucsb.edu/documents/address-the-state-the-union-delivered-before-joint-session-the-congress-0,Richard Nixon,1972.0,,,,,,,,,,
annual-message-the-congress-the-state-the-union-17-192,68,annual-message-the-congress-the-state-the-union-17.txt,192,We must move right ahead this year to see that defense workers and soldiers' families get decent housing at rents they can afford to pay.,https://www.presidency.ucsb.edu/documents/annual-message-the-congress-the-state-the-union-17,Harry S Truman,1952.0,,,,,,,,,,
fifth-annual-message-6-85,128,fifth-annual-message-6.txt,85,One very embarrassing obstacle that stands in our way is that we are at war with Germany but not with her allies.,https://www.presidency.ucsb.edu/documents/fifth-annual-message-6,Woodrow Wilson,1917.0,,,,,,,,,,
first-annual-message-20-203,133,first-annual-message-20.txt,203,Those who do not want to be partakers of the American spirit ought not to settle in America.,https://www.presidency.ucsb.edu/documents/first-annual-message-20,Calvin Coolidge,1923.0,,,,,,,,,,
state-the-union-address-1-112,343,state-the-union-address-1.txt,112,We know that we may have to pay a heavy price for freedom.,https://www.presidency.ucsb.edu/documents/state-the-union-address-1,Franklin D. Roosevelt,1942.0,,,,,,,,,,
address-before-joint-session-the-congress-reporting-the-state-the-union-0-103,9,address-before-joint-session-the-congress-reporting-the-state-the-union-0.txt,103,This is the greatest regret that I have as I leave office.,https://www.presidency.ucsb.edu/documents/address-before-joint-session-the-congress-reporting-the-state-the-union-0,Gerald R. Ford,1977.0,,,,,,,,,,
address-before-joint-session-the-congress-the-state-the-union-23-208,29,address-before-joint-session-the-congress-the-state-the-union-23.txt,208,Intelligence sources indicate that Saddam Hussein has ordered that scientists who cooperate with U.N.,https://www.presidency.ucsb.edu/documents/address-before-joint-session-the-congress-the-state-the-union-23,George W. Bush,2003.0,,,,,,,,,,
prime-ministers-remarks-announcing-support-food-banks-and-local-food-42,248,prime-ministers-remarks-announcing-support-food-banks-and-local-food.txt,42,"Effective today, people should visit their bank’s website for information on how to enroll for direct deposit if they haven’t already.",https://www.pm.gc.ca/en/news/speeches/2020/04/03/prime-ministers-remarks-announcing-support-food-banks-and-local-food,,2020.0,,,,,,,,,,
first-annual-message-20-36,133,first-annual-message-20.txt,36,These rights and principles must go wherever the sanctions of our Government go.,https://www.presidency.ucsb.edu/documents/first-annual-message-20,Calvin Coolidge,1923.0,,,,,,,,,,
annual-message-the-congress-the-state-the-union-28-259,76,annual-message-the-congress-the-state-the-union-28.txt,259,Our South Vietnamese allies are also being tested tonight.,https://www.presidency.ucsb.edu/documents/annual-message-the-congress-the-state-the-union-28,Lyndon B. Johnson,1967.0,,,,,,,,,,
address-before-joint-session-the-congress-the-state-the-union-24-62,30,address-before-joint-session-the-congress-the-state-the-union-24.txt,62,"And one reason is clear: For diplomacy to be effective, words must be credible, and no one can now doubt the word of America.",https://www.presidency.ucsb.edu/documents/address-before-joint-session-the-congress-the-state-the-union-24,George W. Bush,2004.0,,,,,,,,,,
address-before-joint-session-the-congress-the-state-the-union-4-176,38,address-before-joint-session-the-congress-the-state-the-union-4.txt,176,"Help us to free enterprise by permitting debate and voting ""yes"" on our proposal for enterprise zones in America.",https://www.presidency.ucsb.edu/documents/address-before-joint-session-the-congress-the-state-the-union-4,Ronald Reagan,1984.0,,,,,,,,,,
address-before-joint-session-the-congress-the-state-the-union-12-85,17,address-before-joint-session-the-congress-the-state-the-union-12.txt,85,"Our Goals 2000 proposal will empower individual school districts to experiment with ideas like chartering their schools to be run by private corporations or having more public school choice, to do whatever they wish to do as long as we measure every school by one high standard: Are our children learning what they need to know to compete and win in the global economy?",https://www.presidency.ucsb.edu/documents/address-before-joint-session-the-congress-the-state-the-union-12,William J. Clinton,1994.0,,,,,,,,,,
