id,speech_id,file_name,segment_id,text,url,speaker,year,emotional,authority,polarization,presumption,exaggeration,framing
new-bill-to-prioritise-uk-medical-graduates-for-nhs-training-56,189,new-bill-to-prioritise-uk-medical-graduates-for-nhs-training.txt,56,"order change benefit applicant current round - is, post starting august - legislation need achieve royal assent 5 march.",https://www.gov.uk/government/speeches/new-bill-to-prioritise-uk-medical-graduates-for-nhs-training,The Rt Hon Wes Streeting MP,,,,,,,
prime-minister-keynote-speech-world-economic-forum-2018-26,231,prime-minister-keynote-speech-world-economic-forum-2018.txt,26,government corporation – haven’t done enough address this.,https://www.pm.gc.ca/en/news/speeches/2018/01/23/prime-minister-keynote-speech-world-economic-forum-2018,,2018.0,,,,,,
address-before-joint-session-the-congress-the-state-the-union-15-91,19,address-before-joint-session-the-congress-the-state-the-union-15.txt,91,that's administration put boot border ever before.,https://www.presidency.ucsb.edu/documents/address-before-joint-session-the-congress-the-state-the-union-15,Barack Obama,2012.0,,,,,,
first-annual-message-19-68,129,first-annual-message-19.txt,68,"many nation adopted delivery valuation basis collecting duties; is, take cost import delivered port entry basis levying duty.",https://www.presidency.ucsb.edu/documents/first-annual-message-19,Warren G. Harding,1921.0,,,,,,
address-before-joint-session-the-congress-the-state-the-union-22-98,27,address-before-joint-session-the-congress-the-state-the-union-22.txt,98,"sake long-term growth help american plan future, let's make tax cut permanent.",https://www.presidency.ucsb.edu/documents/address-before-joint-session-the-congress-the-state-the-union-22,George W. Bush,2002.0,,,,,,
annual-message-the-congress-the-state-the-union-4-139,79,annual-message-the-congress-the-state-the-union-4.txt,139,"newly unified agency international development reorienting foreign assistance emphasize long-term development loan instead grants, economic aid instead military, individual plan meet individual need nations, new standard must marshal resources.",https://www.presidency.ucsb.edu/documents/annual-message-the-congress-the-state-the-union-4,John F. Kennedy,1962.0,,,,,,
annual-message-congress-2-20,55,annual-message-congress-2.txt,20,ruler must remain ever vigilant possibility today tomorrow invasion attack ruler people fail subscribe principle bettering human race peaceful means.,https://www.presidency.ucsb.edu/documents/annual-message-congress-2,Franklin D. Roosevelt,1936.0,,,,,,
annual-message-the-congress-the-state-the-union-16-49,66,annual-message-the-congress-the-state-the-union-16.txt,49,administration giving immediate increased attention development additional republic korea forces.,https://www.presidency.ucsb.edu/documents/annual-message-the-congress-the-state-the-union-16,Dwight D. Eisenhower,1953.0,,,,,,
osce-chair-in-office-presents-priorities-for-2026-uk-statement-to-the-osce-20,195,osce-chair-in-office-presents-priorities-for-2026-uk-statement-to-the-osce.txt,20,uk support call early adoption 2026 unified budget timely agreement chair-in-office 2027.,https://www.gov.uk/government/speeches/osce-chair-in-office-presents-priorities-for-2026-uk-statement-to-the-osce,Neil Holland,,,,,,,
annual-message-the-congress-the-state-the-union-13-115,63,annual-message-the-congress-the-state-the-union-13.txt,115,"addition, spending level provided budget current fiscal year reduced $7,000,000,000.",https://www.presidency.ucsb.edu/documents/annual-message-the-congress-the-state-the-union-13,Dwight D. Eisenhower,1954.0,,,,,,
pm-remarks-after-coalition-of-the-willing-meeting-6-january-2026-3,199,pm-remarks-after-coalition-of-the-willing-meeting-6-january-2026.txt,3,we’ve constructive meeting… built excellent progress made negotiation recent day weeks.,https://www.gov.uk/government/speeches/pm-remarks-after-coalition-of-the-willing-meeting-6-january-2026,The Rt Hon Sir Keir Starmer KCB KC MP,,,,,,,
asia-house-outlook-2026-keynote-speech-19,90,asia-house-outlook-2026-keynote-speech.txt,19,"creating opportunity people businesses, protecting supply chains.",https://www.gov.uk/government/speeches/asia-house-outlook-2026-keynote-speech,Seema Malhotra MP,,,,,,,
address-before-joint-session-the-congress-the-state-the-union-30-153,36,address-before-joint-session-the-congress-the-state-the-union-30.txt,153,told predecessor called member congress senate demand block bill.,https://www.presidency.ucsb.edu/documents/address-before-joint-session-the-congress-the-state-the-union-30,"Joseph R. Biden, Jr.",2024.0,,,,,,
fifth-annual-message-6-86,125,fifth-annual-message-6.txt,86,"legislation proposed last session regard regulated combination among exporters, order provide foreign trade effective organization method cooperation, ought mean completed session.",https://www.presidency.ucsb.edu/documents/fifth-annual-message-6,Woodrow Wilson,1917.0,,,,,,
address-before-joint-session-the-congress-the-state-the-union-21-105,26,address-before-joint-session-the-congress-the-state-the-union-21.txt,105,"problem is, still reaching enough kids, reaching time.",https://www.presidency.ucsb.edu/documents/address-before-joint-session-the-congress-the-state-the-union-21,Barack Obama,2014.0,,,,,,
prime-ministers-house-statement-terrorist-attack-quebec-14,236,prime-ministers-house-statement-terrorist-attack-quebec.txt,14,"one million canadian profess muslim faith, want say directly: you.",https://www.pm.gc.ca/en/news/speeches/2017/01/30/prime-ministers-house-statement-terrorist-attack-quebec,,2017.0,,,,,,
prime-minister-keynote-speech-world-economic-forum-2018-4,231,prime-minister-keynote-speech-world-economic-forum-2018.txt,4,"note, today, pleased announce canada ten remaining member trans-pacific partnership concluded discussion tokyo, japan, new comprehensive progressive agreement trans-pacific partnership (cptpp).",https://www.pm.gc.ca/en/news/speeches/2018/01/23/prime-minister-keynote-speech-world-economic-forum-2018,,2018.0,,,,,,
the-uk-is-deeply-concerned-about-events-in-north-east-syria-uk-statement-at-the-un-security-council-6,350,the-uk-is-deeply-concerned-about-events-in-north-east-syria-uk-statement-at-the-un-security-council.txt,6,robust transition plan securing managing camp detention facility critical encourage close international co-ordination mitigate shared national security risks.,https://www.gov.uk/government/speeches/the-uk-is-deeply-concerned-about-events-in-north-east-syria-uk-statement-at-the-un-security-council,James Kariuki CMG,,,,,,,
address-before-joint-session-the-congress-the-state-the-union-17-221,21,address-before-joint-session-the-congress-the-state-the-union-17.txt,221,"that's why, meet tonight, 10,000 american working many nation help people haiti recover rebuild.",https://www.presidency.ucsb.edu/documents/address-before-joint-session-the-congress-the-state-the-union-17,Barack Obama,2010.0,,,,,,
annual-message-the-congress-the-state-the-union-9-57,83,annual-message-the-congress-the-state-the-union-9.txt,57,"would like make special mention program making best us water, rapidly becoming precious natural resource, be, neglected, destroyer life wealth.",https://www.presidency.ucsb.edu/documents/annual-message-the-congress-the-state-the-union-9,Dwight D. Eisenhower,1957.0,,,,,,
address-before-joint-session-the-congress-the-state-the-union-19-101,23,address-before-joint-session-the-congress-the-state-the-union-19.txt,101,"now, climate change one many issue security linked rest world.",https://www.presidency.ucsb.edu/documents/address-before-joint-session-the-congress-the-state-the-union-19,Barack Obama,2016.0,,,,,,
address-before-joint-session-the-congress-the-state-the-union-21-118,26,address-before-joint-session-the-congress-the-state-the-union-21.txt,118,"today, woman make half workforce, still make 77 cent every dollar man earns.",https://www.presidency.ucsb.edu/documents/address-before-joint-session-the-congress-the-state-the-union-21,Barack Obama,2014.0,,,,,,
prime-ministers-remarks-updating-canadians-and-thanking-them-helping-fight-28,273,prime-ministers-remarks-updating-canadians-and-thanking-them-helping-fight.txt,28,want assure entire public service working around clock solve problem give help deserve.,https://www.pm.gc.ca/en/news/speeches/2020/03/22/prime-ministers-remarks-updating-canadians-and-thanking-them-helping-fight,,2020.0,,,,,,
first-annual-message-19-111,129,first-annual-message-19.txt,111,"labor become large contributor, savings, stock capital; people largest individual aggregate capital often hard earnest laborers.",https://www.presidency.ucsb.edu/documents/first-annual-message-19,Warren G. Harding,1921.0,,,,,,
statement-exoneration-chief-poundmaker-5,338,statement-exoneration-chief-poundmaker.txt,5,"134 year later, gather battle site honour remember story chief poundmaker.",https://www.pm.gc.ca/en/news/speeches/2019/05/23/statement-exoneration-chief-poundmaker,,2019.0,,,,,,
annual-message-the-congress-the-state-the-union-13-67,63,annual-message-the-congress-the-state-the-union-13.txt,67,"fourth, defense must rest trained manpower economical mobile use.",https://www.presidency.ucsb.edu/documents/annual-message-the-congress-the-state-the-union-13,Dwight D. Eisenhower,1954.0,,,,,,
annual-message-the-congress-the-state-the-union-17-177,67,annual-message-the-congress-the-state-the-union-17.txt,177,"ought full pride doing, full confidence hope outcome.",https://www.presidency.ucsb.edu/documents/annual-message-the-congress-the-state-the-union-17,Harry S Truman,1952.0,,,,,,
annual-message-the-congress-the-state-the-union-28-11,75,annual-message-the-congress-the-state-the-union-28.txt,11,built strong economy put almost 3 million american payroll last year alone.,https://www.presidency.ucsb.edu/documents/annual-message-the-congress-the-state-the-union-28,Lyndon B. Johnson,1967.0,,,,,,
inaugural-address-31,164,inaugural-address.txt,31,"old solution, old way, think public money alone could end problems.",https://www.presidency.ucsb.edu/documents/inaugural-address,George Bush,1989.0,,,,,,
secretary-of-states-address-to-2026-oxford-farming-conference-86,324,secretary-of-states-address-to-2026-oxford-farming-conference.txt,86,"deal eu food standard slash red tape costs, improving access eu market.",https://www.gov.uk/government/speeches/secretary-of-states-address-to-2026-oxford-farming-conference,Emma Reynolds MP,,,,,,,
prime-minister-justin-trudeau-delivers-speech-assembly-first-nations-23,222,prime-minister-justin-trudeau-delivers-speech-assembly-first-nations.txt,23,"one guided spirit intent original treaty relationship; one respect inherent rights, treaty jurisdictions; one respect decision courts.",https://www.pm.gc.ca/en/news/speeches/2015/12/08/prime-minister-justin-trudeau-delivers-speech-assembly-first-nations,,2015.0,,,,,,
annual-message-congress-4-60,57,annual-message-congress-4.txt,60,"would reap full harvest, must cultivate soil good seed sprouting plant reaching mature growth.",https://www.presidency.ucsb.edu/documents/annual-message-congress-4,Franklin D. Roosevelt,1934.0,,,,,,
prime-ministers-remarks-national-inquiry-missing-and-murdered-indigenous-19,261,prime-ministers-remarks-national-inquiry-missing-and-murdered-indigenous.txt,19,we’re working indigenous community improve health wellness investing essential infrastructure – including housing – eliminating boil water advisories.,https://www.pm.gc.ca/en/news/speeches/2019/06/03/prime-ministers-remarks-national-inquiry-missing-and-murdered-indigenous,,2019.0,,,,,,
remarks-prime-minister-justin-trudeau-apologize-lgbtq2-canadians-24,308,remarks-prime-minister-justin-trudeau-apologize-lgbtq2-canadians.txt,24,"1988, twenty year old gay man sex another man could still convicted crime.",https://www.pm.gc.ca/en/news/speeches/2017/11/28/remarks-prime-minister-justin-trudeau-apologize-lgbtq2-canadians,,2017.0,,,,,,
address-before-joint-session-the-congress-the-state-the-union-10-147,14,address-before-joint-session-the-congress-the-state-the-union-10.txt,147,north korea frozen dangerous nuclear weapon program.,https://www.presidency.ucsb.edu/documents/address-before-joint-session-the-congress-the-state-the-union-10,William J. Clinton,1996.0,,,,,,
address-before-joint-session-the-congress-the-state-the-union-27-71,32,address-before-joint-session-the-congress-the-state-the-union-27.txt,71,"raised contribution nato member $400 billion, number ally meeting minimum obligation doubled.",https://www.presidency.ucsb.edu/documents/address-before-joint-session-the-congress-the-state-the-union-27,Donald J. Trump (1st Term),2020.0,,,,,,
excerpts-the-report-congressional-committees-investigating-the-iran-contra-affair-33,123,excerpts-the-report-congressional-committees-investigating-the-iran-contra-affair.txt,33,"short, operation functioned without accountability required government activities.",https://www.presidency.ucsb.edu/documents/excerpts-the-report-congressional-committees-investigating-the-iran-contra-affair,U.S. Congress,1987.0,,,,,,
address-before-joint-session-the-congress-the-state-the-union-21-162,26,address-before-joint-session-the-congress-the-state-the-union-21.txt,162,"bipartisan commission appointed, chaired campaign lawyer governor romney's campaign lawyer, came together offered reform one wait half hour vote.",https://www.presidency.ucsb.edu/documents/address-before-joint-session-the-congress-the-state-the-union-21,Barack Obama,2014.0,,,,,,
third-annual-message-19-60,354,third-annual-message-19.txt,60,least much way preparation defense seems absolutely imperative now.,https://www.presidency.ucsb.edu/documents/third-annual-message-19,Woodrow Wilson,1915.0,,,,,,
annual-message-the-congress-the-state-the-union-12-69,62,annual-message-the-congress-the-state-the-union-12.txt,69,"assures maintenance effective, retaliatory force principal deterrent overt aggression.",https://www.presidency.ucsb.edu/documents/annual-message-the-congress-the-state-the-union-12,Dwight D. Eisenhower,1955.0,,,,,,
prime-ministers-remarks-media-availability-national-press-theatre-41,259,prime-ministers-remarks-media-availability-national-press-theatre.txt,41,"fact, minister miller bennett got call wet’suwet’en hereditary chief minute ago.",https://www.pm.gc.ca/en/news/speeches/2020/02/21/prime-ministers-remarks-media-availability-national-press-theatre,,2020.0,,,,,,
address-before-joint-session-the-congress-the-state-the-union-11-231,15,address-before-joint-session-the-congress-the-state-the-union-11.txt,231,obligation well keep job community give worker fair share prosperity generate.,https://www.presidency.ucsb.edu/documents/address-before-joint-session-the-congress-the-state-the-union-11,William J. Clinton,1995.0,,,,,,
annual-message-the-congress-the-state-the-union-26-148,73,annual-message-the-congress-the-state-the-union-26.txt,148,"tonight country abundant; abundant fruit cattle goat sheep, pleasant home lake flood gone.",https://www.presidency.ucsb.edu/documents/annual-message-the-congress-the-state-the-union-26,Lyndon B. Johnson,1965.0,,,,,,
address-before-joint-session-congress-the-state-the-union-2-30,4,address-before-joint-session-congress-the-state-the-union-2.txt,30,"medicare, prepared enact reform achieve amount health care saving beginning next decade reform proposed bipartisan simpson-bowles commission.",https://www.presidency.ucsb.edu/documents/address-before-joint-session-congress-the-state-the-union-2,Barack Obama,2013.0,,,,,,
secretary-of-state-statement-to-the-house-of-commons-12-january-2026-5,322,secretary-of-state-statement-to-the-house-of-commons-12-january-2026.txt,5,"we’ve seen report photo shared woman bikinis, tied gagged, bruises, covered blood.",https://www.gov.uk/government/speeches/secretary-of-state-statement-to-the-house-of-commons-12-january-2026,The Rt Hon Liz Kendall MP,,,,,,,
canada-day-address-prime-minister-justin-trudeau-parliament-hill-27,95,canada-day-address-prime-minister-justin-trudeau-parliament-hill.txt,27,"made childhood friend here, fell love here, raised kid here.",https://www.pm.gc.ca/en/news/speeches/2017/07/01/canada-day-address-prime-minister-justin-trudeau-parliament-hill,,2017.0,,,,,,
inaugural-address-10-78,150,inaugural-address-10.txt,78,"may continue hold u close fill world sound—in unity, affection, love—one people god, dedicated dream freedom placed human heart, called upon pas dream waiting hopeful world.",https://www.presidency.ucsb.edu/documents/inaugural-address-10,Ronald Reagan,1985.0,,,,,,
address-before-joint-session-the-congress-the-state-the-union-1-5,13,address-before-joint-session-the-congress-the-state-the-union-1.txt,5,"stake one small country; big idea: new world order, diverse nation drawn together common cause achieve universal aspiration mankind -- peace security, freedom, rule law.",https://www.presidency.ucsb.edu/documents/address-before-joint-session-the-congress-the-state-the-union-1,George Bush,1991.0,,,,,,
annual-message-congress-2-70,55,annual-message-congress-2.txt,70,"seek-this minority business industry—to control often control use purpose legitimate highly honored business associations; engage vast propaganda spread fear discord among people—they would ""gang up"" people's liberties.",https://www.presidency.ucsb.edu/documents/annual-message-congress-2,Franklin D. Roosevelt,1936.0,,,,,,
minister-lloyd-speech-at-techuk-future-telecoms-conference-2026-29,181,minister-lloyd-speech-at-techuk-future-telecoms-conference-2026.txt,29,"review, aim drive investment comprehensive, high‑quality connectivity enabling reliable service people, business public service — wherever whenever needed.",https://www.gov.uk/government/speeches/minister-lloyd-speech-at-techuk-future-telecoms-conference-2026,Baroness Lloyd of Effra CBE,,,,,,,
address-before-joint-session-congress-the-state-the-union-1-34,3,address-before-joint-session-congress-the-state-the-union-1.txt,34,assistance program serve national interest well mutual interests.,https://www.presidency.ucsb.edu/documents/address-before-joint-session-congress-the-state-the-union-1,Ronald Reagan,1987.0,,,,,,
prime-ministers-address-house-commons-following-tragic-losses-nova-scotia-14,234,prime-ministers-address-house-commons-following-tragic-losses-nova-scotia.txt,14,horrific tragedy happening time canadian coast coast coast making sacrifice keep safe.,https://www.pm.gc.ca/en/news/speeches/2020/04/20/prime-ministers-address-house-commons-following-tragic-losses-nova-scotia,,1969.0,,,,,,
the-deputy-prime-ministers-speech-to-100-year-partnership-event-2,343,the-deputy-prime-ministers-speech-to-100-year-partnership-event.txt,2,"begin speech, asked convey following message behalf majesty king, writes: celebrate first anniversary 100-year partnership united kingdom ukraine, pray flourishing bond two country may bring hope moral support difficult time.",https://www.gov.uk/government/speeches/the-deputy-prime-ministers-speech-to-100-year-partnership-event,The Rt Hon David Lammy MP,,,,,,,
address-before-joint-session-the-congress-the-state-the-union-16-93,20,address-before-joint-session-the-congress-the-state-the-union-16.txt,93,"last month, saw promise school forsyth tech north carolina.",https://www.presidency.ucsb.edu/documents/address-before-joint-session-the-congress-the-state-the-union-16,Barack Obama,2011.0,,,,,,
prime-ministers-remarks-canada-emergency-response-benefit-and-additional-6,246,prime-ministers-remarks-canada-emergency-response-benefit-and-additional.txt,6,"like people putting hockey stick wearing jersey – remind u together, get even darkest times.",https://www.pm.gc.ca/en/news/speeches/2020/04/06/prime-ministers-remarks-canada-emergency-response-benefit-and-additional,,2020.0,,,,,,
address-before-joint-session-the-congress-the-state-the-union-21-213,26,address-before-joint-session-the-congress-the-state-the-union-21.txt,213,"continue focus asia-pacific, support allies, shape future greater security prosperity, extend hand devastated disaster, philippines, marine civilian rushed aid battered typhoon, greeted word like, ""we never forget kindness"" ""god bless america."" thing help promote long-term security, believe inherent dignity equality every human being, regardless race religion, creed sexual orientation.",https://www.presidency.ucsb.edu/documents/address-before-joint-session-the-congress-the-state-the-union-21,Barack Obama,2014.0,,,,,,
inaugural-address-52-55,161,inaugural-address-52.txt,55,"think angel ride whirlwind directs storm?"" much time passed since jefferson arrived inauguration.",https://www.presidency.ucsb.edu/documents/inaugural-address-52,George W. Bush,2001.0,,,,,,
address-before-joint-session-the-congress-the-state-the-union-16-201,20,address-before-joint-session-the-congress-the-state-the-union-16.txt,201,"republican democrat approved new start treaty, far fewer nuclear weapon launcher deployed.",https://www.presidency.ucsb.edu/documents/address-before-joint-session-the-congress-the-state-the-union-16,Barack Obama,2011.0,,,,,,
osce-conference-on-tackling-antisemitism-st-gallen-2026-uk-statement-17,196,osce-conference-on-tackling-antisemitism-st-gallen-2026-uk-statement.txt,17,"also acknowledge osce’s, particular odihr’s, essential contribution supporting participating state building society grounded tolerance non‑discrimination.",https://www.gov.uk/government/speeches/osce-conference-on-tackling-antisemitism-st-gallen-2026-uk-statement,,,,,,,,
annual-message-the-congress-the-state-the-union-15-38,65,annual-message-the-congress-the-state-the-union-15.txt,38,"day submitted congress economic report president, also budget message.",https://www.presidency.ucsb.edu/documents/annual-message-the-congress-the-state-the-union-15,Harry S Truman,1947.0,,,,,,
address-before-joint-session-the-congress-the-state-the-union-20-132,25,address-before-joint-session-the-congress-the-state-the-union-20.txt,132,"instead getting dragged another ground war middle east, leading broad coalition, including arab nations, degrade ultimately destroy terrorist group.",https://www.presidency.ucsb.edu/documents/address-before-joint-session-the-congress-the-state-the-union-20,Barack Obama,2015.0,,,,,,
deputy-prime-minister-remarks-legislation-implement-new-nafta-standing-45,108,deputy-prime-minister-remarks-legislation-implement-new-nafta-standing.txt,45,"new agreement preserve nafta’s cultural exception, contributes protecting 666,000 job canada’s cultural industry pivotal supporting artist tell stories, official languages.",https://www.pm.gc.ca/en/news/speeches/2020/02/18/deputy-prime-minister-remarks-legislation-implement-new-nafta-standing,,1969.0,,,,,,
address-before-joint-session-the-congress-the-state-the-union-26-25,31,address-before-joint-session-the-congress-the-state-the-union-26.txt,25,"considered, far away, hottest economy anywhere world.",https://www.presidency.ucsb.edu/documents/address-before-joint-session-the-congress-the-state-the-union-26,Donald J. Trump (1st Term),2019.0,,,,,,
annual-message-the-congress-the-state-the-union-1-18,60,annual-message-the-congress-the-state-the-union-1.txt,18,urge unfinished business 91st congress made first priority business 92d congress.,https://www.presidency.ucsb.edu/documents/annual-message-the-congress-the-state-the-union-1,Richard Nixon,1971.0,,,,,,
address-before-joint-session-the-congress-the-state-the-union-10-36,14,address-before-joint-session-the-congress-the-state-the-union-10.txt,36,"media, say create movie cd's television show want child grandchild enjoy.",https://www.presidency.ucsb.edu/documents/address-before-joint-session-the-congress-the-state-the-union-10,William J. Clinton,1996.0,,,,,,
osce-chair-in-office-presents-priorities-for-2026-uk-statement-to-the-osce-16,195,osce-chair-in-office-presents-priorities-for-2026-uk-statement-to-the-osce.txt,16,"last least, agree focus ensuring osce’s ability act.",https://www.gov.uk/government/speeches/osce-chair-in-office-presents-priorities-for-2026-uk-statement-to-the-osce,Neil Holland,,,,,,,
holocaust-memorial-day-2026-uk-statement-to-the-osce-13,145,holocaust-memorial-day-2026-uk-statement-to-the-osce.txt,13,year’s holocaust memorial day theme—bridging generations—feels especially poignant.,https://www.gov.uk/government/speeches/holocaust-memorial-day-2026-uk-statement-to-the-osce,James Ford,,,,,,,
address-before-joint-session-the-congress-the-state-the-union-25-78,30,address-before-joint-session-the-congress-the-state-the-union-25.txt,78,protect american worker american intellectual property strong enforcement trade rules.,https://www.presidency.ucsb.edu/documents/address-before-joint-session-the-congress-the-state-the-union-25,Donald J. Trump (1st Term),2018.0,,,,,,
annual-message-the-congress-the-state-the-union-10-114,61,annual-message-the-congress-the-state-the-union-10.txt,114,"second, country helped reach point mutually profitable trade expand us.",https://www.presidency.ucsb.edu/documents/annual-message-the-congress-the-state-the-union-10,Dwight D. Eisenhower,1958.0,,,,,,
address-before-joint-session-the-congress-the-state-the-union-9-209,42,address-before-joint-session-the-congress-the-state-the-union-9.txt,209,"may share common past, surely share common future.",https://www.presidency.ucsb.edu/documents/address-before-joint-session-the-congress-the-state-the-union-9,William J. Clinton,1997.0,,,,,,
secretary-of-states-address-to-2026-oxford-farming-conference-38,324,secretary-of-states-address-to-2026-oxford-farming-conference.txt,38,vision help farmer improve productivity profitability; collaborate delivering positive environmental change together.,https://www.gov.uk/government/speeches/secretary-of-states-address-to-2026-oxford-farming-conference,Emma Reynolds MP,,,,,,,
annual-message-the-congress-the-state-the-union-2-99,69,annual-message-the-congress-the-state-the-union-2.txt,99,adequate control requires advance engine design fuel composition.,https://www.presidency.ucsb.edu/documents/annual-message-the-congress-the-state-the-union-2,Richard Nixon,1970.0,,,,,,
annual-message-the-congress-the-state-the-union-10-90,61,annual-message-the-congress-the-state-the-union-10.txt,90,"defense structure must one which, whole, assume, top efficiency without friction, defense america.",https://www.presidency.ucsb.edu/documents/annual-message-the-congress-the-state-the-union-10,Dwight D. Eisenhower,1958.0,,,,,,
address-before-joint-session-the-congress-the-state-the-union-26-105,31,address-before-joint-session-the-congress-the-state-the-union-26.txt,105,"one benefited thriving economy women, filled 58 percent newly created job last year.",https://www.presidency.ucsb.edu/documents/address-before-joint-session-the-congress-the-state-the-union-26,Donald J. Trump (1st Term),2019.0,,,,,,
address-before-joint-session-the-congress-the-state-the-union-8-232,41,address-before-joint-session-the-congress-the-state-the-union-8.txt,232,must prevent misuse genetic test discriminate american.,https://www.presidency.ucsb.edu/documents/address-before-joint-session-the-congress-the-state-the-union-8,William J. Clinton,1998.0,,,,,,
annual-message-the-congress-the-state-the-union-8-176,82,annual-message-the-congress-the-state-the-union-8.txt,176,"mcclellan committee disclosure corruption, racketeering, abuse trust power labor-management affair aroused america amazed peoples.",https://www.presidency.ucsb.edu/documents/annual-message-the-congress-the-state-the-union-8,Dwight D. Eisenhower,1959.0,,,,,,
address-before-joint-session-the-congress-the-state-the-union-8-105,41,address-before-joint-session-the-congress-the-state-the-union-8.txt,105,"urge congress reach across aisle write law consumer bill right say this: right know medical options, cheapest.",https://www.presidency.ucsb.edu/documents/address-before-joint-session-the-congress-the-state-the-union-8,William J. Clinton,1998.0,,,,,,
address-the-state-the-union-delivered-before-joint-session-the-congress-0-19,49,address-the-state-the-union-delivered-before-joint-session-the-congress-0.txt,19,"rate increase crime slowed--and district columbia, one city federal government direct jurisdiction, serious crime 1971 actually reduced 13 percent year before.",https://www.presidency.ucsb.edu/documents/address-the-state-the-union-delivered-before-joint-session-the-congress-0,Richard Nixon,1972.0,,,,,,
address-before-joint-session-the-congress-the-state-the-union-17-237,21,address-before-joint-session-the-congress-the-state-the-union-17.txt,237,"time lobbyist game system politician tear instead lifting country up, lose faith.",https://www.presidency.ucsb.edu/documents/address-before-joint-session-the-congress-the-state-the-union-17,Barack Obama,2010.0,,,,,,
annual-message-the-congress-the-state-the-union-15-22,65,annual-message-the-congress-the-state-the-union-15.txt,22,"proclamation december 31, 1946 announced termination hostilities.",https://www.presidency.ucsb.edu/documents/annual-message-the-congress-the-state-the-union-15,Harry S Truman,1947.0,,,,,,
remarks-prime-minister-house-commons-recognition-and-implementation-rights-18,306,remarks-prime-minister-house-commons-recognition-and-implementation-rights.txt,18,"work deal fact many feel fear country institution never deliver fairness, justice, real reconciliation indigenous people deserve.",https://www.pm.gc.ca/en/news/speeches/2018/02/14/remarks-prime-minister-house-commons-recognition-and-implementation-rights,,2018.0,,,,,,
prime-ministers-remarks-updating-canadians-and-thanking-them-helping-fight-13,273,prime-ministers-remarks-updating-canadians-and-thanking-them-helping-fight.txt,13,"note, want thank house leader co-operation member opposition effort work together slow spread virus.",https://www.pm.gc.ca/en/news/speeches/2020/03/22/prime-ministers-remarks-updating-canadians-and-thanking-them-helping-fight,,2020.0,,,,,,
secretary-of-states-keynote-institute-for-government-speech-103,325,secretary-of-states-keynote-institute-for-government-speech.txt,103,also making sure every pound going service well spent spent best effect.,https://www.gov.uk/government/speeches/secretary-of-states-keynote-institute-for-government-speech,The Rt Hon Wes Streeting MP,,,,,,,
inaugural-address-10-27,150,inaugural-address-10.txt,27,must never abuse trust working men woman sending earnings futile chase spiraling demand bloated federal establishment.,https://www.presidency.ucsb.edu/documents/inaugural-address-10,Ronald Reagan,1985.0,,,,,,
minister-for-the-middle-east-statement-regional-update-14,179,minister-for-the-middle-east-statement-regional-update.txt,14,"let turn iran, seen protest enter ninth day following rapid depreciation currency.",https://www.gov.uk/government/speeches/minister-for-the-middle-east-statement-regional-update,Hamish Falconer MP,,,,,,,
prime-ministers-remarks-incoming-supplies-and-coordinated-efforts-fight-36,257,prime-ministers-remarks-incoming-supplies-and-coordinated-efforts-fight.txt,36,"yesterday, announced biggest economic measure lifetime.",https://www.pm.gc.ca/en/news/speeches/2020/04/02/prime-ministers-remarks-incoming-supplies-and-coordinated-efforts-fight,,2020.0,,,,,,
first-annual-message-20-141,130,first-annual-message-20.txt,141,"alaskan fishery saved destruction, must legislation declaring general policy delegating authority make rule regulation administrative body.",https://www.presidency.ucsb.edu/documents/first-annual-message-20,Calvin Coolidge,1923.0,,,,,,
address-before-joint-session-the-congress-the-state-the-union-14-159,18,address-before-joint-session-the-congress-the-state-the-union-14.txt,159,men woman uniform fighting terrorist iraq face home.,https://www.presidency.ucsb.edu/documents/address-before-joint-session-the-congress-the-state-the-union-14,George W. Bush,2005.0,,,,,,
the-state-the-union-address-delivered-before-joint-session-the-congress-1-33,348,the-state-the-union-address-delivered-before-joint-session-the-congress-1.txt,33,"main task home year, energy central element, nation's economy.",https://www.presidency.ucsb.edu/documents/the-state-the-union-address-delivered-before-joint-session-the-congress-1,Jimmy Carter,1978.0,,,,,,
prime-ministers-speaking-notes-plastics-announcement-10,284,prime-ministers-speaking-notes-plastics-announcement.txt,10,"every year, canadian recycle less 10% plastic waste that’s produced across country – 90% thrown away.",https://www.pm.gc.ca/en/news/speeches/2019/06/10/prime-ministers-speaking-notes-plastics-announcement,,2019.0,,,,,,
press-conference-ellenbrook-western-australia-1,215,press-conference-ellenbrook-western-australia.txt,1,incapsula incident id: 508000580104017949-113015742235676288,https://www.pm.gov.au/media/press-conference-ellenbrook-western-australia,Anthony Albanese MP,2026.0,,,,,,
annual-message-the-congress-the-state-the-union-15-189,65,annual-message-the-congress-the-state-the-union-15.txt,189,seek uphold principle international justice embodied charter united nations.,https://www.presidency.ucsb.edu/documents/annual-message-the-congress-the-state-the-union-15,Harry S Truman,1947.0,,,,,,
prime-ministers-remarks-canadas-evolving-response-covid-19-15,248,prime-ministers-remarks-canadas-evolving-response-covid-19.txt,15,"third, starting wednesday, march 18th, four canadian airport accepting international flight – toronto pearson, montréal-trudeau, vancouver international airport, calgary international airport.",https://www.pm.gc.ca/en/news/speeches/2020/03/16/prime-ministers-remarks-canadas-evolving-response-covid-19,,2020.0,,,,,,
address-before-joint-session-the-congress-the-state-the-union-1-45,13,address-before-joint-session-the-congress-the-state-the-union-1.txt,45,"yes, largest peacetime economic expansion history temporarily interrupted.",https://www.presidency.ucsb.edu/documents/address-before-joint-session-the-congress-the-state-the-union-1,George Bush,1991.0,,,,,,
speech-for-un-association-80th-anniversary-of-united-nations-general-assembly-meeting-4,332,speech-for-un-association-80th-anniversary-of-united-nations-general-assembly-meeting.txt,4,"general assembly new york last september, deputy prime minister offered personal message congratulation u.n.",https://www.gov.uk/government/speeches/speech-for-un-association-80th-anniversary-of-united-nations-general-assembly-meeting,The Rt Hon Lord Hermer KC,,,,,,,
move-fast-fix-things-41,187,move-fast-fix-things.txt,41,know are… one consequence many layer bureaucracy every decision requires approval someone else.,https://www.gov.uk/government/speeches/move-fast-fix-things,The Rt Hon Darren Jones MP,,,,,,,
pm-remarks-on-greenland-19-january-2026-21,204,pm-remarks-on-greenland-19-january-2026.txt,21,"yesterday spoke president trump, european leader secretary general nato, find solution rooted partnership, fact mutual respect.",https://www.gov.uk/government/speeches/pm-remarks-on-greenland-19-january-2026,The Rt Hon Sir Keir Starmer KCB KC MP,,,,,,,
address-before-joint-session-the-congress-the-state-the-union-5-146,38,address-before-joint-session-the-congress-the-state-the-union-5.txt,146,"hope congress understand that, dollar dollar, security assistance contributes much global security defense budget.",https://www.presidency.ucsb.edu/documents/address-before-joint-session-the-congress-the-state-the-union-5,Ronald Reagan,1985.0,,,,,,
second-annual-message-19-23,318,second-annual-message-19.txt,23,"come ask remedy correct mistake omissions, even short session congress would certainly seem done work could reasonably expected it.",https://www.presidency.ucsb.edu/documents/second-annual-message-19,Woodrow Wilson,1914.0,,,,,,
address-before-joint-session-the-congress-the-state-the-union-3-12,35,address-before-joint-session-the-congress-the-state-the-union-3.txt,12,"first, decade rampant inflation drained reserve tried protect beneficiary spiraling cost living.",https://www.presidency.ucsb.edu/documents/address-before-joint-session-the-congress-the-state-the-union-3,Ronald Reagan,1983.0,,,,,,
prime-ministers-remarks-workers-and-business-owners-facing-challenges-due-15,283,prime-ministers-remarks-workers-and-business-owners-facing-challenges-due.txt,15,"subsidy make real difference lives, help everyone affected bridge better times.",https://www.pm.gc.ca/en/news/speeches/2020/03/30/prime-ministers-remarks-workers-and-business-owners-facing-challenges-due,,2020.0,,,,,,
secretary-of-states-keynote-institute-for-government-speech-20,325,secretary-of-states-keynote-institute-for-government-speech.txt,20,corrosive sense fatalism - idea thing can’t change.,https://www.gov.uk/government/speeches/secretary-of-states-keynote-institute-for-government-speech,The Rt Hon Wes Streeting MP,,,,,,,
address-before-joint-session-the-congress-the-state-the-union-11-114,15,address-before-joint-session-the-congress-the-state-the-union-11.txt,114,"america's best example may lynn woolsey, worked way welfare become congresswoman state california.",https://www.presidency.ucsb.edu/documents/address-before-joint-session-the-congress-the-state-the-union-11,William J. Clinton,1995.0,,,,,,
prime-minister-justin-trudeaus-speech-assembly-first-nations-special-10,230,prime-minister-justin-trudeaus-speech-assembly-first-nations-special.txt,10,indigenous non-indigenous people canada begun new walk together.,https://www.pm.gc.ca/en/news/speeches/2016/12/06/prime-minister-justin-trudeaus-speech-assembly-first-nations-special,,2016.0,,,,,,
osce-moscow-mechanism-invocation-georgia-january-2026-32,197,osce-moscow-mechanism-invocation-georgia-january-2026.txt,32,"recall accordance paragraph 10 moscow document, one member mission may chosen georgia list expert human dimension mechanism maintained office democratic institution human rights.",https://www.gov.uk/government/speeches/osce-moscow-mechanism-invocation-georgia-january-2026,,,,,,,,
address-before-joint-session-the-congress-the-state-the-union-3-96,35,address-before-joint-session-the-congress-the-state-the-union-3.txt,96,"2 year debate, time u get together enact port modernization bill.",https://www.presidency.ucsb.edu/documents/address-before-joint-session-the-congress-the-state-the-union-3,Ronald Reagan,1983.0,,,,,,
prime-minister-justin-trudeaus-address-71st-session-united-nations-general-34,226,prime-minister-justin-trudeaus-address-71st-session-united-nations-general.txt,34,want better life—a safer secure future kids—as do.,https://www.pm.gc.ca/en/news/speeches/2016/09/20/prime-minister-justin-trudeaus-address-71st-session-united-nations-general,,2016.0,,,,,,
wto-general-council-december-2025-uk-statement-1,368,wto-general-council-december-2025-uk-statement.txt,1,item 2 question deliverable uk following item must table mc 14: clear political direction reform clear path outcome mc15; delivering plurilateral agreement e-commerce investment facilitation development; maintaining e-commerce moratorium recommitment achieving well functioning dispute settlement system accessible members.,https://www.gov.uk/government/speeches/wto-general-council-december-2025-uk-statement,Kumar Iyer CMG,,,,,,,
annual-message-the-congress-the-state-the-union-29-135,76,annual-message-the-congress-the-state-the-union-29.txt,135,"exceptions, few, holding fiscal 1969 budget last year's level, outside mandatory required increases.",https://www.presidency.ucsb.edu/documents/annual-message-the-congress-the-state-the-union-29,Lyndon B. Johnson,1968.0,,,,,,
address-before-joint-session-the-congress-the-state-the-union-25-157,30,address-before-joint-session-the-congress-the-state-the-union-25.txt,157,"immediately, justin bounded booby-trapped unbelievably dangerous unsafe building, found kenton, very, bad shape.",https://www.presidency.ucsb.edu/documents/address-before-joint-session-the-congress-the-state-the-union-25,Donald J. Trump (1st Term),2018.0,,,,,,
move-fast-fix-things-56,187,move-fast-fix-things.txt,56,"know working many brilliant civil servant every day, work long hours, frustrated system rest us.",https://www.gov.uk/government/speeches/move-fast-fix-things,The Rt Hon Darren Jones MP,,,,,,,
pm-remarks-in-hastings-5-february-57,200,pm-remarks-in-hastings-5-february.txt,57,mean tougher regulation home schooling… school important integration… need higher bar people want opt-out responsibility.,https://www.gov.uk/government/speeches/pm-remarks-in-hastings-5-february,The Rt Hon Sir Keir Starmer KCB KC MP,,,,,,,
pm-remarks-on-greenland-19-january-2026-2,204,pm-remarks-on-greenland-19-january-2026.txt,2,"pragmatic pursue interests, resolute defending value matters.",https://www.gov.uk/government/speeches/pm-remarks-on-greenland-19-january-2026,The Rt Hon Sir Keir Starmer KCB KC MP,,,,,,,
annual-message-the-congress-the-state-the-union-17-154,67,annual-message-the-congress-the-state-the-union-17.txt,154,also find new less costly method supporting perishable commodity law provides.,https://www.presidency.ucsb.edu/documents/annual-message-the-congress-the-state-the-union-17,Harry S Truman,1952.0,,,,,,
address-before-joint-session-the-congress-the-state-the-union-1-25,13,address-before-joint-session-the-congress-the-state-the-union-1.txt,25,conviction courage see persian gulf today simply american character action.,https://www.presidency.ucsb.edu/documents/address-before-joint-session-the-congress-the-state-the-union-1,George Bush,1991.0,,,,,,
excerpts-the-report-congressional-committees-investigating-the-iran-contra-affair-102,123,excerpts-the-report-congressional-committees-investigating-the-iran-contra-affair.txt,102,"c.i.a.'s general counsel pointed authorizing israel sell u.s.-manufactured weapon iran might violate arm export control act, president, legal advice attorney general, decided authorize direct shipment missile iran united state signed new finding january 17, 1986.",https://www.presidency.ucsb.edu/documents/excerpts-the-report-congressional-committees-investigating-the-iran-contra-affair,U.S. Congress,1987.0,,,,,,
prime-minister-justin-trudeaus-address-72th-session-united-nations-general-55,227,prime-minister-justin-trudeaus-address-72th-session-united-nations-general.txt,55,that’s effort include working indigenous community help build refurbish homes.,https://www.pm.gc.ca/en/news/speeches/2017/09/21/prime-minister-justin-trudeaus-address-72th-session-united-nations-general,,2017.0,,,,,,
russias-reckless-missile-attacks-expose-its-ongoing-obstruction-of-peace-efforts-uk-statement-to-the-osce-11,314,russias-reckless-missile-attacks-expose-its-ongoing-obstruction-of-peace-efforts-uk-statement-to-the-osce.txt,11,russia attempted justify escalatory action claiming response attack one president putin’s residences.,https://www.gov.uk/government/speeches/russias-reckless-missile-attacks-expose-its-ongoing-obstruction-of-peace-efforts-uk-statement-to-the-osce,Neil Holland,,,,,,,
prime-ministers-remarks-vimy-ridge-memorial-veterans-1,282,prime-ministers-remarks-vimy-ridge-memorial-veterans.txt,1,"go translated article november 10, 2018 vimy, france check delivery good morning everyone.",https://www.pm.gc.ca/en/news/speeches/2018/11/10/prime-ministers-remarks-vimy-ridge-memorial-veterans,,2018.0,,,,,,
sixth-annual-message-6-67,330,sixth-annual-message-6.txt,67,"market taken others, special way assisted rebuild factory replace lost instrument manufacture.",https://www.presidency.ucsb.edu/documents/sixth-annual-message-6,Woodrow Wilson,1918.0,,,,,,
annual-message-the-congress-the-state-the-union-13-81,63,annual-message-the-congress-the-state-the-union-13.txt,81,"indeed relation canada, happily always close, involve unbreakable tie strategic interdependence.",https://www.presidency.ucsb.edu/documents/annual-message-the-congress-the-state-the-union-13,Dwight D. Eisenhower,1954.0,,,,,,
address-before-joint-session-the-congress-the-state-the-union-22-138,27,address-before-joint-session-the-congress-the-state-the-union-22.txt,138,"moment opportunity, common danger erasing old rivalries.",https://www.presidency.ucsb.edu/documents/address-before-joint-session-the-congress-the-state-the-union-22,George W. Bush,2002.0,,,,,,
address-before-joint-session-the-congress-the-state-the-union-19-152,23,address-before-joint-session-the-congress-the-state-the-union-19.txt,152,"lead nearly 200 nation ambitious agreement history fight climate change, yes, help vulnerable countries, also protects kids.",https://www.presidency.ucsb.edu/documents/address-before-joint-session-the-congress-the-state-the-union-19,Barack Obama,2016.0,,,,,,
annual-message-the-congress-the-state-the-union-17-123,67,annual-message-the-congress-the-state-the-union-17.txt,123,cannot neglect thing made u great powerful nation today.,https://www.presidency.ucsb.edu/documents/annual-message-the-congress-the-state-the-union-17,Harry S Truman,1952.0,,,,,,
address-before-joint-session-the-congress-the-state-the-union-28-194,33,address-before-joint-session-the-congress-the-state-the-union-28.txt,194,"and, folks, ban assault weapon high-capacity magazine hold hundred rounds.",https://www.presidency.ucsb.edu/documents/address-before-joint-session-the-congress-the-state-the-union-28,"Joseph R. Biden, Jr.",2022.0,,,,,,
prime-ministers-statement-trans-mountain-pipeline-project-14,290,prime-ministers-statement-trans-mountain-pipeline-project.txt,14,trans mountain pipeline expansion vital strategic interest canada.,https://www.pm.gc.ca/en/news/speeches/2018/04/15/prime-ministers-statement-trans-mountain-pipeline-project,,2018.0,,,,,,
prime-ministers-announcement-emergency-community-support-fund-6,235,prime-ministers-announcement-emergency-community-support-fund.txt,6,"since yesterday, i’ve chance speak constable chad morrison, rcmp officer wounded, well constable heidi stevenson’s family.",https://www.pm.gc.ca/en/news/speeches/2020/04/21/prime-ministers-announcement-emergency-community-support-fund,,2020.0,,,,,,
annual-message-the-congress-the-state-the-union-16-92,66,annual-message-the-congress-the-state-the-union-16.txt,92,present authorized government-debt limit 275 billion dollars.,https://www.presidency.ucsb.edu/documents/annual-message-the-congress-the-state-the-union-16,Dwight D. Eisenhower,1953.0,,,,,,
prime-minister-justin-trudeaus-speech-assembly-first-nations-special-11,230,prime-minister-justin-trudeaus-speech-assembly-first-nations-special.txt,11,together we’ve taken first step know going multi-generational journey.,https://www.pm.gc.ca/en/news/speeches/2016/12/06/prime-minister-justin-trudeaus-speech-assembly-first-nations-special,,2016.0,,,,,,
inaugural-address-3-68,157,inaugural-address-3.txt,68,"must willing, individually nation, accept whatever sacrifice may required us.",https://www.presidency.ucsb.edu/documents/inaugural-address-3,Dwight D. Eisenhower,1953.0,,,,,,
environment-secretary-at-economist-water-summit-3,120,environment-secretary-at-economist-water-summit.txt,3,delivering once-in-a-generation reform set recent white paper.,https://www.gov.uk/government/speeches/environment-secretary-at-economist-water-summit,Emma Reynolds MP,,,,,,,
articles-impeachment-exhibited-the-house-representatives-32,89,articles-impeachment-exhibited-the-house-representatives.txt,32,"respectfully yours, andrew johnson brevet major-general lorenzo thomas, adjutant general united state army, washington, d.c.",https://www.presidency.ucsb.edu/documents/articles-impeachment-exhibited-the-house-representatives,U.S. Congress,,,,,,,
annual-message-the-congress-the-state-the-union-16-8,66,annual-message-the-congress-the-state-the-union-16.txt,8,"calculated pressure aggressive communism forced us, instead, live world turmoil.",https://www.presidency.ucsb.edu/documents/annual-message-the-congress-the-state-the-union-16,Dwight D. Eisenhower,1953.0,,,,,,
prime-ministers-speech-french-national-assembly-31,286,prime-ministers-speech-french-national-assembly.txt,31,"country hope achieve full potential without participation citizens, matter are, come belief are.",https://www.pm.gc.ca/en/news/speeches/2018/04/17/prime-ministers-speech-french-national-assembly,,2018.0,,,,,,
george-bradshaw-address-2026-55,137,george-bradshaw-address-2026.txt,55,"within weeks, ended 2 year national rail strike introduced landmark public ownership bill .",https://www.gov.uk/government/speeches/george-bradshaw-address-2026,The Rt Hon Heidi Alexander MP,,,,,,,
annual-message-the-congress-the-state-the-union-8-83,82,annual-message-the-congress-the-state-the-union-8.txt,83,must reflect knowledge end five year population 190 million.,https://www.presidency.ucsb.edu/documents/annual-message-the-congress-the-state-the-union-8,Dwight D. Eisenhower,1959.0,,,,,,
address-before-joint-session-the-congress-the-state-the-union-8-229,41,address-before-joint-session-the-congress-the-state-the-union-8.txt,229,"tonight, part gift millennium, propose 21st century research fund pathbreaking scientific inquiry, largest funding increase history national institute health, national science foundation, national cancer institute.",https://www.presidency.ucsb.edu/documents/address-before-joint-session-the-congress-the-state-the-union-8,William J. Clinton,1998.0,,,,,,
annual-message-the-congress-the-state-the-union-6-145,81,annual-message-the-congress-the-state-the-union-6.txt,145,"over-all guiding goal budget national need-not response specific group, local political insistence.",https://www.presidency.ucsb.edu/documents/annual-message-the-congress-the-state-the-union-6,Dwight D. Eisenhower,1960.0,,,,,,
annual-message-the-congress-the-state-the-union-25-94,72,annual-message-the-congress-the-state-the-union-25.txt,94,"fight, must, fought before, pray never fight again.",https://www.presidency.ucsb.edu/documents/annual-message-the-congress-the-state-the-union-25,Lyndon B. Johnson,1964.0,,,,,,
address-before-joint-session-the-congress-the-state-the-union-4-76,37,address-before-joint-session-the-congress-the-state-the-union-4.txt,76,"let u go forward historic reform fairness, simplicity, incentive growth.",https://www.presidency.ucsb.edu/documents/address-before-joint-session-the-congress-the-state-the-union-4,Ronald Reagan,1984.0,,,,,,
annual-message-congress-1-19,54,annual-message-congress-1.txt,19,"aim view—to prevent future similar crisis-you joined series enactments—safe banking sound currency, guarantee bank deposits, protection investor securities, removal threat agricultural surpluses, insistence collective bargaining, outlawing sweat shops, child labor unfair trade practices, beginning security aged worker.",https://www.presidency.ucsb.edu/documents/annual-message-congress-1,Franklin D. Roosevelt,1937.0,,,,,,
third-annual-address-congress-0-3,352,third-annual-address-congress-0.txt,3,"observation respective situation satisfied progressive state agriculture, manufactures, commerce, navigation.",https://www.presidency.ucsb.edu/documents/third-annual-address-congress-0,George Washington,,,,,,,
annual-message-the-congress-the-state-the-union-6-50,81,annual-message-the-congress-the-state-the-union-6.txt,50,believe industrial country ready participate actively supplementing effort developing country achieve progress.,https://www.presidency.ucsb.edu/documents/annual-message-the-congress-the-state-the-union-6,Dwight D. Eisenhower,1960.0,,,,,,
address-before-joint-session-the-congress-the-state-the-union-7-257,40,address-before-joint-session-the-congress-the-state-the-union-7.txt,257,"speed innovation kind technologies, think give major tax incentive business production clean energy family buying energy-saving home appliance next generation superefficient car hit showroom floor.",https://www.presidency.ucsb.edu/documents/address-before-joint-session-the-congress-the-state-the-union-7,William J. Clinton,2000.0,,,,,,
address-before-joint-session-congress-the-state-the-union-2-52,4,address-before-joint-session-congress-the-state-the-union-2.txt,52,tonight lay additional proposal fully paid fully consistent budget framework party agreed 18 month ago.,https://www.presidency.ucsb.edu/documents/address-before-joint-session-congress-the-state-the-union-2,Barack Obama,2013.0,,,,,,
prime-ministers-remarks-efforts-bring-canadians-home-abroad-8,250,prime-ministers-remarks-efforts-bring-canadians-home-abroad.txt,8,"time, we’re focused ensuring essential good get people communities.",https://www.pm.gc.ca/en/news/speeches/2020/03/21/prime-ministers-remarks-efforts-bring-canadians-home-abroad,,2020.0,,,,,,
address-before-joint-session-the-congress-the-state-the-union-28-215,33,address-before-joint-session-the-congress-the-state-the-union-28.txt,215,"want go forward backwards, must protect access health care, preserve woman's right choose, continue advance maternal health care americans.",https://www.presidency.ucsb.edu/documents/address-before-joint-session-the-congress-the-state-the-union-28,"Joseph R. Biden, Jr.",2022.0,,,,,,
environment-secretary-at-economist-water-summit-5,120,environment-secretary-at-economist-water-summit.txt,5,"looking around room, see people shape future water system partnership us.",https://www.gov.uk/government/speeches/environment-secretary-at-economist-water-summit,Emma Reynolds MP,,,,,,,
osce-chair-in-office-presents-priorities-for-2026-uk-statement-to-the-osce-11,195,osce-chair-in-office-presents-priorities-for-2026-uk-statement-to-the-osce.txt,11,look forward working chair security committee 2026 thank entrusting role us.,https://www.gov.uk/government/speeches/osce-chair-in-office-presents-priorities-for-2026-uk-statement-to-the-osce,Neil Holland,,,,,,,
excerpts-the-report-congressional-committees-investigating-the-iran-contra-affair-111,123,excerpts-the-report-congressional-committees-investigating-the-iran-contra-affair.txt,111,"poindexter saw ""implementing"" president's secret policy effect since 1984 using nonappropriated fund following passage boland amendment.",https://www.presidency.ucsb.edu/documents/excerpts-the-report-congressional-committees-investigating-the-iran-contra-affair,U.S. Congress,1987.0,,,,,,
annual-message-the-congress-the-state-the-union-5-126,80,annual-message-the-congress-the-state-the-union-5.txt,126,"meanwhile, hope explore polish government possibility using frozen polish fund project peace demonstrate abiding friendship interest people poland.",https://www.presidency.ucsb.edu/documents/annual-message-the-congress-the-state-the-union-5,John F. Kennedy,1961.0,,,,,,
address-before-joint-session-the-congress-reporting-the-state-the-union-159,11,address-before-joint-session-the-congress-reporting-the-state-the-union.txt,159,"constitutional system, policy reflect consultation accommodation president congress.",https://www.presidency.ucsb.edu/documents/address-before-joint-session-the-congress-reporting-the-state-the-union,Gerald R. Ford,1976.0,,,,,,
prime-ministers-remarks-support-businesses-and-students-affected-covid-19-30,267,prime-ministers-remarks-support-businesses-and-students-affected-covid-19.txt,30,"thinking, example, freelancers, home-care professionals, cut 10 hour work week less.",https://www.pm.gc.ca/en/news/speeches/2020/04/08/prime-ministers-remarks-support-businesses-and-students-affected-covid-19,,2020.0,,,,,,
address-before-joint-session-the-congress-the-state-the-union-18-4,22,address-before-joint-session-the-congress-the-state-the-union-18.txt,4,"[ laughter ] yet history record amid differences, acted purpose, together showed world power resilience american self-government.",https://www.presidency.ucsb.edu/documents/address-before-joint-session-the-congress-the-state-the-union-18,George W. Bush,2008.0,,,,,,
address-before-joint-session-the-congress-the-state-the-union-27-109,32,address-before-joint-session-the-congress-the-state-the-union-27.txt,109,"130 legislator chamber endorsed legislation would bankrupt nation providing free taxpayer-funded health care million illegal aliens, forcing taxpayer subsidize free care anyone world unlawfully cross borders.",https://www.presidency.ucsb.edu/documents/address-before-joint-session-the-congress-the-state-the-union-27,Donald J. Trump (1st Term),2020.0,,,,,,
prime-ministers-remarks-support-businesses-and-students-affected-covid-19-43,267,prime-ministers-remarks-support-businesses-and-students-affected-covid-19.txt,43,"they’re new workforce, don’t lot money set aside kind situation.",https://www.pm.gc.ca/en/news/speeches/2020/04/08/prime-ministers-remarks-support-businesses-and-students-affected-covid-19,,2020.0,,,,,,
pm-speech-house-commons-new-zealand-mosque-shootings-23,210,pm-speech-house-commons-new-zealand-mosque-shootings.txt,23,"fail denounce hatred total conviction, empower people legitimize violence.",https://www.pm.gc.ca/en/news/speeches/2019/03/19/pm-speech-house-commons-new-zealand-mosque-shootings,,2019.0,,,,,,
annual-message-the-congress-the-state-the-union-27-87,74,annual-message-the-congress-the-state-the-union-27.txt,87,"world grown small dangerous, pursuit narrow aim could bring decay even disaster.",https://www.presidency.ucsb.edu/documents/annual-message-the-congress-the-state-the-union-27,Lyndon B. Johnson,1966.0,,,,,,
address-before-joint-session-the-congress-the-state-the-union-20-195,25,address-before-joint-session-the-congress-the-state-the-union-20.txt,195,"understand, better politics one democrat abandon agenda republican simply embrace mine.",https://www.presidency.ucsb.edu/documents/address-before-joint-session-the-congress-the-state-the-union-20,Barack Obama,2015.0,,,,,,
updates-on-standards-in-public-life-7,359,updates-on-standards-in-public-life.txt,7,"set last week, jeffrey epstein despicable criminal committed disgusting crimes.",https://www.gov.uk/government/speeches/updates-on-standards-in-public-life,The Rt Hon Darren Jones MP,,,,,,,
liz-kendalls-speech-at-bloomberg-18,177,liz-kendalls-speech-at-bloomberg.txt,18,"compute essential foundation modern ai : shaping cutting-edge research happens, high growth firm choose locate, quickly new application reach public.",https://www.gov.uk/government/speeches/liz-kendalls-speech-at-bloomberg,The Rt Hon Liz Kendall MP,,,,,,,
annual-message-the-congress-the-state-the-union-26-57,73,annual-message-the-congress-the-state-the-union-26.txt,57,today turn increased attention character american life.,https://www.presidency.ucsb.edu/documents/annual-message-the-congress-the-state-the-union-26,Lyndon B. Johnson,1965.0,,,,,,
address-before-joint-session-the-congress-the-state-the-union-2-20,24,address-before-joint-session-the-congress-the-state-the-union-2.txt,20,"workers' rally, place called branik outskirt prague, idea called america alive.",https://www.presidency.ucsb.edu/documents/address-before-joint-session-the-congress-the-state-the-union-2,George Bush,1990.0,,,,,,
sixth-annual-message-6-17,330,sixth-annual-message-6.txt,17,"""old men forget; yet shall forgot, remember advantage feat day!"" thank god deepest gratitude men went force line battle critical moment whole fate world seemed hang balance threw fresh strength rank freedom time turn whole tide sweep fateful struggle,-turn all, thenceforth back, back, back enemies, always back, never forward!",https://www.presidency.ucsb.edu/documents/sixth-annual-message-6,Woodrow Wilson,1918.0,,,,,,
improving-local-roads-and-highways-5,147,improving-local-roads-and-highways.txt,5,report allow resident taxpayer see funding used help u monitor progress.,https://www.gov.uk/government/speeches/improving-local-roads-and-highways,The Rt Hon Heidi Alexander MP,,,,,,,
address-before-joint-session-congress-the-state-the-union-2-208,4,address-before-joint-session-congress-the-state-the-union-2.txt,208,jill biden continued dedication serving military family well served us.,https://www.presidency.ucsb.edu/documents/address-before-joint-session-congress-the-state-the-union-2,Barack Obama,2013.0,,,,,,
address-before-joint-session-the-congress-the-state-the-union-4-98,37,address-before-joint-session-the-congress-the-state-the-union-4.txt,98,"develop frontier space, let u remember responsibility preserve older resource earth.",https://www.presidency.ucsb.edu/documents/address-before-joint-session-the-congress-the-state-the-union-4,Ronald Reagan,1984.0,,,,,,
annual-message-the-congress-the-state-the-union-14-172,64,annual-message-the-congress-the-state-the-union-14.txt,172,urge congress act promptly vital measure foreign policy--on decisive contribution world peace.,https://www.presidency.ucsb.edu/documents/annual-message-the-congress-the-state-the-union-14,Harry S Truman,1948.0,,,,,,
annual-message-congress-3-64,56,annual-message-congress-3.txt,64,"people, day great depression, cared local efforts—by states, counties, towns, cities, church private welfare agencies.",https://www.presidency.ucsb.edu/documents/annual-message-congress-3,Franklin D. Roosevelt,1935.0,,,,,,
annual-message-the-congress-the-state-the-union-19-150,68,annual-message-the-congress-the-state-the-union-19.txt,150,let u stand together men everywhere believe human liberty.,https://www.presidency.ucsb.edu/documents/annual-message-the-congress-the-state-the-union-19,Harry S Truman,1951.0,,,,,,
address-before-joint-session-the-congress-the-state-the-union-179,43,address-before-joint-session-the-congress-the-state-the-union.txt,179,"must continue fight hiv/ aids, especially continent africa.",https://www.presidency.ucsb.edu/documents/address-before-joint-session-the-congress-the-state-the-union,George W. Bush,2007.0,,,,,,
george-bradshaw-address-2026-38,137,george-bradshaw-address-2026.txt,38,"always remember smile peter’s face sat office christmas – shortly last readiness meeting – said: ‘as someone spent decade room railway people armed contracts, can’t believe good felt sat people wanted make work’.",https://www.gov.uk/government/speeches/george-bradshaw-address-2026,The Rt Hon Heidi Alexander MP,,,,,,,
annual-message-the-congress-the-state-the-union-8-150,82,annual-message-the-congress-the-state-the-union-8.txt,150,year world come understand clearly firm policy countenance aggression.,https://www.presidency.ucsb.edu/documents/annual-message-the-congress-the-state-the-union-8,Dwight D. Eisenhower,1959.0,,,,,,
annual-message-the-congress-89,84,annual-message-the-congress.txt,89,power could saddle tyranny whole nation weaker neighbors.,https://www.presidency.ucsb.edu/documents/annual-message-the-congress,Franklin D. Roosevelt,1940.0,,,,,,
defence-secretary-statement-on-us-interception-of-bella-1-and-coalition-of-the-willing-meeting-51,104,defence-secretary-statement-on-us-interception-of-bella-1-and-coalition-of-the-willing-meeting.txt,51,"confirms uk france “take leading role” in: using military, economic diplomatic instrument ensure conclusion peace agreement, supporting development ukraine’s defence capabilities.",https://www.gov.uk/government/speeches/defence-secretary-statement-on-us-interception-of-bella-1-and-coalition-of-the-willing-meeting,The Rt Hon John Healey MP,,,,,,,
annual-message-the-congress-the-state-the-union-16-229,66,annual-message-the-congress-the-state-the-union-16.txt,229,"true one's freedom is, essence, honor respect freedom others.",https://www.presidency.ucsb.edu/documents/annual-message-the-congress-the-state-the-union-16,Dwight D. Eisenhower,1953.0,,,,,,
address-before-joint-session-the-congress-the-state-the-union-0-119,12,address-before-joint-session-the-congress-the-state-the-union-0.txt,119,"reforming health insurance market, plan assures american access basic health insurance even change job develop serious health problems.",https://www.presidency.ucsb.edu/documents/address-before-joint-session-the-congress-the-state-the-union-0,George Bush,1992.0,,,,,,
prime-ministers-remarks-announcing-more-help-small-businesses-and-arts-54,242,prime-ministers-remarks-announcing-more-help-small-businesses-and-arts.txt,54,everyone stayed home followed public health recommendation – thank you.,https://www.pm.gc.ca/en/news/speeches/2020/04/17/prime-ministers-remarks-announcing-more-help-small-businesses-and-arts,,2020.0,,,,,,
inaugural-address-53-59,162,inaugural-address-53.txt,59,"let know heart day america, america, gave best you."" let's add—let's u add work prayer unfolding story great nation.",https://www.presidency.ucsb.edu/documents/inaugural-address-53,"Joseph R. Biden, Jr.",2021.0,,,,,,
annual-message-the-congress-the-state-the-union-12-72,62,annual-message-the-congress-the-state-the-union-12.txt,72,budget also contemplates strategic concentration strength redeployment certain forces.,https://www.presidency.ucsb.edu/documents/annual-message-the-congress-the-state-the-union-12,Dwight D. Eisenhower,1955.0,,,,,,
address-before-joint-session-the-congress-the-state-the-union-11-170,15,address-before-joint-session-the-congress-the-state-the-union-11.txt,170,"want challenge honest hearing this, get together, find way make minimum wage living wage.",https://www.presidency.ucsb.edu/documents/address-before-joint-session-the-congress-the-state-the-union-11,William J. Clinton,1995.0,,,,,,
address-before-joint-session-the-congress-the-state-the-union-25-137,30,address-before-joint-session-the-congress-the-state-the-union-25.txt,137,reform also support response terrible crisis opioid drug addiction.,https://www.presidency.ucsb.edu/documents/address-before-joint-session-the-congress-the-state-the-union-25,Donald J. Trump (1st Term),2018.0,,,,,,
address-before-joint-session-the-congress-the-state-the-union-18-141,22,address-before-joint-session-the-congress-the-state-the-union-18.txt,141,"saw force moving neighborhoods, clearing terrorists, staying behind ensure enemy return.",https://www.presidency.ucsb.edu/documents/address-before-joint-session-the-congress-the-state-the-union-18,George W. Bush,2008.0,,,,,,
annual-message-the-congress-the-state-the-union-17-147,67,annual-message-the-congress-the-state-the-union-17.txt,147,"one thing, benefit old-age survivor insurance raised $5 month present average $42.",https://www.presidency.ucsb.edu/documents/annual-message-the-congress-the-state-the-union-17,Harry S Truman,1952.0,,,,,,
inaugural-address-5-61,159,inaugural-address-5.txt,61,"duty grudgingly accept but, rather, seize gladly, firm knowledge nothing satisfying spirit, defining character, giving difficult task.",https://www.presidency.ucsb.edu/documents/inaugural-address-5,Barack Obama,2009.0,,,,,,
address-before-joint-session-the-congress-the-state-the-union-9-128,42,address-before-joint-session-the-congress-the-state-the-union-9.txt,128,"urge pas proposal make big polluter live simple rule: pollute environment, pay clean up.",https://www.presidency.ucsb.edu/documents/address-before-joint-session-the-congress-the-state-the-union-9,William J. Clinton,1997.0,,,,,,
the-state-the-union-address-delivered-before-joint-session-the-congress-1-72,348,the-state-the-union-address-delivered-before-joint-session-the-congress-1.txt,72,"level high inflation expected continue, company raise price protect profit margin prospective increase wage costs, worker demand higher wage protection expected price increases.",https://www.presidency.ucsb.edu/documents/the-state-the-union-address-delivered-before-joint-session-the-congress-1,Jimmy Carter,1978.0,,,,,,
annual-message-the-congress-the-state-the-union-28-167,75,annual-message-the-congress-the-state-the-union-28.txt,167,"shaping new future enlarged partnership nuclear affairs, economic technical cooperation, trade negotiations, political consultation, working together government people eastern europe soviet union.",https://www.presidency.ucsb.edu/documents/annual-message-the-congress-the-state-the-union-28,Lyndon B. Johnson,1967.0,,,,,,
speech-prime-minister-justin-trudeau-ronald-reagan-presidential-library-18,333,speech-prime-minister-justin-trudeau-ronald-reagan-presidential-library.txt,18,"canadian often teased overly polite – may entirely true, i’m sorry say.",https://www.pm.gc.ca/en/news/speeches/2018/02/09/speech-prime-minister-justin-trudeau-ronald-reagan-presidential-library,,2018.0,,,,,,
third-annual-message-19-72,354,third-annual-message-19.txt,72,army instrument war part considered provide supreme matter national self-sufficiency security aspects.,https://www.presidency.ucsb.edu/documents/third-annual-message-19,Woodrow Wilson,1915.0,,,,,,
inaugural-address-15-52,155,inaugural-address-15.txt,52,"journey complete gay brother sister treated like anyone else law—for truly created equal, surely love commit one another must equal well.",https://www.presidency.ucsb.edu/documents/inaugural-address-15,Barack Obama,2013.0,,,,,,
annual-message-congress-the-state-the-union-four-freedoms-speech-95,58,annual-message-congress-the-state-the-union-four-freedoms-speech.txt,95,examples: bring citizen coverage old-age pension unemployment insurance.,https://www.presidency.ucsb.edu/documents/annual-message-congress-the-state-the-union-four-freedoms-speech,Franklin D. Roosevelt,1941.0,,,,,,
annual-message-the-congress-the-state-the-union-4-126,79,annual-message-the-congress-the-state-the-union-4.txt,126,mankind survived test trial thousand year surrender everything-including existence--now.,https://www.presidency.ucsb.edu/documents/annual-message-the-congress-the-state-the-union-4,John F. Kennedy,1962.0,,,,,,
address-before-joint-session-the-congress-the-state-the-union-12-123,16,address-before-joint-session-the-congress-the-state-the-union-12.txt,123,"build work today private sector, expand employer-based coverage, guarantee private insurance every american.",https://www.presidency.ucsb.edu/documents/address-before-joint-session-the-congress-the-state-the-union-12,William J. Clinton,1994.0,,,,,,
prime-minister-trudeau-and-minister-freeland-speaking-notes-united-states-28,232,prime-minister-trudeau-and-minister-freeland-speaking-notes-united-states.txt,28,"tireless, relentless, efforts; dedication, hard work, past five week past 19 months: thank you, thank family well.",https://www.pm.gc.ca/en/news/speeches/2018/10/01/prime-minister-trudeau-and-minister-freeland-speaking-notes-united-states,,2018.0,,,,,,
address-before-joint-session-the-congress-the-state-the-union-27-230,32,address-before-joint-session-the-congress-the-state-the-union-27.txt,230,"home abraham lincoln, frederick douglass, amelia earhart, harriet tubman, wright brothers, neil armstrong, many more.",https://www.presidency.ucsb.edu/documents/address-before-joint-session-the-congress-the-state-the-union-27,Donald J. Trump (1st Term),2020.0,,,,,,
address-before-joint-session-the-congress-the-state-the-union-17-5,21,address-before-joint-session-the-congress-the-state-the-union-17.txt,5,"market crashed black tuesday marcher beaten bloody sunday, future anything certain.",https://www.presidency.ucsb.edu/documents/address-before-joint-session-the-congress-the-state-the-union-17,Barack Obama,2010.0,,,,,,
inaugural-address-5-57,159,inaugural-address-5.txt,57,"kindness take stranger levee break, selflessness worker would rather cut hour see friend lose job, see u darkest hours.",https://www.presidency.ucsb.edu/documents/inaugural-address-5,Barack Obama,2009.0,,,,,,
prime-ministers-remarks-support-students-and-new-grads-affected-covid-19-44,269,prime-ministers-remarks-support-students-and-new-grads-affected-covid-19.txt,44,"although immediate focus fight covid-19, always part build brighter future tomorrow.",https://www.pm.gc.ca/en/news/speeches/2020/04/22/prime-ministers-remarks-support-students-and-new-grads-affected-covid-19,,2020.0,,,,,,
annual-message-the-congress-the-state-the-union-3-136,77,annual-message-the-congress-the-state-the-union-3.txt,136,disarray communist empire heightened two formidable forces.,https://www.presidency.ucsb.edu/documents/annual-message-the-congress-the-state-the-union-3,John F. Kennedy,1963.0,,,,,,
prime-minister-keynote-speech-world-economic-forum-2018-27,231,prime-minister-keynote-speech-world-economic-forum-2018.txt,27,"past decades, citizen worker calling change, often, plea ignored.",https://www.pm.gc.ca/en/news/speeches/2018/01/23/prime-minister-keynote-speech-world-economic-forum-2018,,2018.0,,,,,,
inaugural-address-3-66,157,inaugural-address-3.txt,66,hope--this supreme aspiration--must rule way live.,https://www.presidency.ucsb.edu/documents/inaugural-address-3,Dwight D. Eisenhower,1953.0,,,,,,
the-gambias-wto-trade-policy-review-uk-statement-february-2026-36,345,the-gambias-wto-trade-policy-review-uk-statement-february-2026.txt,36,"closing remark chair, conclude, wish note gambia celebrate 61st independence day 18th february.",https://www.gov.uk/government/speeches/the-gambias-wto-trade-policy-review-uk-statement-february-2026,Kumar Iyer CMG,,,,,,,
annual-message-the-congress-the-state-the-union-5-68,80,annual-message-the-congress-the-state-the-union-5.txt,68,morality private business sufficiently spurred morality public business.,https://www.presidency.ucsb.edu/documents/annual-message-the-congress-the-state-the-union-5,John F. Kennedy,1961.0,,,,,,
address-before-joint-session-the-congress-the-state-the-union-17-25,21,address-before-joint-session-the-congress-the-state-the-union-17.txt,25,"result, market stabilized, recovered money spent banks--most all.",https://www.presidency.ucsb.edu/documents/address-before-joint-session-the-congress-the-state-the-union-17,Barack Obama,2010.0,,,,,,
pm-speaking-notes-egale-leadership-award-42,207,pm-speaking-notes-egale-leadership-award.txt,42,entire government committed full equality queer community.,https://www.pm.gc.ca/en/news/speeches/2018/05/24/pm-speaking-notes-egale-leadership-award,,2018.0,,,,,,
first-annual-address-congress-51,127,first-annual-address-congress.txt,51,"connected treaty commerce, important event indifferent us.",https://www.presidency.ucsb.edu/documents/first-annual-address-congress,John Adams,,,,,,,
address-before-joint-session-the-congress-reporting-the-state-the-union-0-91,8,address-before-joint-session-the-congress-reporting-the-state-the-union-0.txt,91,"brought congress, much delay, renewal general revenue sharing.",https://www.presidency.ucsb.edu/documents/address-before-joint-session-the-congress-reporting-the-state-the-union-0,Gerald R. Ford,1977.0,,,,,,
move-fast-fix-things-22,187,move-fast-fix-things.txt,22,"view two things: first, year cut public investment, second due inherent lack competition drive innovation.",https://www.gov.uk/government/speeches/move-fast-fix-things,The Rt Hon Darren Jones MP,,,,,,,
first-annual-message-18-87,128,first-annual-message-18.txt,87,may express real pleas-are experienced co-operating congress sharing labor common service devoted unreservedly past seven month uncomplaining concentration upon business legislation?,https://www.presidency.ucsb.edu/documents/first-annual-message-18,Woodrow Wilson,1913.0,,,,,,
upr51-uk-statement-on-australia-1,360,upr51-uk-statement-on-australia.txt,1,"thank you, mr president, express deepest condolence following tragic antisemitic terrorist attack bondi.",https://www.gov.uk/government/speeches/upr51-uk-statement-on-australia,Eleanor Sanders,,,,,,,
annual-message-the-congress-the-state-the-union-21-104,71,annual-message-the-congress-the-state-the-union-21.txt,104,"producing rental unit large proportion high-priced houses, building industry rapidly pricing market.",https://www.presidency.ucsb.edu/documents/annual-message-the-congress-the-state-the-union-21,Harry S Truman,1949.0,,,,,,
osce-moscow-mechanism-invocation-georgia-january-2026-3,197,osce-moscow-mechanism-invocation-georgia-january-2026.txt,3,"osce participating state, georgia undertaken uphold human right fundamental freedoms.",https://www.gov.uk/government/speeches/osce-moscow-mechanism-invocation-georgia-january-2026,,,,,,,,
the-deputy-prime-ministers-speech-to-100-year-partnership-event-50,343,the-deputy-prime-ministers-speech-to-100-year-partnership-event.txt,50,"uk, technology pose threat justice system – drone used deposit drug weapon prison united kingdom.",https://www.gov.uk/government/speeches/the-deputy-prime-ministers-speech-to-100-year-partnership-event,The Rt Hon David Lammy MP,,,,,,,
second-annual-message-20-44,319,second-annual-message-20.txt,44,"built 40 per cent world's railroad mileage, yet find inadequate present requirements.",https://www.presidency.ucsb.edu/documents/second-annual-message-20,Warren G. Harding,1922.0,,,,,,
annual-message-the-congress-the-state-the-union-26-90,73,annual-message-the-congress-the-state-the-union-26.txt,90,"business, labor, consumer high stake keeping wage price within framework guidepost already served nation well.",https://www.presidency.ucsb.edu/documents/annual-message-the-congress-the-state-the-union-26,Lyndon B. Johnson,1965.0,,,,,,
annual-message-the-congress-the-state-the-union-15-57,65,annual-message-the-congress-the-state-the-union-15.txt,57,enact legislation correct certain abuse provide additional governmental assistance bargaining.,https://www.presidency.ucsb.edu/documents/annual-message-the-congress-the-state-the-union-15,Harry S Truman,1947.0,,,,,,
address-before-joint-session-the-congress-the-state-the-union-3-157,35,address-before-joint-session-the-congress-the-state-the-union-3.txt,157,"last september, outlined principle carry peace process begun promisingly camp david.",https://www.presidency.ucsb.edu/documents/address-before-joint-session-the-congress-the-state-the-union-3,Ronald Reagan,1983.0,,,,,,
state-the-union-address-1-93,335,state-the-union-address-1.txt,93,"fighting side british people, fought alone long, terrible months, withstood enemy fortitude tenacity skill.",https://www.presidency.ucsb.edu/documents/state-the-union-address-1,Franklin D. Roosevelt,1942.0,,,,,,
address-before-joint-session-the-congress-the-state-the-union-25-113,30,address-before-joint-session-the-congress-the-state-the-union-25.txt,113,"tell you, border patrol ice done, sent thousand thousand thousand ms-13 horrible people country prisons.",https://www.presidency.ucsb.edu/documents/address-before-joint-session-the-congress-the-state-the-union-25,Donald J. Trump (1st Term),2018.0,,,,,,
address-before-joint-session-the-congress-the-state-the-union-6-63,39,address-before-joint-session-the-congress-the-state-the-union-6.txt,63,"now, doubt work, look chicago, ended social promotion made summer school mandatory master basics.",https://www.presidency.ucsb.edu/documents/address-before-joint-session-the-congress-the-state-the-union-6,William J. Clinton,1999.0,,,,,,
annual-message-the-congress-the-state-the-union-20-62,70,annual-message-the-congress-the-state-the-union-20.txt,62,expanding world economy requires improvement living standard development resource area human poverty misery prevail.,https://www.presidency.ucsb.edu/documents/annual-message-the-congress-the-state-the-union-20,Harry S Truman,1950.0,,,,,,
address-before-joint-session-the-congress-the-state-the-union-25-111,30,address-before-joint-session-the-congress-the-state-the-union-25.txt,111,"last may, commanded operation track gang member long island.",https://www.presidency.ucsb.edu/documents/address-before-joint-session-the-congress-the-state-the-union-25,Donald J. Trump (1st Term),2018.0,,,,,,
annual-message-the-congress-the-state-the-union-3-143,77,annual-message-the-congress-the-state-the-union-3.txt,143,foresee spectacular reversal communist method goals.,https://www.presidency.ucsb.edu/documents/annual-message-the-congress-the-state-the-union-3,John F. Kennedy,1963.0,,,,,,
speech-prime-minister-justin-trudeau-ronald-reagan-presidential-library-88,333,speech-prime-minister-justin-trudeau-ronald-reagan-presidential-library.txt,88,un-inventing would come cost beyond economic - one don’t think anyone entirely predict understand.,https://www.pm.gc.ca/en/news/speeches/2018/02/09/speech-prime-minister-justin-trudeau-ronald-reagan-presidential-library,,2018.0,,,,,,
culture-secretary-speech-at-15-billion-arts-everywhere-funding-announcement-9,102,culture-secretary-speech-at-15-billion-arts-everywhere-funding-announcement.txt,9,"often, there’s incredible opportunity find spark live richer, larger life art bring, inspire world shape future country, opportunity exist privileged few.",https://www.gov.uk/government/speeches/culture-secretary-speech-at-15-billion-arts-everywhere-funding-announcement,The Rt Hon Lisa Nandy MP,,,,,,,
prime-ministers-remarks-updating-canadians-fatal-plane-crash-iran-14,276,prime-ministers-remarks-updating-canadians-fatal-plane-crash-iran.txt,14,"also condemned iranian strike targeted military base iraq coalition forces, including canadians, currently stationed.",https://www.pm.gc.ca/en/news/speeches/2020/01/09/prime-ministers-remarks-updating-canadians-fatal-plane-crash-iran,,2020.0,,,,,,
address-before-joint-session-the-congress-the-state-the-union-7-297,40,address-before-joint-session-the-congress-the-state-the-union-7.txt,297,"fall, white house, hillary one millennium dinners, distinguished scientist there, expert whole work human genome.",https://www.presidency.ucsb.edu/documents/address-before-joint-session-the-congress-the-state-the-union-7,William J. Clinton,2000.0,,,,,,
prime-ministers-remarks-health-and-social-support-northern-communities-27,254,prime-ministers-remarks-health-and-social-support-northern-communities.txt,27,"time, we’re working enhance canada emergency business account, well new support commercial rent business hardest hit.",https://www.pm.gc.ca/en/news/speeches/2020/04/14/prime-ministers-remarks-health-and-social-support-northern-communities,,2020.0,,,,,,
address-before-joint-session-the-congress-the-state-the-union-14-175,18,address-before-joint-session-the-congress-the-state-the-union-14.txt,175,new political situation iraq open new phase work country.,https://www.presidency.ucsb.edu/documents/address-before-joint-session-the-congress-the-state-the-union-14,George W. Bush,2005.0,,,,,,
annual-message-the-congress-the-state-the-union-10-21,61,annual-message-the-congress-the-state-the-union-10.txt,21,"among assets, let u first briefly glance military power.",https://www.presidency.ucsb.edu/documents/annual-message-the-congress-the-state-the-union-10,Dwight D. Eisenhower,1958.0,,,,,,
prime-ministers-remarks-shooting-portapique-nova-scotia-6,265,prime-ministers-remarks-shooting-portapique-nova-scotia.txt,6,"answering call duty, something done every day went work 23 years.",https://www.pm.gc.ca/en/news/speeches/2020/04/20/prime-ministers-remarks-shooting-portapique-nova-scotia,,1969.0,,,,,,
address-before-joint-session-the-congress-the-state-the-union-29-150,34,address-before-joint-session-the-congress-the-state-the-union-29.txt,150,pay way talked tonight: making sure wealthy big corporation pay fair share.,https://www.presidency.ucsb.edu/documents/address-before-joint-session-the-congress-the-state-the-union-29,"Joseph R. Biden, Jr.",2023.0,,,,,,
address-before-joint-session-the-congress-the-state-the-union-20-193,25,address-before-joint-session-the-congress-the-state-the-union-20.txt,193,"question u tonight we, us, better reflect america's hopes.",https://www.presidency.ucsb.edu/documents/address-before-joint-session-the-congress-the-state-the-union-20,Barack Obama,2015.0,,,,,,
attorney-generals-speech-at-great-synagogue-sydney-20,91,attorney-generals-speech-at-great-synagogue-sydney.txt,20,one sentiment also anticipate shared two community sense although utterly shocking neither event completely unexpected.,https://www.gov.uk/government/speeches/attorney-generals-speech-at-great-synagogue-sydney,The Rt Hon Lord Hermer KC,,,,,,,
the-state-the-union-address-delivered-before-joint-session-the-congress-53,349,the-state-the-union-address-delivered-before-joint-session-the-congress.txt,53,"increased annually real commitment defense, sustain increase effort throughout five year defense program.",https://www.presidency.ucsb.edu/documents/the-state-the-union-address-delivered-before-joint-session-the-congress,Jimmy Carter,1980.0,,,,,,
address-the-state-the-union-delivered-before-joint-session-the-congress-0-5,49,address-the-state-the-union-delivered-before-joint-session-the-congress-0.txt,5,candidate presidency chamber today probably one time whole history republic.,https://www.presidency.ucsb.edu/documents/address-the-state-the-union-delivered-before-joint-session-the-congress-0,Richard Nixon,1972.0,,,,,,
updates-on-standards-in-public-life-4,359,updates-on-standards-in-public-life.txt,4,"sure house agree issue standards, important themselves, meet scale disgust see powerful, rich men misuse position abuse woman girls.",https://www.gov.uk/government/speeches/updates-on-standards-in-public-life,The Rt Hon Darren Jones MP,,,,,,,
annual-message-congress-2-10,55,annual-message-congress-2.txt,10,"time four half century modern civilization america existed—in year, decade, generation time—a greater spirit mutual understanding, common helpfulness, devotion ideal self-government exists today twenty-one american republic neighbor, dominion canada.",https://www.presidency.ucsb.edu/documents/annual-message-congress-2,Franklin D. Roosevelt,1936.0,,,,,,
address-before-joint-session-the-congress-the-state-the-union-0-90,12,address-before-joint-session-the-congress-the-state-the-union-0.txt,90,"member chamber practical people, know resent practical advice.",https://www.presidency.ucsb.edu/documents/address-before-joint-session-the-congress-the-state-the-union-0,George Bush,1992.0,,,,,,
holocaust-memorial-day-2026-foreign-secretary-speech-12,144,holocaust-memorial-day-2026-foreign-secretary-speech.txt,12,"mala, many year found painful talk experience shown strength bravery speaking out, kindly speak shortly share story.",https://www.gov.uk/government/speeches/holocaust-memorial-day-2026-foreign-secretary-speech,The Rt Hon Yvette Cooper MP,,,,,,,
pm-speech-house-commons-new-zealand-mosque-shootings-41,210,pm-speech-house-commons-new-zealand-mosque-shootings.txt,41,"choosing stay silent, hatred stews, complicity cowardly form.",https://www.pm.gc.ca/en/news/speeches/2019/03/19/pm-speech-house-commons-new-zealand-mosque-shootings,,2019.0,,,,,,
inaugural-address-52-47,161,inaugural-address-52.txt,47,"public interest depends private character, civic duty family bond basic fairness, uncounted, unhonored act decency, give direction freedom.",https://www.presidency.ucsb.edu/documents/inaugural-address-52,George W. Bush,2001.0,,,,,,
address-before-joint-session-the-congress-the-state-the-union-9-199,42,address-before-joint-session-the-congress-the-state-the-union-9.txt,199,"still see evidence abiding bigotry intolerance ugly word awful violence, burned church bombed buildings.",https://www.presidency.ucsb.edu/documents/address-before-joint-session-the-congress-the-state-the-union-9,William J. Clinton,1997.0,,,,,,
speech-prime-minister-justin-trudeau-ronald-reagan-presidential-library-78,333,speech-prime-minister-justin-trudeau-ronald-reagan-presidential-library.txt,78,"was, course, president reagan, forty year later, picked torch carried president him.",https://www.pm.gc.ca/en/news/speeches/2018/02/09/speech-prime-minister-justin-trudeau-ronald-reagan-presidential-library,,2018.0,,,,,,
first-annual-message-20-128,130,first-annual-message-20.txt,128,"civil service commission recommended postmaster first, second, third class office classified.",https://www.presidency.ucsb.edu/documents/first-annual-message-20,Calvin Coolidge,1923.0,,,,,,
wto-general-council-december-2025-uk-statement-14,368,wto-general-council-december-2025-uk-statement.txt,14,support technical aspect implementation operation sps tbt agreement considered technical committees.,https://www.gov.uk/government/speeches/wto-general-council-december-2025-uk-statement,Kumar Iyer CMG,,,,,,,
address-before-joint-session-the-congress-reporting-the-state-the-union-1-47,9,address-before-joint-session-the-congress-reporting-the-state-the-union-1.txt,47,"matter conjecture prediction, again, matter simple arithmetic.",https://www.presidency.ucsb.edu/documents/address-before-joint-session-the-congress-reporting-the-state-the-union-1,Gerald R. Ford,1975.0,,,,,,
address-before-joint-session-the-congress-the-state-the-union-23-67,28,address-before-joint-session-the-congress-the-state-the-union-23.txt,67,"government, fighting illegal drug cutting supply reducing demand antidrug education programs.",https://www.presidency.ucsb.edu/documents/address-before-joint-session-the-congress-the-state-the-union-23,George W. Bush,2003.0,,,,,,
address-before-joint-session-the-congress-president-volodymyr-zelenskyy-ukraine-50,7,address-before-joint-session-the-congress-president-volodymyr-zelenskyy-ukraine.txt,50,"main mission leader people, brave ukrainians, leader nation, addressing president biden.",https://www.presidency.ucsb.edu/documents/address-before-joint-session-the-congress-president-volodymyr-zelenskyy-ukraine,U.S. Congress,2022.0,,,,,,
address-before-joint-session-the-congress-reporting-the-state-the-union-0-168,8,address-before-joint-session-the-congress-reporting-the-state-the-union-0.txt,168,"stood 28 year ago freshman colleagues, speaker sam rayburn administered oath.",https://www.presidency.ucsb.edu/documents/address-before-joint-session-the-congress-reporting-the-state-the-union-0,Gerald R. Ford,1977.0,,,,,,
prime-ministers-speech-french-national-assembly-1,286,prime-ministers-speech-french-national-assembly.txt,1,"go translated article april 17, 2018 paris, france check delivery mr.",https://www.pm.gc.ca/en/news/speeches/2018/04/17/prime-ministers-speech-french-national-assembly,,2018.0,,,,,,
address-before-joint-session-the-congress-the-state-the-union-25-76,30,address-before-joint-session-the-congress-the-state-the-union-25.txt,76,"america also finally turned page decade unfair trade deal sacrificed prosperity shipped away companies, jobs, wealth.",https://www.presidency.ucsb.edu/documents/address-before-joint-session-the-congress-the-state-the-union-25,Donald J. Trump (1st Term),2018.0,,,,,,
education-secretary-speech-at-global-ai-safety-summit-42,118,education-secretary-speech-at-global-ai-safety-summit.txt,42,don’t want child kept apps screen longer necessary education.,https://www.gov.uk/government/speeches/education-secretary-speech-at-global-ai-safety-summit,The Rt Hon Bridget Phillipson MP,,,,,,,
asia-house-outlook-2026-keynote-speech-18,90,asia-house-outlook-2026-keynote-speech.txt,18,"use different partnership different challenges, working multilaterally, plurilaterally, bilaterally, reflecting modern, pragmatic foreign policy grounded progressive values.",https://www.gov.uk/government/speeches/asia-house-outlook-2026-keynote-speech,Seema Malhotra MP,,,,,,,
annual-message-the-congress-the-state-the-union-19-122,68,annual-message-the-congress-the-state-the-union-19.txt,122,"eighth, mean increasing supply doctors, nurses, trained medical personnel critically needed defense effort.",https://www.presidency.ucsb.edu/documents/annual-message-the-congress-the-state-the-union-19,Harry S Truman,1951.0,,,,,,
annual-message-the-congress-the-state-the-union-15-188,65,annual-message-the-congress-the-state-the-union-15.txt,188,policy toward soviet union guided principle determine policy toward nations.,https://www.presidency.ucsb.edu/documents/annual-message-the-congress-the-state-the-union-15,Harry S Truman,1947.0,,,,,,
annual-message-the-congress-32,84,annual-message-the-congress.txt,32,"is, course, true record past century includes destruction many small nations, enslavement peoples, building empire foundation force.",https://www.presidency.ucsb.edu/documents/annual-message-the-congress,Franklin D. Roosevelt,1940.0,,,,,,
prime-minister-justin-trudeau-delivers-speech-pricing-carbon-pollution-20,223,prime-minister-justin-trudeau-delivers-speech-pricing-carbon-pollution.txt,20,"next two months, government work closely provinces, territory aboriginal organization finalize plan.",https://www.pm.gc.ca/en/news/speeches/2016/10/03/prime-minister-justin-trudeau-delivers-speech-pricing-carbon-pollution,,2016.0,,,,,,
prime-ministers-remarks-health-care-supplies-and-equipment-22,255,prime-ministers-remarks-health-care-supplies-and-equipment.txt,22,"mobilizing industry, produce right canada item healthcare professional need protect themselves, treat patient covid-19 slow spread virus.",https://www.pm.gc.ca/en/news/speeches/2020/03/31/prime-ministers-remarks-health-care-supplies-and-equipment,,1969.0,,,,,,
annual-message-the-congress-the-state-the-union-2-46,69,annual-message-the-congress-the-state-the-union-2.txt,46,"point intend detailed listing proposed propose, would like mention three area urgent priority demand move move now: first, cannot delay longer accomplishing total reform welfare system.",https://www.presidency.ucsb.edu/documents/annual-message-the-congress-the-state-the-union-2,Richard Nixon,1970.0,,,,,,
address-before-joint-session-the-congress-the-state-the-union-27-195,32,address-before-joint-session-the-congress-the-state-the-union-27.txt,195,"last week, announced groundbreaking plan peace israel palestinians.",https://www.presidency.ucsb.edu/documents/address-before-joint-session-the-congress-the-state-the-union-27,Donald J. Trump (1st Term),2020.0,,,,,,
prime-ministers-remarks-canada-china-business-council-during-official-25,245,prime-ministers-remarks-canada-china-business-council-during-official.txt,25,that's important clear people stronger relationship mean respective economies.,https://www.pm.gc.ca/en/news/speeches/2016/09/01/prime-ministers-remarks-canada-china-business-council-during-official,,2016.0,,,,,,
fifth-annual-address-congress-45,124,fifth-annual-address-congress.txt,45,"resource firm government united state affection people, guided enlightened policy; primary good nothing conduce faithful representation public proceedings, diffused without restraint throughout united states.",https://www.presidency.ucsb.edu/documents/fifth-annual-address-congress,George Washington,,,,,,,
annual-message-congress-the-state-the-union-four-freedoms-speech-61,58,annual-message-congress-the-state-the-union-four-freedoms-speech.txt,61,new circumstance constantly begetting new need safety.,https://www.presidency.ucsb.edu/documents/annual-message-congress-the-state-the-union-four-freedoms-speech,Franklin D. Roosevelt,1941.0,,,,,,
prime-ministers-remarks-munich-security-conference-10,260,prime-ministers-remarks-munich-security-conference.txt,10,feel drawn populist movement prey fear preach isolation.,https://www.pm.gc.ca/en/news/speeches/2020/02/14/prime-ministers-remarks-munich-security-conference,,2020.0,,,,,,
sir-martyn-olivers-speech-at-the-sixth-form-colleges-association-60,328,sir-martyn-olivers-speech-at-the-sixth-form-colleges-association.txt,60,"support learner retake gcse mathematics english courses, knowledge need future, matter store them.",https://www.gov.uk/government/speeches/sir-martyn-olivers-speech-at-the-sixth-form-colleges-association,Sir Martyn Oliver,,,,,,,
address-before-joint-session-the-congress-reporting-the-state-the-union-1-10,9,address-before-joint-session-the-congress-reporting-the-state-the-union-1.txt,10,"yet, president truman said january 5, 1949, even true 1975.",https://www.presidency.ucsb.edu/documents/address-before-joint-session-the-congress-reporting-the-state-the-union-1,Gerald R. Ford,1975.0,,,,,,
h-res-755-articles-impeachment-against-donald-john-trump-35,141,h-res-755-articles-impeachment-against-donald-john-trump.txt,35,"wherefore, president trump, conduct, demonstrated remain threat constitution allowed remain office, acted manner grossly incompatible self-governance rule law.",https://www.presidency.ucsb.edu/documents/h-res-755-articles-impeachment-against-donald-john-trump,U.S. Congress,2019.0,,,,,,
the-state-the-union-address-delivered-before-joint-session-the-congress-0-48,347,the-state-the-union-address-delivered-before-joint-session-the-congress-0.txt,48,"cannot afford create program neither manage finance, waste natural resources, cannot tolerate mismanagement fraud.",https://www.presidency.ucsb.edu/documents/the-state-the-union-address-delivered-before-joint-session-the-congress-0,Jimmy Carter,1979.0,,,,,,
address-before-joint-session-the-congress-the-state-the-union-30-38,36,address-before-joint-session-the-congress-the-state-the-union-30.txt,38,"president, predecessor, failed basic presidential duty owes american people: duty care.",https://www.presidency.ucsb.edu/documents/address-before-joint-session-the-congress-the-state-the-union-30,"Joseph R. Biden, Jr.",2024.0,,,,,,
annual-message-the-congress-the-state-the-union-27-61,74,annual-message-the-congress-the-state-the-union-27.txt,61,"urban area must help rebuild entire section neighborhood containing, cases, many 100,000 people.",https://www.presidency.ucsb.edu/documents/annual-message-the-congress-the-state-the-union-27,Lyndon B. Johnson,1966.0,,,,,,
address-before-joint-session-the-congress-the-state-the-union-7-231,40,address-before-joint-session-the-congress-the-state-the-union-7.txt,231,"american people watching u home, help commentators, tell, stand sits clap doesn't, there's still modest difference opinion room.",https://www.presidency.ucsb.edu/documents/address-before-joint-session-the-congress-the-state-the-union-7,William J. Clinton,2000.0,,,,,,
address-before-joint-session-the-congress-the-state-the-union-2-18,24,address-before-joint-session-the-congress-the-state-the-union-2.txt,18,"nation enduring dream every immigrant ever set foot shores, million still struggling free.",https://www.presidency.ucsb.edu/documents/address-before-joint-session-the-congress-the-state-the-union-2,George Bush,1990.0,,,,,,
address-before-joint-session-the-congress-the-state-the-union-19-17,23,address-before-joint-session-the-congress-the-state-the-union-19.txt,17,that's recovered worst economic crisis generations.,https://www.presidency.ucsb.edu/documents/address-before-joint-session-the-congress-the-state-the-union-19,Barack Obama,2016.0,,,,,,
minister-lloyd-speech-at-techuk-future-telecoms-conference-2026-34,181,minister-lloyd-speech-at-techuk-future-telecoms-conference-2026.txt,34,"looking whether targeted change needed ensure rule support innovation investment world rapidly growing traffic, new technology complex digital ecosystem, whilst maintaining principle open internet.",https://www.gov.uk/government/speeches/minister-lloyd-speech-at-techuk-future-telecoms-conference-2026,Baroness Lloyd of Effra CBE,,,,,,,
address-before-joint-session-the-congress-the-state-the-union-17-45,21,address-before-joint-session-the-congress-the-state-the-union-17.txt,45,"start new job do, small businesses, company begin entrepreneur take chance dream worker decides time became boss.",https://www.presidency.ucsb.edu/documents/address-before-joint-session-the-congress-the-state-the-union-17,Barack Obama,2010.0,,,,,,
annual-message-the-congress-the-state-the-union-6-177,81,annual-message-the-congress-the-state-the-union-6.txt,177,"designed stimulate classroom construction, substitution federal dollar state local funds, incentive extend encourage state local efforts.",https://www.presidency.ucsb.edu/documents/annual-message-the-congress-the-state-the-union-6,Dwight D. Eisenhower,1960.0,,,,,,
annual-message-the-congress-the-state-the-union-1-100,60,annual-message-the-congress-the-state-the-union-1.txt,100,"rather scattering responsibility adding new level bureaucracy, would focus concentrate responsibility getting problem solved.",https://www.presidency.ucsb.edu/documents/annual-message-the-congress-the-state-the-union-1,Richard Nixon,1971.0,,,,,,
address-before-joint-session-the-congress-the-state-the-union-11-171,15,address-before-joint-session-the-congress-the-state-the-union-11.txt,171,"member congress less month, end week, 28 day new year, every member congress earned much congressional salary minimum wage worker make year long.",https://www.presidency.ucsb.edu/documents/address-before-joint-session-the-congress-the-state-the-union-11,William J. Clinton,1995.0,,,,,,
annual-message-the-congress-the-state-the-union-3-40,77,annual-message-the-congress-the-state-the-union-3.txt,40,"requires reduction postponement many desirable programs, absorption large part last year's federal pay raise personnel economies, termination certain installation projects, substitution several program private public credit.",https://www.presidency.ucsb.edu/documents/annual-message-the-congress-the-state-the-union-3,John F. Kennedy,1963.0,,,,,,
annual-message-the-congress-the-state-the-union-3-22,77,annual-message-the-congress-the-state-the-union-3.txt,22,"invite recurrent recessions, depresses federal revenues, cause chronic budget deficits.",https://www.presidency.ucsb.edu/documents/annual-message-the-congress-the-state-the-union-3,John F. Kennedy,1963.0,,,,,,
sixth-annual-message-6-9,330,sixth-annual-message-6.txt,9,"profited greatly experience nation already engaged nearly three year exigent exacting business, every resource every executive proficiency taxed utmost.",https://www.presidency.ucsb.edu/documents/sixth-annual-message-6,Woodrow Wilson,1918.0,,,,,,
address-before-joint-session-the-congress-the-state-the-union-84,43,address-before-joint-session-the-congress-the-state-the-union.txt,84,life citizen across nation affected outcome case pending federal courts.,https://www.presidency.ucsb.edu/documents/address-before-joint-session-the-congress-the-state-the-union,George W. Bush,2007.0,,,,,,
address-before-joint-session-the-congress-the-state-the-union-5-115,38,address-before-joint-session-the-congress-the-state-the-union-5.txt,115,urge house follow senate enact proposal permitting use reliable evidence police officer acquire good faith.,https://www.presidency.ucsb.edu/documents/address-before-joint-session-the-congress-the-state-the-union-5,Ronald Reagan,1985.0,,,,,,
address-before-joint-session-the-congress-the-state-the-union-9-3,42,address-before-joint-session-the-congress-the-state-the-union-9.txt,3,"crime welfare roll declining, winning back optimism, enduring faith master difficulty.",https://www.presidency.ucsb.edu/documents/address-before-joint-session-the-congress-the-state-the-union-9,William J. Clinton,1997.0,,,,,,
address-before-joint-session-congress-the-state-the-union-1-68,3,address-before-joint-session-congress-the-state-the-union-1.txt,68,"send congress broad recommendation budget, first like see yours.",https://www.presidency.ucsb.edu/documents/address-before-joint-session-congress-the-state-the-union-1,Ronald Reagan,1987.0,,,,,,
sir-martyn-olivers-speech-at-the-sixth-form-colleges-association-36,328,sir-martyn-olivers-speech-at-the-sixth-form-colleges-association.txt,36,"‘exceptional’ brilliant standard inclusion sustained time, achieved single snapshot, learner – especially disadvantaged – highly positive outcome experiences.",https://www.gov.uk/government/speeches/sir-martyn-olivers-speech-at-the-sixth-form-colleges-association,Sir Martyn Oliver,,,,,,,
prime-ministers-remarks-incoming-supplies-and-coordinated-efforts-fight-6,257,prime-ministers-remarks-incoming-supplies-and-coordinated-efforts-fight.txt,6,we’re going talk continue working together keep people safe supported.,https://www.pm.gc.ca/en/news/speeches/2020/04/02/prime-ministers-remarks-incoming-supplies-and-coordinated-efforts-fight,,2020.0,,,,,,
statement-apology-behalf-government-canada-passengers-ms-st-louis-74,337,statement-apology-behalf-government-canada-passengers-ms-st-louis.txt,74,"jewish men woman took part social struggle fairness, justice, human rights.",https://www.pm.gc.ca/en/news/speeches/2018/11/07/statement-apology-behalf-government-canada-passengers-ms-st-louis,,2018.0,,,,,,
address-before-joint-session-the-congress-the-state-the-union-20-79,25,address-before-joint-session-the-congress-the-state-the-union-20.txt,79,"whoever are, plan chance graduate ready new economy without load debt.",https://www.presidency.ucsb.edu/documents/address-before-joint-session-the-congress-the-state-the-union-20,Barack Obama,2015.0,,,,,,
first-annual-message-20-44,130,first-annual-message-20.txt,44,financial stability first requisite sound government.,https://www.presidency.ucsb.edu/documents/first-annual-message-20,Calvin Coolidge,1923.0,,,,,,
pm-speech-during-the-munich-security-conference-14-february-14,209,pm-speech-during-the-munich-security-conference-14-february.txt,14,"know dangerous world, would take control turning in.",https://www.gov.uk/government/speeches/pm-speech-during-the-munich-security-conference-14-february,The Rt Hon Sir Keir Starmer KCB KC MP,,,,,,,
annual-message-the-congress-the-state-the-union-6-33,81,annual-message-the-congress-the-state-the-union-6.txt,33,united state always ready participate soviet union serious discussion subject may lead peace justice.,https://www.presidency.ucsb.edu/documents/annual-message-the-congress-the-state-the-union-6,Dwight D. Eisenhower,1960.0,,,,,,
address-before-joint-session-the-congress-the-state-the-union-2-4,24,address-before-joint-session-the-congress-the-state-the-union-2.txt,4,"singular moment history, date divide go come after.",https://www.presidency.ucsb.edu/documents/address-before-joint-session-the-congress-the-state-the-union-2,George Bush,1990.0,,,,,,
annual-message-the-congress-the-state-the-union-20-140,70,annual-message-the-congress-the-state-the-union-20.txt,140,important resource legislation passed session includes authorization st.,https://www.presidency.ucsb.edu/documents/annual-message-the-congress-the-state-the-union-20,Harry S Truman,1950.0,,,,,,
address-prime-minister-justin-trudeau-european-parliament-15,47,address-prime-minister-justin-trudeau-european-parliament.txt,15,"i’d like thank canada’s current ambassador eu, dan costello, excellent service country.",https://www.pm.gc.ca/en/news/speeches/2017/02/16/address-prime-minister-justin-trudeau-european-parliament,,2017.0,,,,,,
prime-ministers-remarks-announcing-covid-19-economic-response-plan-60,241,prime-ministers-remarks-announcing-covid-19-economic-response-plan.txt,60,"whether we’re talking economic, travel health measures, collaboration coordination remains essential.",https://www.pm.gc.ca/en/news/speeches/2020/03/18/prime-ministers-remarks-announcing-covid-19-economic-response-plan,,1969.0,,,,,,
address-the-state-the-union-delivered-before-joint-session-the-congress-138,50,address-the-state-the-union-delivered-before-joint-session-the-congress.txt,138,"period in, world--and say one seen much world, past 5 year going back many years--we period present juncture historic force unique century.",https://www.presidency.ucsb.edu/documents/address-the-state-the-union-delivered-before-joint-session-the-congress,Richard Nixon,1974.0,,,,,,
address-before-joint-session-the-congress-the-state-the-union-11-251,15,address-before-joint-session-the-congress-the-state-the-union-11.txt,251,cindy perry teach second grader read americorps rural kentucky.,https://www.presidency.ucsb.edu/documents/address-before-joint-session-the-congress-the-state-the-union-11,William J. Clinton,1995.0,,,,,,
inaugural-address-53-64,162,inaugural-address-53.txt,64,"story decency dignity, love healing, greatness goodness.",https://www.presidency.ucsb.edu/documents/inaugural-address-53,"Joseph R. Biden, Jr.",2021.0,,,,,,
address-before-joint-session-the-congress-the-state-the-union-9-117,42,address-before-joint-session-the-congress-the-state-the-union-9.txt,117,"finally, must also protect child standing firm determination ban advertising marketing cigarette endanger lives.",https://www.presidency.ucsb.edu/documents/address-before-joint-session-the-congress-the-state-the-union-9,William J. Clinton,1997.0,,,,,,
pm-speech-house-commons-new-zealand-mosque-shootings-63,210,pm-speech-house-commons-new-zealand-mosque-shootings.txt,63,"i’m calling politician stripe follow example set good people serve, right thing.",https://www.pm.gc.ca/en/news/speeches/2019/03/19/pm-speech-house-commons-new-zealand-mosque-shootings,,2019.0,,,,,,
annual-message-the-congress-the-state-the-union-14-12,64,annual-message-the-congress-the-state-the-union-14.txt,12,"side heartening evidence great energy--of capacity economic development-and even important, capacity spiritual growth.",https://www.presidency.ucsb.edu/documents/annual-message-the-congress-the-state-the-union-14,Harry S Truman,1948.0,,,,,,
fifth-annual-address-congress-44,124,fifth-annual-address-congress.txt,44,forbear recommend repeal tax transportation public prints.,https://www.presidency.ucsb.edu/documents/fifth-annual-address-congress,George Washington,,,,,,,
annual-message-the-congress-the-state-the-union-9-35,83,annual-message-the-congress-the-state-the-union-9.txt,35,national interest must take precedence temporary advantage may secured particular group expense people.,https://www.presidency.ucsb.edu/documents/annual-message-the-congress-the-state-the-union-9,Dwight D. Eisenhower,1957.0,,,,,,
address-before-joint-session-the-congress-the-state-the-union-24-159,29,address-before-joint-session-the-congress-the-state-the-union-24.txt,159,one worst decision child make gamble life future drugs.,https://www.presidency.ucsb.edu/documents/address-before-joint-session-the-congress-the-state-the-union-24,George W. Bush,2004.0,,,,,,
address-before-joint-session-the-congress-the-state-the-union-19-82,23,address-before-joint-session-the-congress-the-state-the-union-19.txt,82,"last month, worked congress give scientist national institute health strongest resource decade.",https://www.presidency.ucsb.edu/documents/address-before-joint-session-the-congress-the-state-the-union-19,Barack Obama,2016.0,,,,,,
address-before-joint-session-the-congress-the-state-the-union-26-119,31,address-before-joint-session-the-congress-the-state-the-union-26.txt,119,"years, politician promised would renegotiate better deal, one ever tried, now.",https://www.presidency.ucsb.edu/documents/address-before-joint-session-the-congress-the-state-the-union-26,Donald J. Trump (1st Term),2019.0,,,,,,
address-before-joint-session-the-congress-the-state-the-union-12-27,16,address-before-joint-session-the-congress-the-state-the-union-12.txt,27,there's still much violence enough hope many places.,https://www.presidency.ucsb.edu/documents/address-before-joint-session-the-congress-the-state-the-union-12,William J. Clinton,1994.0,,,,,,
address-before-joint-session-the-congress-the-state-the-union-6-144,39,address-before-joint-session-the-congress-the-state-the-union-6.txt,144,also ask support creating freer fairer trading system 21st century america.,https://www.presidency.ucsb.edu/documents/address-before-joint-session-the-congress-the-state-the-union-6,William J. Clinton,1999.0,,,,,,
address-before-joint-session-the-congress-the-state-the-union-25-205,30,address-before-joint-session-the-congress-the-state-the-union-25.txt,205,capitol—this living monument—this monument american people.,https://www.presidency.ucsb.edu/documents/address-before-joint-session-the-congress-the-state-the-union-25,Donald J. Trump (1st Term),2018.0,,,,,,
prime-ministers-remarks-support-indigenous-businesses-8,268,prime-ministers-remarks-support-indigenous-businesses.txt,8,"later today, may see new ad people know, like hayley wickenheiser, chris hadfield, dr.",https://www.pm.gc.ca/en/news/speeches/2020/04/18/prime-ministers-remarks-support-indigenous-businesses,,2020.0,,,,,,
address-the-state-the-union-delivered-before-joint-session-the-congress-0-92,49,address-the-state-the-union-delivered-before-joint-session-the-congress-0.txt,92,"believe system law, justice, order basis genuinely free society.",https://www.presidency.ucsb.edu/documents/address-the-state-the-union-delivered-before-joint-session-the-congress-0,Richard Nixon,1972.0,,,,,,
speech-prime-minister-justin-trudeau-ronald-reagan-presidential-library-29,333,speech-prime-minister-justin-trudeau-ronald-reagan-presidential-library.txt,29,"*** today canada, wide agreement north american free trade agreement, certainly need update, good middle-class folk countries.",https://www.pm.gc.ca/en/news/speeches/2018/02/09/speech-prime-minister-justin-trudeau-ronald-reagan-presidential-library,,2018.0,,,,,,
address-before-joint-session-the-congress-the-state-the-union-50,43,address-before-joint-session-the-congress-the-state-the-union.txt,50,second proposal help state coming innovative way cover uninsured.,https://www.presidency.ucsb.edu/documents/address-before-joint-session-the-congress-the-state-the-union,George W. Bush,2007.0,,,,,,
the-state-the-union-address-delivered-before-joint-session-the-congress-1-88,348,the-state-the-union-address-delivered-before-joint-session-the-congress-1.txt,88,determined protect american industry american worker foreign trade practice unfair illegal.,https://www.presidency.ucsb.edu/documents/the-state-the-union-address-delivered-before-joint-session-the-congress-1,Jimmy Carter,1978.0,,,,,,
address-before-joint-session-the-congress-the-state-the-union-11-244,15,address-before-joint-session-the-congress-the-state-the-union-11.txt,244,"know hard working harder less, great stress, things.",https://www.presidency.ucsb.edu/documents/address-before-joint-session-the-congress-the-state-the-union-11,William J. Clinton,1995.0,,,,,,
address-before-joint-session-the-congress-the-state-the-union-24-150,29,address-before-joint-session-the-congress-the-state-the-union-24.txt,150,"protect doctor-patient relationship keep good doctor good work, must eliminate wasteful frivolous medical lawsuits.",https://www.presidency.ucsb.edu/documents/address-before-joint-session-the-congress-the-state-the-union-24,George W. Bush,2004.0,,,,,,
inaugural-address-54-72,163,inaugural-address-54.txt,72,"pursue manifest destiny stars, launching american astronaut plant star stripe planet mars.",https://www.presidency.ucsb.edu/documents/inaugural-address-54,Donald J. Trump (2nd Term),2025.0,,,,,,
address-before-joint-session-the-congress-president-volodymyr-zelenskyy-ukraine-8,7,address-before-joint-session-the-congress-president-volodymyr-zelenskyy-ukraine.txt,8,"threw tank plane freedom, right live freely country, choosing future desire happiness, national dreams, like dream have, americans, like anyone else united states.",https://www.presidency.ucsb.edu/documents/address-before-joint-session-the-congress-president-volodymyr-zelenskyy-ukraine,U.S. Congress,2022.0,,,,,,
prime-ministers-remarks-support-businesses-and-students-affected-covid-19-41,267,prime-ministers-remarks-support-businesses-and-students-affected-covid-19.txt,41,also asking mp across country reach business organization providing critical service community look student help critical time.,https://www.pm.gc.ca/en/news/speeches/2020/04/08/prime-ministers-remarks-support-businesses-and-students-affected-covid-19,,2020.0,,,,,,
address-before-joint-session-the-congress-the-state-the-union-28-173,33,address-before-joint-session-the-congress-the-state-the-union-28.txt,173,time america get back work fill great downtown people.,https://www.presidency.ucsb.edu/documents/address-before-joint-session-the-congress-the-state-the-union-28,"Joseph R. Biden, Jr.",2022.0,,,,,,
address-before-joint-session-the-congress-reporting-the-state-the-union-0-121,8,address-before-joint-session-the-congress-reporting-the-state-the-union-0.txt,121,"commend new administration congress recent report recommendation department justice, undertaken request, ""the need federal courts."" especially endorse proposal new commission judicial appointment process.",https://www.presidency.ucsb.edu/documents/address-before-joint-session-the-congress-reporting-the-state-the-union-0,Gerald R. Ford,1977.0,,,,,,
address-before-joint-session-the-congress-the-state-the-union-26-107,31,address-before-joint-session-the-congress-the-state-the-union-26.txt,107,[ laughter ] american proud woman workforce ever before.,https://www.presidency.ucsb.edu/documents/address-before-joint-session-the-congress-the-state-the-union-26,Donald J. Trump (1st Term),2019.0,,,,,,
defence-secretary-statement-on-us-interception-of-bella-1-and-coalition-of-the-willing-meeting-62,104,defence-secretary-statement-on-us-interception-of-bella-1-and-coalition-of-the-willing-meeting.txt,62,committed keeping britain secure home strong abroad.,https://www.gov.uk/government/speeches/defence-secretary-statement-on-us-interception-of-bella-1-and-coalition-of-the-willing-meeting,The Rt Hon John Healey MP,,,,,,,
prime-minister-justin-trudeaus-address-72th-session-united-nations-general-47,227,prime-minister-justin-trudeaus-address-72th-session-united-nations-general.txt,47,"short, working hard, partnership order government, lndigenous leader canada, correct past injustice bring better quality life indigenous people canada.",https://www.pm.gc.ca/en/news/speeches/2017/09/21/prime-minister-justin-trudeaus-address-72th-session-united-nations-general,,2017.0,,,,,,
address-before-joint-session-the-congress-the-state-the-union-15-168,19,address-before-joint-session-the-congress-the-state-the-union-15.txt,168,republican friend tom coburn right: washington stop subsidizing millionaires.,https://www.presidency.ucsb.edu/documents/address-before-joint-session-the-congress-the-state-the-union-15,Barack Obama,2012.0,,,,,,
address-before-joint-session-the-congress-the-state-the-union-17-41,21,address-before-joint-session-the-congress-the-state-the-union-17.txt,41,"realize every success story, stories, men woman wake anguish knowing next paycheck come from, send resume week week hear nothing response.",https://www.presidency.ucsb.edu/documents/address-before-joint-session-the-congress-the-state-the-union-17,Barack Obama,2010.0,,,,,,
consumer-protection-under-the-dmcca-progress-and-priorities-1,100,consumer-protection-under-the-dmcca-progress-and-priorities.txt,1,"10 month ago, april 2025, something fundamental changed protect consumer uk.",https://www.gov.uk/government/speeches/consumer-protection-under-the-dmcca-progress-and-priorities,,,,,,,,
prime-ministers-speech-house-commons-canadas-response-covid-19-pandemic-23,288,prime-ministers-speech-house-commons-canadas-response-covid-19-pandemic.txt,23,"even take every necessary precaution, situation could get worse get better.",https://www.pm.gc.ca/en/news/speeches/2020/04/11/prime-ministers-speech-house-commons-canadas-response-covid-19-pandemic,,2020.0,,,,,,
address-the-state-the-union-delivered-before-joint-session-the-congress-0-106,49,address-the-state-the-union-delivered-before-joint-session-the-congress-0.txt,106,"side growing sensitivity persistence want midst plenty, impatience slowness age-old ill overcome.",https://www.presidency.ucsb.edu/documents/address-the-state-the-union-delivered-before-joint-session-the-congress-0,Richard Nixon,1972.0,,,,,,
articles-impeachment-adopted-the-house-representatives-committee-the-judiciary-13,88,articles-impeachment-adopted-the-house-representatives-committee-the-judiciary.txt,13,"has, acting personally subordinate agents, violation disregard constitutional right citizens, authorized permitted maintained secret investigative unit within office president, financed part money derived campaign contributions, unlawfully utilized resource central intelligence agency, engaged covert unlawful activities, attempted prejudice constitutional right accused fair trial.",https://www.presidency.ucsb.edu/documents/articles-impeachment-adopted-the-house-representatives-committee-the-judiciary,U.S. Congress,1974.0,,,,,,
wto-general-council-december-2025-uk-statement-24,368,wto-general-council-december-2025-uk-statement.txt,24,"practice uk mean ensuring ifda mc14 agenda, ministerial facilitator appointed separate, dedicated ifda event conference programme.",https://www.gov.uk/government/speeches/wto-general-council-december-2025-uk-statement,Kumar Iyer CMG,,,,,,,
minister-lloyd-speech-on-software-security-and-cyber-resilience-43,182,minister-lloyd-speech-on-software-security-and-cyber-resilience.txt,43,"now, hope use position industry leaders, first adopters, spark change sector widely.",https://www.gov.uk/government/speeches/minister-lloyd-speech-on-software-security-and-cyber-resilience,Baroness Lloyd of Effra CBE,,,,,,,
annual-message-congress-69,59,annual-message-congress.txt,69,"instance, u want better provision older people social security legislation.",https://www.presidency.ucsb.edu/documents/annual-message-congress,Franklin D. Roosevelt,1939.0,,,,,,
address-before-joint-session-the-congress-the-state-the-union-13-65,17,address-before-joint-session-the-congress-the-state-the-union-13.txt,65,"democracy middle east look like own, reflect tradition citizens.",https://www.presidency.ucsb.edu/documents/address-before-joint-session-the-congress-the-state-the-union-13,George W. Bush,2006.0,,,,,,
the-state-the-union-address-delivered-before-joint-session-the-congress-1-60,348,the-state-the-union-address-delivered-before-joint-session-the-congress-1.txt,60,major step right direction would early passage greatly improved humphrey-hawkins bill.,https://www.presidency.ucsb.edu/documents/the-state-the-union-address-delivered-before-joint-session-the-congress-1,Jimmy Carter,1978.0,,,,,,
annual-message-the-congress-the-state-the-union-16-44,66,annual-message-the-congress-the-state-the-union-16.txt,44,"fourth: receiving rest world, equitable exchange supply, greater amount important raw material possess adequate quantities.",https://www.presidency.ucsb.edu/documents/annual-message-the-congress-the-state-the-union-16,Dwight D. Eisenhower,1953.0,,,,,,
address-before-joint-session-the-congress-the-state-the-union-3-143,35,address-before-joint-session-the-congress-the-state-the-union-3.txt,143,"progress able report tonight will, know, warmly welcomed rest world american people.",https://www.presidency.ucsb.edu/documents/address-before-joint-session-the-congress-the-state-the-union-3,Ronald Reagan,1983.0,,,,,,
annual-message-the-congress-the-state-the-union-28-223,75,annual-message-the-congress-the-state-the-union-28.txt,223,asian engaged tonight regional effort dozen new directions.,https://www.presidency.ucsb.edu/documents/annual-message-the-congress-the-state-the-union-28,Lyndon B. Johnson,1967.0,,,,,,
prime-minister-justin-trudeau-announces-oceans-protection-plan-7,221,prime-minister-justin-trudeau-announces-oceans-protection-plan.txt,7,"let start saying it’s great hmcs discovery, it’s real pleasure back beautiful british columbia.",https://www.pm.gc.ca/en/news/speeches/2016/11/07/prime-minister-justin-trudeau-announces-oceans-protection-plan,,2016.0,,,,,,
address-before-joint-session-the-congress-the-state-the-union-8-10,41,address-before-joint-session-the-congress-the-state-the-union-8.txt,10,"quietly, gathering force, ground shifted beneath foot moved information age, global economy, truly new world.",https://www.presidency.ucsb.edu/documents/address-before-joint-session-the-congress-the-state-the-union-8,William J. Clinton,1998.0,,,,,,
third-annual-address-congress-15,353,third-annual-address-congress.txt,15,"character gentleman sure pledge country nothing incompatible honor interest, nothing inconsistent obligation good faith friendship nation, stipulated.",https://www.presidency.ucsb.edu/documents/third-annual-address-congress,John Adams,,,,,,,
prime-ministers-remarks-announcing-additional-support-small-and-medium-16,238,prime-ministers-remarks-announcing-additional-support-small-and-medium.txt,16,"so, help bridge better times, launching canada emergency business account.",https://www.pm.gc.ca/en/news/speeches/2020/03/27/prime-ministers-remarks-announcing-additional-support-small-and-medium,,2020.0,,,,,,
annual-message-congress-3-67,56,annual-message-congress-3.txt,67,"local responsibility resumed, for, all, common sense tell u wealth necessary task existed still exists local community, dictate sound administration require responsibility first instance local one.",https://www.presidency.ucsb.edu/documents/annual-message-congress-3,Franklin D. Roosevelt,1935.0,,,,,,
address-before-joint-session-the-congress-the-state-the-union-18-94,22,address-before-joint-session-the-congress-the-state-the-union-18.txt,94,"call congress pas legislation ban unethical practices, buying, selling, patenting, cloning human life.",https://www.presidency.ucsb.edu/documents/address-before-joint-session-the-congress-the-state-the-union-18,George W. Bush,2008.0,,,,,,
the-state-the-union-address-delivered-before-joint-session-the-congress-86,349,the-state-the-union-address-delivered-before-joint-session-the-congress.txt,86,crisis iran afghanistan dramatized important lesson: excessive dependence foreign oil clear present danger nation's security.,https://www.presidency.ucsb.edu/documents/the-state-the-union-address-delivered-before-joint-session-the-congress,Jimmy Carter,1980.0,,,,,,
address-before-joint-session-the-congress-the-state-the-union-17-37,21,address-before-joint-session-the-congress-the-state-the-union-17.txt,37,talk small business phoenix triple workforce recovery act.,https://www.presidency.ucsb.edu/documents/address-before-joint-session-the-congress-the-state-the-union-17,Barack Obama,2010.0,,,,,,
annual-message-the-congress-the-state-the-union-3-129,77,annual-message-the-congress-the-state-the-union-3.txt,129,"year number 9,000--men women, aged 18 79, willing give 2 year life helping people lands.",https://www.presidency.ucsb.edu/documents/annual-message-the-congress-the-state-the-union-3,John F. Kennedy,1963.0,,,,,,
address-before-joint-session-the-congress-the-state-the-union-26-192,31,address-before-joint-session-the-congress-the-state-the-union-26.txt,192,"judah narrowly escape death last fall, seven decade ago, narrowly survived nazi concentration camps.",https://www.presidency.ucsb.edu/documents/address-before-joint-session-the-congress-the-state-the-union-26,Donald J. Trump (1st Term),2019.0,,,,,,
address-before-joint-session-the-congress-the-state-the-union-13-42,17,address-before-joint-session-the-congress-the-state-the-union-13.txt,42,"less 3 years, nation gone dictatorship liberation, sovereignty, constitution, national elections.",https://www.presidency.ucsb.edu/documents/address-before-joint-session-the-congress-the-state-the-union-13,George W. Bush,2006.0,,,,,,
inaugural-address-1-42,149,inaugural-address-1.txt,42,"cannot expect make everyone friend, try make one enemy.",https://www.presidency.ucsb.edu/documents/inaugural-address-1,Richard Nixon,1969.0,,,,,,
inaugural-address-4-9,158,inaugural-address-4.txt,9,"fitting, therefore, take occasion proclaim world essential principle faith live, declare aim peoples.",https://www.presidency.ucsb.edu/documents/inaugural-address-4,Harry S Truman,1949.0,,,,,,
annual-message-the-congress-the-state-the-union-10-7,61,annual-message-the-congress-the-state-the-union-10.txt,7,two task confronting u far outweigh shall devote year's message entirely them.,https://www.presidency.ucsb.edu/documents/annual-message-the-congress-the-state-the-union-10,Dwight D. Eisenhower,1958.0,,,,,,
address-prime-minister-justin-trudeau-st-matthews-day-banquet-hamburg-6,48,address-prime-minister-justin-trudeau-st-matthews-day-banquet-hamburg.txt,6,"course, banquet’s repution precedes itself, much great meal mangnificent room.",https://www.pm.gc.ca/en/news/speeches/2017/02/17/address-prime-minister-justin-trudeau-st-matthews-day-banquet-hamburg,,2017.0,,,,,,
address-before-joint-session-the-congress-president-volodymyr-zelenskyy-ukraine-27,7,address-before-joint-session-the-congress-president-volodymyr-zelenskyy-ukraine.txt,27,"propose united state sanction politician russian federation remain office cut tie responsible aggression ukraine, state duma member last official lack moral break state terror.",https://www.presidency.ucsb.edu/documents/address-before-joint-session-the-congress-president-volodymyr-zelenskyy-ukraine,U.S. Congress,2022.0,,,,,,
the-state-the-union-address-delivered-before-joint-session-the-congress-92,349,the-state-the-union-address-delivered-before-joint-session-the-congress.txt,92,last year reduced overall petroleum consumption 8 percent gasoline consumption 5 percent year before.,https://www.presidency.ucsb.edu/documents/the-state-the-union-address-delivered-before-joint-session-the-congress,Jimmy Carter,1980.0,,,,,,
annual-message-congress-3-59,56,annual-message-congress-3.txt,59,"willing vitality people sapped giving cash, market baskets, hour weekly work cutting grass, raking leaf picking .papers public parks.",https://www.presidency.ucsb.edu/documents/annual-message-congress-3,Franklin D. Roosevelt,1935.0,,,,,,
move-fast-fix-things-76,187,move-fast-fix-things.txt,76,"innovation fellow deployed tour duty lasting 6-18 months, working project-by-project basis.",https://www.gov.uk/government/speeches/move-fast-fix-things,The Rt Hon Darren Jones MP,,,,,,,
government-response-to-parliamentary-and-health-service-ombudsman-phso-report-5,138,government-response-to-parliamentary-and-health-service-ombudsman-phso-report.txt,5,it’s government – colour – responsibility ensure change state pension age properly communicated people plan retirement.,https://www.gov.uk/government/speeches/government-response-to-parliamentary-and-health-service-ombudsman-phso-report,The Rt Hon Liz Kendall MP,,,,,,,
annual-message-the-congress-the-state-the-union-21-110,71,annual-message-the-congress-the-state-the-union-21.txt,110,fulfillment promise among highest purpose government.,https://www.presidency.ucsb.edu/documents/annual-message-the-congress-the-state-the-union-21,Harry S Truman,1949.0,,,,,,
address-before-joint-session-the-congress-the-state-the-union-6-55,39,address-before-joint-session-the-congress-the-state-the-union-6.txt,55,"last fall, passed proposal start hiring 100,000 new teacher reduce class size early grades.",https://www.presidency.ucsb.edu/documents/address-before-joint-session-the-congress-the-state-the-union-6,William J. Clinton,1999.0,,,,,,
pm-speech-during-the-munich-security-conference-14-february-21,209,pm-speech-during-the-munich-security-conference-14-february.txt,21,"responding that, must disregard everything sustained u last 80 years.",https://www.gov.uk/government/speeches/pm-speech-during-the-munich-security-conference-14-february,The Rt Hon Sir Keir Starmer KCB KC MP,,,,,,,
annual-message-congress-1-81,54,annual-message-congress-1.txt,81,"ask court call non-existent power being, right expect conceded power legitimately implied shall made effective instrument common good.",https://www.presidency.ucsb.edu/documents/annual-message-congress-1,Franklin D. Roosevelt,1937.0,,,,,,
annual-message-the-congress-the-state-the-union-8-8,82,annual-message-the-congress-the-state-the-union-8.txt,8,also time man's power mass destruction reached fearful proportions.,https://www.presidency.ucsb.edu/documents/annual-message-the-congress-the-state-the-union-8,Dwight D. Eisenhower,1959.0,,,,,,
address-before-joint-session-the-congress-reporting-the-state-the-union-2-113,10,address-before-joint-session-the-congress-reporting-the-state-the-union-2.txt,113,"well, might true 20 year ago reform like reapportionment voting right act, 10-year extension strongly support.",https://www.presidency.ucsb.edu/documents/address-before-joint-session-the-congress-reporting-the-state-the-union-2,Ronald Reagan,1982.0,,,,,,
address-before-joint-session-the-congress-the-state-the-union-20-18,25,address-before-joint-session-the-congress-the-state-the-union-20.txt,18,rebekah took student loan enrolled community college retrained new career.,https://www.presidency.ucsb.edu/documents/address-before-joint-session-the-congress-the-state-the-union-20,Barack Obama,2015.0,,,,,,
address-before-joint-session-the-congress-the-state-the-union-6-20,39,address-before-joint-session-the-congress-the-state-the-union-6.txt,20,"best way keep social security rocksolid guarantee make drastic cut benefits, raise payroll tax rates, drain resource social security name saving it.",https://www.presidency.ucsb.edu/documents/address-before-joint-session-the-congress-the-state-the-union-6,William J. Clinton,1999.0,,,,,,
annual-message-the-congress-58,84,annual-message-the-congress.txt,58,hope agree trade cooperation rest world violate precept way.,https://www.presidency.ucsb.edu/documents/annual-message-the-congress,Franklin D. Roosevelt,1940.0,,,,,,
the-uk-urges-full-implementation-of-colombias-2016-peace-agreement-uk-statement-at-the-un-security-council-1,351,the-uk-urges-full-implementation-of-colombias-2016-peace-agreement-uk-statement-at-the-un-security-council.txt,1,would like thank special representative jenča briefing commend un mission continued effort support implementation 2016 peace agreement.,https://www.gov.uk/government/speeches/the-uk-urges-full-implementation-of-colombias-2016-peace-agreement-uk-statement-at-the-un-security-council,James Kariuki CMG,,,,,,,
inaugural-address-11-58,151,inaugural-address-11.txt,58,"maintain sufficient strength prevail need be, knowing best chance never use strength.",https://www.presidency.ucsb.edu/documents/inaugural-address-11,Ronald Reagan,1981.0,,,,,,
minister-lloyd-speech-at-techuk-future-telecoms-conference-2026-22,181,minister-lloyd-speech-at-techuk-future-telecoms-conference-2026.txt,22,"that’s want ensure develop 6g way strengthens, rather strains, financial health sector.",https://www.gov.uk/government/speeches/minister-lloyd-speech-at-techuk-future-telecoms-conference-2026,Baroness Lloyd of Effra CBE,,,,,,,
martyn-olivers-speech-at-the-livery-education-conference-2026-64,178,martyn-olivers-speech-at-the-livery-education-conference-2026.txt,64,"duty help realise potential, go shape collective futures.",https://www.gov.uk/government/speeches/martyn-olivers-speech-at-the-livery-education-conference-2026,Sir Martyn Oliver,,,,,,,
annual-message-the-congress-the-state-the-union-28-137,75,annual-message-the-congress-the-state-the-union-28.txt,137,responsibility discus debate them-to approve modify reject them.,https://www.presidency.ucsb.edu/documents/annual-message-the-congress-the-state-the-union-28,Lyndon B. Johnson,1967.0,,,,,,
address-before-joint-session-the-congress-the-state-the-union-21-72,26,address-before-joint-session-the-congress-the-state-the-union-21.txt,72,"shift cleaner energy economy happen overnight, require tough choice along way.",https://www.presidency.ucsb.edu/documents/address-before-joint-session-the-congress-the-state-the-union-21,Barack Obama,2014.0,,,,,,
excerpts-the-report-congressional-committees-investigating-the-iran-contra-affair-115,123,excerpts-the-report-congressional-committees-investigating-the-iran-contra-affair.txt,115,"time, president agreed ship part hawk missile condition american hostage lebanon released first.",https://www.presidency.ucsb.edu/documents/excerpts-the-report-congressional-committees-investigating-the-iran-contra-affair,U.S. Congress,1987.0,,,,,,
address-before-joint-session-the-congress-the-state-the-union-2-31,24,address-before-joint-session-the-congress-the-state-the-union-2.txt,31,"that's idea behind new initiative call family saving plan, send congress tomorrow.",https://www.presidency.ucsb.edu/documents/address-before-joint-session-the-congress-the-state-the-union-2,George Bush,1990.0,,,,,,
address-before-joint-session-the-congress-the-state-the-union-21-9,26,address-before-joint-session-the-congress-the-state-the-union-21.txt,9,"result efforts: lowest unemployment rate 5 years; rebounding housing market; manufacturing sector that's adding job first time since 1990s; oil produced home buy rest world, first time that's happened nearly 20 years; deficit cut half.",https://www.presidency.ucsb.edu/documents/address-before-joint-session-the-congress-the-state-the-union-21,Barack Obama,2014.0,,,,,,
address-before-joint-session-the-congress-the-state-the-union-25-196,30,address-before-joint-session-the-congress-the-state-the-union-25.txt,196,"today, life seoul, rescue defector broadcast north korea regime fear most: truth.",https://www.presidency.ucsb.edu/documents/address-before-joint-session-the-congress-the-state-the-union-25,Donald J. Trump (1st Term),2018.0,,,,,,
address-before-joint-session-congress-the-state-the-union-2-198,4,address-before-joint-session-congress-the-state-the-union-2.txt,198,"middle east, stand citizen demand universal right support stable transition democracy.",https://www.presidency.ucsb.edu/documents/address-before-joint-session-congress-the-state-the-union-2,Barack Obama,2013.0,,,,,,
george-bradshaw-address-2026-36,137,george-bradshaw-address-2026.txt,36,rail minister making timetabling decision coordinating airspace heathrow directing traffic m6.,https://www.gov.uk/government/speeches/george-bradshaw-address-2026,The Rt Hon Heidi Alexander MP,,,,,,,
attorney-generals-speech-at-great-synagogue-sydney-32,91,attorney-generals-speech-at-great-synagogue-sydney.txt,32,"hour event manchester, prime minister, chancellor exchequer foreign secretary attend neilah service west london synagogue show solidarity jewish community.",https://www.gov.uk/government/speeches/attorney-generals-speech-at-great-synagogue-sydney,The Rt Hon Lord Hermer KC,,,,,,,
annual-message-the-congress-the-state-the-union-5-46,80,annual-message-the-congress-the-state-the-union-5.txt,46,"prudence good sense require, however, new step taken ease payment deficit prevent gold crisis.",https://www.presidency.ucsb.edu/documents/annual-message-the-congress-the-state-the-union-5,John F. Kennedy,1961.0,,,,,,
annual-message-the-congress-the-state-the-union-6-157,81,annual-message-the-congress-the-state-the-union-6.txt,157,"long perspective history, right vote one strongest pillar free society.",https://www.presidency.ucsb.edu/documents/annual-message-the-congress-the-state-the-union-6,Dwight D. Eisenhower,1960.0,,,,,,
annual-message-the-congress-the-state-the-union-4-181,79,annual-message-the-congress-the-state-the-union-4.txt,181,"decision could well affect unity west, course cold war, economic growth nation generation come.",https://www.presidency.ucsb.edu/documents/annual-message-the-congress-the-state-the-union-4,John F. Kennedy,1962.0,,,,,,
first-annual-message-20-53,130,first-annual-message-20.txt,53,"great concentration effort administration congress brought expenditures, exclusive self-supporting post.",https://www.presidency.ucsb.edu/documents/first-annual-message-20,Calvin Coolidge,1923.0,,,,,,
third-annual-message-19-163,354,third-annual-message-19.txt,163,regulation railway country federal commission admirable result fully justified hope expectation policy regulation originally proposed.,https://www.presidency.ucsb.edu/documents/third-annual-message-19,Woodrow Wilson,1915.0,,,,,,
government-response-to-parliamentary-and-health-service-ombudsman-phso-report-42,138,government-response-to-parliamentary-and-health-service-ombudsman-phso-report.txt,42,"mr speaker, haven’t taken decision lightly, believe right course action….",https://www.gov.uk/government/speeches/government-response-to-parliamentary-and-health-service-ombudsman-phso-report,The Rt Hon Liz Kendall MP,,,,,,,
annual-message-the-congress-the-state-the-union-17-119,67,annual-message-the-congress-the-state-the-union-17.txt,119,"end, step already taken remedy weakness disclosed administration tax laws.",https://www.presidency.ucsb.edu/documents/annual-message-the-congress-the-state-the-union-17,Harry S Truman,1952.0,,,,,,
third-annual-message-19-113,354,third-annual-message-19.txt,113,"sum least fifty million added represent safe working balance treasury, twelve million include usual deficiency estimate 1917; addition would make total deficit two hundred ninety-seven millions.",https://www.presidency.ucsb.edu/documents/third-annual-message-19,Woodrow Wilson,1915.0,,,,,,
prime-ministers-speech-house-commons-canadas-response-covid-19-pandemic-27,288,prime-ministers-speech-house-commons-canadas-response-covid-19-pandemic.txt,27,disease cruel prevents u gathering mourn loss left u celebrate life friend family.,https://www.pm.gc.ca/en/news/speeches/2020/04/11/prime-ministers-speech-house-commons-canadas-response-covid-19-pandemic,,2020.0,,,,,,
the-state-the-union-address-delivered-before-joint-session-the-congress-0-95,347,the-state-the-union-address-delivered-before-joint-session-the-congress-0.txt,95,nation share powerful common interest reducing threat nuclear war.,https://www.presidency.ucsb.edu/documents/the-state-the-union-address-delivered-before-joint-session-the-congress-0,Jimmy Carter,1979.0,,,,,,
annual-message-the-congress-the-state-the-union-13-73,63,annual-message-the-congress-the-state-the-union-13.txt,73,evident weakness exist state readiness organization reserve forces.,https://www.presidency.ucsb.edu/documents/annual-message-the-congress-the-state-the-union-13,Dwight D. Eisenhower,1954.0,,,,,,
annual-message-the-congress-the-state-the-union-5-60,80,annual-message-the-congress-the-state-the-union-5.txt,60,"war baby 1940's, overcrowded school 1950's, descending 1960 upon colleges-with two college student every one, ten year now--and college ill prepared.",https://www.presidency.ucsb.edu/documents/annual-message-the-congress-the-state-the-union-5,John F. Kennedy,1961.0,,,,,,
secretary-of-states-address-to-2026-oxford-farming-conference-78,324,secretary-of-states-address-to-2026-oxford-farming-conference.txt,78,we’ll give regular update know window close fully subscribed.,https://www.gov.uk/government/speeches/secretary-of-states-address-to-2026-oxford-farming-conference,Emma Reynolds MP,,,,,,,
address-before-joint-session-the-congress-reporting-the-state-the-union-0-77,8,address-before-joint-session-the-congress-reporting-the-state-the-union-0.txt,77,"time crisis cannot managed war cannot waged committee, peace pursued solely parliamentary debate.",https://www.presidency.ucsb.edu/documents/address-before-joint-session-the-congress-reporting-the-state-the-union-0,Gerald R. Ford,1977.0,,,,,,
fourth-annual-address-congress-0-48,134,fourth-annual-address-congress-0.txt,48,fulfilling public stipulation particular expected valuable saving made.,https://www.presidency.ucsb.edu/documents/fourth-annual-address-congress-0,George Washington,,,,,,,
prime-minister-justin-trudeaus-address-71st-session-united-nations-general-22,226,prime-minister-justin-trudeaus-address-71st-session-united-nations-general.txt,22,"hosted fifth global fund replenishment conference, increased contribution 20% giving $800 million global fund.",https://www.pm.gc.ca/en/news/speeches/2016/09/20/prime-minister-justin-trudeaus-address-71st-session-united-nations-general,,2016.0,,,,,,
address-before-joint-session-the-congress-the-state-the-union-28-125,33,address-before-joint-session-the-congress-the-state-the-union-28.txt,125,"last year, 55 fortune 500 company earned $40 billion profit paid zero federal taxes.",https://www.presidency.ucsb.edu/documents/address-before-joint-session-the-congress-the-state-the-union-28,"Joseph R. Biden, Jr.",2022.0,,,,,,
annual-message-the-congress-the-state-the-union-13-10,63,annual-message-the-congress-the-state-the-union-13.txt,10,"year, creation new cabinet department health, education, welfare symbolized government's permanent concern human problem citizens.",https://www.presidency.ucsb.edu/documents/annual-message-the-congress-the-state-the-union-13,Dwight D. Eisenhower,1954.0,,,,,,
pm-speaking-notes-nyu-commencement-address-17,208,pm-speaking-notes-nyu-commencement-address.txt,17,"truth that, balance, good fortune live time tremendous possibility potential; time within grasp eliminate extreme poverty, end terrible disease like tb malaria, offer real chance education all.",https://www.pm.gc.ca/en/news/speeches/2018/05/16/pm-speaking-notes-nyu-commencement-address,,2018.0,,,,,,
address-before-joint-session-the-congress-the-state-the-union-17-42,21,address-before-joint-session-the-congress-the-state-the-union-17.txt,42,"job must number-one focus 2010, that's calling new job bill tonight.",https://www.presidency.ucsb.edu/documents/address-before-joint-session-the-congress-the-state-the-union-17,Barack Obama,2010.0,,,,,,
prime-ministers-remarks-canada-china-business-council-during-official-33,245,prime-ministers-remarks-canada-china-business-council-during-official.txt,33,"second, stronger relationship ottawa beijing, one strengthens grows middle class, encourage economic growth open door creates new opportunity canadian chinese business succeed.",https://www.pm.gc.ca/en/news/speeches/2016/09/01/prime-ministers-remarks-canada-china-business-council-during-official,,2016.0,,,,,,
address-before-joint-session-the-congress-the-state-the-union-10-153,14,address-before-joint-session-the-congress-the-state-the-union-10.txt,153,"know, bipartisan congressional group, proud troop pride evidenced doing.",https://www.presidency.ucsb.edu/documents/address-before-joint-session-the-congress-the-state-the-union-10,William J. Clinton,1996.0,,,,,,
address-before-joint-session-the-congress-the-state-the-union-16-109,20,address-before-joint-session-the-congress-the-state-the-union-16.txt,109,"last 2 years, begun rebuilding 21st century, project meant thousand good job hard-hit construction industry.",https://www.presidency.ucsb.edu/documents/address-before-joint-session-the-congress-the-state-the-union-16,Barack Obama,2011.0,,,,,,
address-before-joint-session-the-congress-the-state-the-union-30-95,36,address-before-joint-session-the-congress-the-state-the-union-30.txt,95,"remain strongest economy world, need best education system world.",https://www.presidency.ucsb.edu/documents/address-before-joint-session-the-congress-the-state-the-union-30,"Joseph R. Biden, Jr.",2024.0,,,,,,
annual-message-the-congress-the-state-the-union-27-161,74,annual-message-the-congress-the-state-the-union-27.txt,161,"let absolutely clear: day may become months, month may become years, stay long aggression command u battle.",https://www.presidency.ucsb.edu/documents/annual-message-the-congress-the-state-the-union-27,Lyndon B. Johnson,1966.0,,,,,,
address-before-joint-session-the-congress-reporting-the-state-the-union-1-154,9,address-before-joint-session-the-congress-reporting-the-state-the-union-1.txt,154,"recent discussion leader atlantic community, japan, south korea contributed meeting common challenge.",https://www.presidency.ucsb.edu/documents/address-before-joint-session-the-congress-reporting-the-state-the-union-1,Gerald R. Ford,1975.0,,,,,,
address-before-joint-session-the-congress-the-state-the-union-172,43,address-before-joint-session-the-congress-the-state-the-union.txt,172,united nation imposed sanction iran made clear world allow regime tehran acquire nuclear weapons.,https://www.presidency.ucsb.edu/documents/address-before-joint-session-the-congress-the-state-the-union,George W. Bush,2007.0,,,,,,
address-before-joint-session-the-congress-president-volodymyr-zelenskyy-ukraine-0-15,6,address-before-joint-session-the-congress-president-volodymyr-zelenskyy-ukraine-0.txt,15,"cannot ignored, hoping ocean something else provide protection.",https://www.presidency.ucsb.edu/documents/address-before-joint-session-the-congress-president-volodymyr-zelenskyy-ukraine-0,U.S. Congress,2022.0,,,,,,
address-before-joint-session-the-congress-the-state-the-union-11-198,15,address-before-joint-session-the-congress-the-state-the-union-11.txt,198,come far fast post-cold-war world easy take decline nuclear threat granted.,https://www.presidency.ucsb.edu/documents/address-before-joint-session-the-congress-the-state-the-union-11,William J. Clinton,1995.0,,,,,,
address-before-joint-session-the-congress-the-state-the-union-13-103,17,address-before-joint-session-the-congress-the-state-the-union-13.txt,103,"protectionist want escape competition, pretending keep high standard living walling economy.",https://www.presidency.ucsb.edu/documents/address-before-joint-session-the-congress-the-state-the-union-13,George W. Bush,2006.0,,,,,,
excerpts-the-report-congressional-committees-investigating-the-iran-contra-affair-26,123,excerpts-the-report-congressional-committees-investigating-the-iran-contra-affair.txt,26,"agency involved intelligence activity knew boland amendment barred involvement covert support contras, north's contra support operation received logistical tactical support various personnel c.i.a.",https://www.presidency.ucsb.edu/documents/excerpts-the-report-congressional-committees-investigating-the-iran-contra-affair,U.S. Congress,1987.0,,,,,,
annual-message-the-congress-the-state-the-union-28-4,75,annual-message-the-congress-the-state-the-union-28.txt,4,"test whether shrink country's cause danger u obvious close hand, but, rather, whether carry seem obscure distant--and think safe lay burdens.",https://www.presidency.ucsb.edu/documents/annual-message-the-congress-the-state-the-union-28,Lyndon B. Johnson,1967.0,,,,,,
address-before-joint-session-the-congress-the-state-the-union-29-115,34,address-before-joint-session-the-congress-the-state-the-union-29.txt,115,historic conservation effort responsible steward land.,https://www.presidency.ucsb.edu/documents/address-before-joint-session-the-congress-the-state-the-union-29,"Joseph R. Biden, Jr.",2023.0,,,,,,
annual-message-the-congress-the-state-the-union-26-51,73,annual-message-the-congress-the-state-the-union-26.txt,51,seek new way use knowledge help deal explosion world population growing scarcity world resources.,https://www.presidency.ucsb.edu/documents/annual-message-the-congress-the-state-the-union-26,Lyndon B. Johnson,1965.0,,,,,,
remarks-prime-minister-justin-trudeau-apologize-lgbtq2-canadians-4,308,remarks-prime-minister-justin-trudeau-apologize-lgbtq2-canadians.txt,4,"imagine, will, told country would willingly lay life defend doesn’t want you.",https://www.pm.gc.ca/en/news/speeches/2017/11/28/remarks-prime-minister-justin-trudeau-apologize-lgbtq2-canadians,,2017.0,,,,,,
prime-ministers-speech-french-national-assembly-81,286,prime-ministers-speech-french-national-assembly.txt,81,"france, like canada, duty today make language tool modernity, work, prosperity.",https://www.pm.gc.ca/en/news/speeches/2018/04/17/prime-ministers-speech-french-national-assembly,,2018.0,,,,,,
secretary-of-states-keynote-institute-for-government-speech-22,325,secretary-of-states-keynote-institute-for-government-speech.txt,22,"back shopping trolley analogy - there’s point complaining wonky wheel you’re letting trolley mind own, instead steering towards destination you’re after.",https://www.gov.uk/government/speeches/secretary-of-states-keynote-institute-for-government-speech,The Rt Hon Wes Streeting MP,,,,,,,
secretary-of-states-address-to-2026-oxford-farming-conference-7,324,secretary-of-states-address-to-2026-oxford-farming-conference.txt,7,"one first conversation secretary state nfu’s president, tom bradshaw.",https://www.gov.uk/government/speeches/secretary-of-states-address-to-2026-oxford-farming-conference,Emma Reynolds MP,,,,,,,
statement-apology-behalf-government-canada-passengers-ms-st-louis-12,337,statement-apology-behalf-government-canada-passengers-ms-st-louis.txt,12,"would request asylum argentina, uruguay, paraguay, panama.",https://www.pm.gc.ca/en/news/speeches/2018/11/07/statement-apology-behalf-government-canada-passengers-ms-st-louis,,2018.0,,,,,,
the-state-the-union-address-delivered-before-joint-session-the-congress-0-105,347,the-state-the-union-address-delivered-before-joint-session-the-congress-0.txt,105,"value nation founded—individual liberty, self-determination, potential human fulfillment freedom—all endure.",https://www.presidency.ucsb.edu/documents/the-state-the-union-address-delivered-before-joint-session-the-congress-0,Jimmy Carter,1979.0,,,,,,
annual-message-the-congress-the-state-the-union-27-15,74,annual-message-the-congress-the-state-the-union-27.txt,15,recommend help modernize streamline federal government creating new cabinet level department transportation reorganizing several existing agencies.,https://www.presidency.ucsb.edu/documents/annual-message-the-congress-the-state-the-union-27,Lyndon B. Johnson,1966.0,,,,,,
inaugural-address-15-39,155,inaugural-address-15.txt,39,"that's maintain economic vitality national treasure—our forest waterways, crop land snow-capped peaks.",https://www.presidency.ucsb.edu/documents/inaugural-address-15,Barack Obama,2013.0,,,,,,
defra-secretary-of-state-ipbes-12-speech-23,106,defra-secretary-of-state-ipbes-12-speech.txt,23,uk’s commitment multilateralism remains steadfast.,https://www.gov.uk/government/speeches/defra-secretary-of-state-ipbes-12-speech,Emma Reynolds MP,,,,,,,
new-bill-to-prioritise-uk-medical-graduates-for-nhs-training-68,189,new-bill-to-prioritise-uk-medical-graduates-for-nhs-training.txt,68,we’re forcing young people future nh work abroad private sector - quit profession entirely.,https://www.gov.uk/government/speeches/new-bill-to-prioritise-uk-medical-graduates-for-nhs-training,The Rt Hon Wes Streeting MP,,,,,,,
address-before-joint-session-the-congress-the-state-the-union-26-186,31,address-before-joint-session-the-congress-the-state-the-union-26.txt,186,"avert eye regime chant ""death america"" threatens genocide jewish people.",https://www.presidency.ucsb.edu/documents/address-before-joint-session-the-congress-the-state-the-union-26,Donald J. Trump (1st Term),2019.0,,,,,,
address-before-joint-session-the-congress-the-state-the-union-27-3,32,address-before-joint-session-the-congress-the-state-the-union-27.txt,3,"america's enemy run, america's fortune rise, america's future blazing bright.",https://www.presidency.ucsb.edu/documents/address-before-joint-session-the-congress-the-state-the-union-27,Donald J. Trump (1st Term),2020.0,,,,,,
sir-martyn-olivers-speech-at-the-sixth-form-colleges-association-68,328,sir-martyn-olivers-speech-at-the-sixth-form-colleges-association.txt,68,know many championing brilliant inclusive practice years.,https://www.gov.uk/government/speeches/sir-martyn-olivers-speech-at-the-sixth-form-colleges-association,Sir Martyn Oliver,,,,,,,
address-before-joint-session-the-congress-the-state-the-union-15-22,19,address-before-joint-session-the-congress-the-state-the-union-15.txt,22,"american manufacturer hiring again, creating job first time since late 1990s.",https://www.presidency.ucsb.edu/documents/address-before-joint-session-the-congress-the-state-the-union-15,Barack Obama,2012.0,,,,,,
address-before-joint-session-the-congress-the-state-the-union-7-240,40,address-before-joint-session-the-congress-the-state-the-union-7.txt,240,"tonight propose creating permanent conservation fund, restore wildlife, protect coastlines, save natural treasures, california redwood florida everglades.",https://www.presidency.ucsb.edu/documents/address-before-joint-session-the-congress-the-state-the-union-7,William J. Clinton,2000.0,,,,,,
address-before-joint-session-the-congress-the-state-the-union-18-208,22,address-before-joint-session-the-congress-the-state-the-union-18.txt,208,support freedom country cuba zimbabwe belarus burma.,https://www.presidency.ucsb.edu/documents/address-before-joint-session-the-congress-the-state-the-union-18,George W. Bush,2008.0,,,,,,
prime-minister-justin-trudeau-updates-canadians-about-flight-ps752-tragedy-14,225,prime-minister-justin-trudeau-updates-canadians-about-flight-ps752-tragedy.txt,14,would also like remind everyone last week government set dedicated phone line email address family immigration requests.,https://www.pm.gc.ca/en/news/speeches/2020/01/17/prime-minister-justin-trudeau-updates-canadians-about-flight-ps752-tragedy,,2020.0,,,,,,
address-before-joint-session-the-congress-the-state-the-union-13-143,17,address-before-joint-session-the-congress-the-state-the-union-13.txt,143,"since 2001, spent nearly $10 billion develop cleaner, cheaper, reliable alternative energy sources.",https://www.presidency.ucsb.edu/documents/address-before-joint-session-the-congress-the-state-the-union-13,George W. Bush,2006.0,,,,,,
address-before-joint-session-the-congress-reporting-the-state-the-union-168,11,address-before-joint-session-the-congress-reporting-the-state-the-union.txt,168,balanced agreement serve interest minimize threat nuclear confrontation.,https://www.presidency.ucsb.edu/documents/address-before-joint-session-the-congress-reporting-the-state-the-union,Gerald R. Ford,1976.0,,,,,,
inaugural-address-4-61,158,inaugural-address-4.txt,61,imponderable resource technical knowledge constantly growing inexhaustible.,https://www.presidency.ucsb.edu/documents/inaugural-address-4,Harry S Truman,1949.0,,,,,,
opening-ceremony-signing-ceremony-paris-agreement-6,193,opening-ceremony-signing-ceremony-paris-agreement.txt,6,"said last november paris, canada view climate change challenge, opportunity.",https://www.pm.gc.ca/en/news/speeches/2016/04/22/opening-ceremony-signing-ceremony-paris-agreement,,2016.0,,,,,,
annual-message-the-congress-the-state-the-union-14-90,64,annual-message-the-congress-the-state-the-union-14.txt,90,permanent farm prosperity agricultural abundance achieved whole economy grows prospers.,https://www.presidency.ucsb.edu/documents/annual-message-the-congress-the-state-the-union-14,Harry S Truman,1948.0,,,,,,
annual-message-the-congress-the-state-the-union-12-25,62,annual-message-the-congress-the-state-the-union-12.txt,25,"fact inspires u work effectively nation well-being, freedom, dignity, every human earth.",https://www.presidency.ucsb.edu/documents/annual-message-the-congress-the-state-the-union-12,Dwight D. Eisenhower,1955.0,,,,,,
prime-ministers-statement-trans-mountain-pipeline-project-8,290,prime-ministers-statement-trans-mountain-pipeline-project.txt,8,"throughout, government canada’s objective clear: develop vital infrastructure critical ability get canadian resource global markets; protecting environment, includes safeguarding ocean combatting climate change.",https://www.pm.gc.ca/en/news/speeches/2018/04/15/prime-ministers-statement-trans-mountain-pipeline-project,,2018.0,,,,,,
fourth-annual-message-18-35,136,fourth-annual-message-18.txt,35,"thing must done now, opportunity may escape u hesitate delay.",https://www.presidency.ucsb.edu/documents/fourth-annual-message-18,Woodrow Wilson,1916.0,,,,,,
seventh-annual-address-congress-46,327,seventh-annual-address-congress.txt,46,"progress providing material frigate building them, state fortification harbors, measure pursued obtaining proper site arsenal replenishing magazine military stores, step taken toward execution law opening trade indian likewise presented information congress.",https://www.presidency.ucsb.edu/documents/seventh-annual-address-congress,George Washington,,,,,,,
prime-minister-justin-trudeau-delivers-speech-pricing-carbon-pollution-44,223,prime-minister-justin-trudeau-delivers-speech-pricing-carbon-pollution.txt,44,"one example, last year, nearly third trillion dollar invested globally renewable power – almost 50% invested power fossil fuels.",https://www.pm.gc.ca/en/news/speeches/2016/10/03/prime-minister-justin-trudeau-delivers-speech-pricing-carbon-pollution,,2016.0,,,,,,
address-before-joint-session-the-congress-the-state-the-union-14-43,18,address-before-joint-session-the-congress-the-state-the-union-14.txt,43,"time immigration policy permit temporary-guest worker fill job american take, reject amnesty, tell u entering leaving country, close border drug dealer terrorists.",https://www.presidency.ucsb.edu/documents/address-before-joint-session-the-congress-the-state-the-union-14,George W. Bush,2005.0,,,,,,
the-state-the-union-address-delivered-before-joint-session-the-congress-1-13,348,the-state-the-union-address-delivered-before-joint-session-the-congress-1.txt,13,"come long period turmoil doubt, found moral course, new spirit, striving express best instinct rest world.",https://www.presidency.ucsb.edu/documents/the-state-the-union-address-delivered-before-joint-session-the-congress-1,Jimmy Carter,1978.0,,,,,,
address-before-joint-session-the-congress-the-state-the-union-7-261,40,address-before-joint-session-the-congress-the-state-the-union-7.txt,261,"new century, innovation science technology key health environment miraculous improvement quality life advance economy.",https://www.presidency.ucsb.edu/documents/address-before-joint-session-the-congress-the-state-the-union-7,William J. Clinton,2000.0,,,,,,
sixth-annual-address-congress-57,329,sixth-annual-address-congress.txt,57,"auxiliary state defense, congress never frequently recur, omit inquire whether fortification already licensed law commensurate exigencies.",https://www.presidency.ucsb.edu/documents/sixth-annual-address-congress,George Washington,,,,,,,
annual-message-the-congress-the-state-the-union-12-284,62,annual-message-the-congress-the-state-the-union-12.txt,284,"decade ago, death desolation european battlefields, saw courage resolution, felt inspiration, american youth.",https://www.presidency.ucsb.edu/documents/annual-message-the-congress-the-state-the-union-12,Dwight D. Eisenhower,1955.0,,,,,,
education-secretary-speech-at-bett-uk-conference-24,117,education-secretary-speech-at-bett-uk-conference.txt,24,don’t want child kept apps screen longer necessary education.,https://www.gov.uk/government/speeches/education-secretary-speech-at-bett-uk-conference,The Rt Hon Bridget Phillipson MP,,,,,,,
address-before-joint-session-the-congress-the-state-the-union-24-58,29,address-before-joint-session-the-congress-the-state-the-union-24.txt,58,seen skill courage armored charge midnight raid lonely hour faithful watch.,https://www.presidency.ucsb.edu/documents/address-before-joint-session-the-congress-the-state-the-union-24,George W. Bush,2004.0,,,,,,
annual-message-the-congress-the-state-the-union-19-39,68,annual-message-the-congress-the-state-the-union-19.txt,39,"powerful single member community, special responsibility.",https://www.presidency.ucsb.edu/documents/annual-message-the-congress-the-state-the-union-19,Harry S Truman,1951.0,,,,,,
russia-escalates-ukraine-war-as-civilian-strikes-and-casualties-mount-uk-statement-to-the-osce-7,310,russia-escalates-ukraine-war-as-civilian-strikes-and-casualties-mount-uk-statement-to-the-osce.txt,7,"russia speaks restraint, russia’s pattern military operation highlight strategic, operational tactical escalation.",https://www.gov.uk/government/speeches/russia-escalates-ukraine-war-as-civilian-strikes-and-casualties-mount-uk-statement-to-the-osce,James Ford,,,,,,,
prime-ministers-remarks-shooting-portapique-nova-scotia-and-updates-covid-4,264,prime-ministers-remarks-shooting-portapique-nova-scotia-and-updates-covid.txt,4,"even it’s skype, hope spend special day family friends.",https://www.pm.gc.ca/en/news/speeches/2020/04/19/prime-ministers-remarks-shooting-portapique-nova-scotia-and-updates-covid,,2020.0,,,,,,
address-before-joint-session-congress-the-state-the-union-2-181,4,address-before-joint-session-congress-the-state-the-union-2.txt,181,"likewise, leader iran must recognize time diplomatic solution, coalition stand united demanding meet obligations, necessary prevent getting nuclear weapon.",https://www.presidency.ucsb.edu/documents/address-before-joint-session-congress-the-state-the-union-2,Barack Obama,2013.0,,,,,,
address-before-joint-session-the-congress-the-state-the-union-25-25,30,address-before-joint-session-the-congress-the-state-the-union-25.txt,25,"great news americans: 401(k), retirement, pension, college saving account gone roof.",https://www.presidency.ucsb.edu/documents/address-before-joint-session-the-congress-the-state-the-union-25,Donald J. Trump (1st Term),2018.0,,,,,,
address-before-joint-session-the-congress-reporting-the-state-the-union-2-8,10,address-before-joint-session-the-congress-reporting-the-state-the-union-2.txt,8,"forging new partnership america, could achieve oldest hope republic—prosperity nation, peace world, blessing individual liberty child and, someday, humanity.",https://www.presidency.ucsb.edu/documents/address-before-joint-session-the-congress-reporting-the-state-the-union-2,Ronald Reagan,1982.0,,,,,,
oath-office-and-second-inaugural-address-6,192,oath-office-and-second-inaugural-address.txt,6,"continuing revitalize traditional friendships, mission peking moscow, able establish base new durable pattern relationship among nation world.",https://www.presidency.ucsb.edu/documents/oath-office-and-second-inaugural-address,Richard Nixon,1973.0,,,,,,
annual-message-the-congress-the-state-the-union-21-133,71,annual-message-the-congress-the-state-the-union-21.txt,133,"explained time task one greatest history world, necessary complete cooperation congress people united states.",https://www.presidency.ucsb.edu/documents/annual-message-the-congress-the-state-the-union-21,Harry S Truman,1949.0,,,,,,
prime-minister-trudeau-and-minister-freeland-speaking-notes-united-states-15,232,prime-minister-trudeau-and-minister-freeland-speaking-notes-united-states.txt,15,got kept focus creating opportunity growing middle class.,https://www.pm.gc.ca/en/news/speeches/2018/10/01/prime-minister-trudeau-and-minister-freeland-speaking-notes-united-states,,2018.0,,,,,,
annual-message-the-congress-the-state-the-union-14-74,64,annual-message-the-congress-the-state-the-union-14.txt,74,"must expand reclamation program bring million acre arid land production, improve water supply additional million acres.",https://www.presidency.ucsb.edu/documents/annual-message-the-congress-the-state-the-union-14,Harry S Truman,1948.0,,,,,,
first-annual-message-20-168,130,first-annual-message-20.txt,168,find additional safety law requiring immediate registration aliens.,https://www.presidency.ucsb.edu/documents/first-annual-message-20,Calvin Coolidge,1923.0,,,,,,
address-before-joint-session-the-congress-the-state-the-union-10-133,14,address-before-joint-session-the-congress-the-state-the-union-10.txt,133,believe create job long run cleaning environment up?,https://www.presidency.ucsb.edu/documents/address-before-joint-session-the-congress-the-state-the-union-10,William J. Clinton,1996.0,,,,,,
first-annual-message-20-61,130,first-annual-message-20.txt,61,seven year people borne uncomplaining courage tremendous burden national local taxation.,https://www.presidency.ucsb.edu/documents/first-annual-message-20,Calvin Coolidge,1923.0,,,,,,
annual-message-the-congress-the-state-the-union-15-221,65,annual-message-the-congress-the-state-the-union-15.txt,221,encountering serious difficulty maintaining force even reduced levels.,https://www.presidency.ucsb.edu/documents/annual-message-the-congress-the-state-the-union-15,Harry S Truman,1947.0,,,,,,
annual-message-the-congress-the-state-the-union-3-111,77,annual-message-the-congress-the-state-the-union-3.txt,111,"underestimate difficulty face mutual effort among close neighbors, free state hemisphere, working close collaboration, begun make alliance living reality.",https://www.presidency.ucsb.edu/documents/annual-message-the-congress-the-state-the-union-3,John F. Kennedy,1963.0,,,,,,
address-before-joint-session-the-congress-the-state-the-union-21-31,26,address-before-joint-session-the-congress-the-state-the-union-21.txt,31,"across country, partnering mayors, governors, state legislature issue homelessness marriage equality.",https://www.presidency.ucsb.edu/documents/address-before-joint-session-the-congress-the-state-the-union-21,Barack Obama,2014.0,,,,,,
annual-message-the-congress-the-state-the-union-13-27,63,annual-message-the-congress-the-state-the-union-13.txt,27,assistance also bring closer day associated state may enjoy independence already assured france.,https://www.presidency.ucsb.edu/documents/annual-message-the-congress-the-state-the-union-13,Dwight D. Eisenhower,1954.0,,,,,,
address-before-joint-session-the-congress-the-state-the-union-7-119,40,address-before-joint-session-the-congress-the-state-the-union-7.txt,119,proposing tough new measure hold still father responsible.,https://www.presidency.ucsb.edu/documents/address-before-joint-session-the-congress-the-state-the-union-7,William J. Clinton,2000.0,,,,,,
address-before-joint-session-the-congress-the-state-the-union-6-62,39,address-before-joint-session-the-congress-the-state-the-union-6.txt,62,"balanced budget triple funding summer school after-school programs, keep million child learning.",https://www.presidency.ucsb.edu/documents/address-before-joint-session-the-congress-the-state-the-union-6,William J. Clinton,1999.0,,,,,,
uk-response-to-the-president-of-the-osce-parliamentary-assembly-uk-statement-to-the-osce-7,357,uk-response-to-the-president-of-the-osce-parliamentary-assembly-uk-statement-to-the-osce.txt,7,uk look forward another year close collaboration osce pa across breadth shared agenda.,https://www.gov.uk/government/speeches/uk-response-to-the-president-of-the-osce-parliamentary-assembly-uk-statement-to-the-osce,James Ford,,,,,,,
address-before-joint-session-the-congress-the-state-the-union-11-243,15,address-before-joint-session-the-congress-the-state-the-union-11.txt,243,take every parent teach child difference right wrong encourage learn grow say wrong thing also believe whatever want be.,https://www.presidency.ucsb.edu/documents/address-before-joint-session-the-congress-the-state-the-union-11,William J. Clinton,1995.0,,,,,,
annual-message-the-congress-the-state-the-union-6-5,81,annual-message-the-congress-the-state-the-union-6.txt,5,"first, point us, annual self-examination made definite necessity fact live divided world uneasy equilibrium, side committed protection aggression other.",https://www.presidency.ucsb.edu/documents/annual-message-the-congress-the-state-the-union-6,Dwight D. Eisenhower,1960.0,,,,,,
secretary-of-states-keynote-institute-for-government-speech-63,325,secretary-of-states-keynote-institute-for-government-speech.txt,63,"that’s much better patients, also less expensive taxpayers.",https://www.gov.uk/government/speeches/secretary-of-states-keynote-institute-for-government-speech,The Rt Hon Wes Streeting MP,,,,,,,
annual-message-the-congress-the-state-the-union-9-150,83,annual-message-the-congress-the-state-the-union-9.txt,150,"achieve perfect fidelity it, submit, worthy ambition meet together first day this, first session 85th congress.",https://www.presidency.ucsb.edu/documents/annual-message-the-congress-the-state-the-union-9,Dwight D. Eisenhower,1957.0,,,,,,
address-the-state-the-union-delivered-before-joint-session-the-congress-75,50,address-the-state-the-union-delivered-before-joint-session-the-congress.txt,75,"important all, let u keep guiding principle health programs.",https://www.presidency.ucsb.edu/documents/address-the-state-the-union-delivered-before-joint-session-the-congress,Richard Nixon,1974.0,,,,,,
second-annual-address-congress-0-3,316,second-annual-address-congress-0.txt,3,"progress public credit witnessed considerable rise american stock abroad well home, revenue allotted national purpose productive beyond calculation regulated.",https://www.presidency.ucsb.edu/documents/second-annual-address-congress-0,George Washington,,,,,,,
address-before-joint-session-congress-the-state-the-union-3,5,address-before-joint-session-congress-the-state-the-union.txt,3,"hope ready would want u do: go forward, america, reach stars.",https://www.presidency.ucsb.edu/documents/address-before-joint-session-congress-the-state-the-union,Ronald Reagan,1986.0,,,,,,
minister-narayan-ai-speech-at-founders-forum-47,184,minister-narayan-ai-speech-at-founders-forum.txt,47,"elevenlabs’s mati staniszewski piotr dabkowski stretching boundary voice generation supercharge translation, transcription agentic capabilities.",https://www.gov.uk/government/speeches/minister-narayan-ai-speech-at-founders-forum,Kanishka Narayan MP,,,,,,,
secretary-of-states-speech-to-the-national-society-conference-5,326,secretary-of-states-speech-to-the-national-society-conference.txt,5,"might taken u half century, came agree great education every child fact good idea.",https://www.gov.uk/government/speeches/secretary-of-states-speech-to-the-national-society-conference,The Rt Hon Bridget Phillipson MP,,,,,,,
attorney-generals-speech-at-great-synagogue-sydney-21,91,attorney-generals-speech-at-great-synagogue-sydney.txt,21,gave cruel expression long-standing fear inevitable.,https://www.gov.uk/government/speeches/attorney-generals-speech-at-great-synagogue-sydney,The Rt Hon Lord Hermer KC,,,,,,,
address-before-joint-session-the-congress-the-state-the-union-18-95,22,address-before-joint-session-the-congress-the-state-the-union-18.txt,95,"matter justice, must trust wisdom founder empower judge understand constitution mean says.",https://www.presidency.ucsb.edu/documents/address-before-joint-session-the-congress-the-state-the-union-18,George W. Bush,2008.0,,,,,,
prime-ministers-remarks-fatal-plane-crash-iran-21,252,prime-ministers-remarks-fatal-plane-crash-iran.txt,21,canada condemns missile attack launched iran last night.,https://www.pm.gc.ca/en/news/speeches/2020/01/08/prime-ministers-remarks-fatal-plane-crash-iran,,2020.0,,,,,,
address-before-joint-session-the-congress-the-state-the-union-28-260,33,address-before-joint-session-the-congress-the-state-the-union-28.txt,260,"hard time been, optimistic america today whole life see future that's within grasp, know simply nothing beyond capacity.",https://www.presidency.ucsb.edu/documents/address-before-joint-session-the-congress-the-state-the-union-28,"Joseph R. Biden, Jr.",2022.0,,,,,,
address-before-joint-session-the-congress-the-state-the-union-20-146,25,address-before-joint-session-the-congress-the-state-the-union-20.txt,146,"guarantee negotiation succeed, keep option table prevent nuclear iran.",https://www.presidency.ucsb.edu/documents/address-before-joint-session-the-congress-the-state-the-union-20,Barack Obama,2015.0,,,,,,
address-before-joint-session-the-congress-the-state-the-union-25-50,30,address-before-joint-session-the-congress-the-state-the-union-25.txt,50,"tonight preston sharp, 12-year-old boy redding, california, noticed veterans' graf marked flag veteran day.",https://www.presidency.ucsb.edu/documents/address-before-joint-session-the-congress-the-state-the-union-25,Donald J. Trump (1st Term),2018.0,,,,,,
prime-minister-justin-trudeau-new-approach-address-ongoing-crises-iraq-and-29,224,prime-minister-justin-trudeau-new-approach-address-ongoing-crises-iraq-and.txt,29,must use skill help achieve political solution crisis syria iraq.,https://www.pm.gc.ca/en/news/speeches/2016/02/08/prime-minister-justin-trudeau-new-approach-address-ongoing-crises-iraq-and,,2016.0,,,,,,
move-fast-fix-things-45,187,move-fast-fix-things.txt,45,"that’s why, chief secretary treasury, launched “project reset”.",https://www.gov.uk/government/speeches/move-fast-fix-things,The Rt Hon Darren Jones MP,,,,,,,
prime-ministers-remarks-canadas-evolving-response-covid-19-7,248,prime-ministers-remarks-canadas-evolving-response-covid-19.txt,7,"virus continues spread, we’ve decided take increasingly aggressive step keep family safe.",https://www.pm.gc.ca/en/news/speeches/2020/03/16/prime-ministers-remarks-canadas-evolving-response-covid-19,,2020.0,,,,,,
pavement-parking-consultation-government-response-12,198,pavement-parking-consultation-government-response.txt,12,"provides practical proportionate interim solution, allowing council act pavement parking observed uniformed civil enforcement officers.",https://www.gov.uk/government/speeches/pavement-parking-consultation-government-response,Lilian Greenwood MP,,,,,,,
annual-message-the-congress-the-state-the-union-30-4,78,annual-message-the-congress-the-state-the-union-30.txt,4,"urban unrest, poverty, pressure welfare, education people, law enforcement law order, continuing crisis middle east, conflict vietnam, danger nuclear war, great difficulty dealing communist powers, much common: causes--the cause gave rise them--all existed u many years.",https://www.presidency.ucsb.edu/documents/annual-message-the-congress-the-state-the-union-30,Lyndon B. Johnson,1969.0,,,,,,
annual-message-congress-3-14,56,annual-message-congress-3.txt,14,attempt make distinction recovery reform narrowly conceived effort substitute appearance reality reality itself.,https://www.presidency.ucsb.edu/documents/annual-message-congress-3,Franklin D. Roosevelt,1935.0,,,,,,
address-before-joint-session-the-congress-the-state-the-union-25-194,30,address-before-joint-session-the-congress-the-state-the-union-25.txt,194,"later, tortured north korean authority returning brief visit china.",https://www.presidency.ucsb.edu/documents/address-before-joint-session-the-congress-the-state-the-union-25,Donald J. Trump (1st Term),2018.0,,,,,,
prime-ministers-remarks-updating-canadians-modelling-covid-19-situation-28,279,prime-ministers-remarks-updating-canadians-modelling-covid-19-situation.txt,28,"we’re helping industry mobilize – like entrepreneur vars, ontario, who’s creating reusable visor hospital across province.",https://www.pm.gc.ca/en/news/speeches/2020/04/09/prime-ministers-remarks-updating-canadians-modelling-covid-19-situation,,2020.0,,,,,,
address-before-joint-session-the-congress-the-state-the-union-6-148,39,address-before-joint-session-the-congress-the-state-the-union-6.txt,148,"first, ought tear barriers, open markets, expand trade.",https://www.presidency.ucsb.edu/documents/address-before-joint-session-the-congress-the-state-the-union-6,William J. Clinton,1999.0,,,,,,
prime-minister-justin-trudeau-announces-oceans-protection-plan-18,221,prime-minister-justin-trudeau-announces-oceans-protection-plan.txt,18,"give canadian visitor alike place live, work, play.",https://www.pm.gc.ca/en/news/speeches/2016/11/07/prime-minister-justin-trudeau-announces-oceans-protection-plan,,2016.0,,,,,,
address-before-joint-session-the-congress-the-state-the-union-6-136,39,address-before-joint-session-the-congress-the-state-the-union-6.txt,136,"already, made sure social security check come time.",https://www.presidency.ucsb.edu/documents/address-before-joint-session-the-congress-the-state-the-union-6,William J. Clinton,1999.0,,,,,,
address-before-joint-session-the-congress-the-state-the-union-24-169,29,address-before-joint-session-the-congress-the-state-the-union-24.txt,169,"tonight call team owners, union representatives, coaches, player take lead, send right signal, get tough, get rid steroid now.",https://www.presidency.ucsb.edu/documents/address-before-joint-session-the-congress-the-state-the-union-24,George W. Bush,2004.0,,,,,,
annual-message-the-congress-the-state-the-union-14-122,64,annual-message-the-congress-the-state-the-union-14.txt,122,made attitude clear act veto message congress last june.,https://www.presidency.ucsb.edu/documents/annual-message-the-congress-the-state-the-union-14,Harry S Truman,1948.0,,,,,,
environment-secretary-speech-on-food-security-resilience-and-standards-11,121,environment-secretary-speech-on-food-security-resilience-and-standards.txt,11,"struck throughout today’s meeting common thread: shared commitment high standards, practical cooperation, understanding challenge face – climate food security ocean health – respect borders.",https://www.gov.uk/government/speeches/environment-secretary-speech-on-food-security-resilience-and-standards,Emma Reynolds MP,,,,,,,
the-state-the-union-address-delivered-before-joint-session-the-congress-0-78,347,the-state-the-union-address-delivered-before-joint-session-the-congress-0.txt,78,entering hopeful era relation one-fourth world's people live china.,https://www.presidency.ucsb.edu/documents/the-state-the-union-address-delivered-before-joint-session-the-congress-0,Jimmy Carter,1979.0,,,,,,
annual-message-the-congress-the-state-the-union-15-198,65,annual-message-the-congress-the-state-the-union-15.txt,198,"urge congress turn attention world problem, effort find way whereby fulfill responsibility thousand homeless suffering refugee faiths.",https://www.presidency.ucsb.edu/documents/annual-message-the-congress-the-state-the-union-15,Harry S Truman,1947.0,,,,,,
annual-message-the-congress-the-state-the-union-29-10,76,annual-message-the-congress-the-state-the-union-29.txt,10,basis peace talk established san antonio foundations--and hope prayer can--we would consult ally side see complete cessation hostilities--a really true cease-fire--could made first order business.,https://www.presidency.ucsb.edu/documents/annual-message-the-congress-the-state-the-union-29,Lyndon B. Johnson,1968.0,,,,,,
report-of-the-cranston-inquiry-8,309,report-of-the-cranston-inquiry.txt,8,laid copy report cranston inquiry house parliament.,https://www.gov.uk/government/speeches/report-of-the-cranston-inquiry,The Rt Hon Heidi Alexander MP,,,,,,,
annual-message-the-congress-the-state-the-union-26-56,73,annual-message-the-congress-the-state-the-union-26.txt,56,toward great society world affair continue call upon energy courage.,https://www.presidency.ucsb.edu/documents/annual-message-the-congress-the-state-the-union-26,Lyndon B. Johnson,1965.0,,,,,,
address-before-joint-session-the-congress-the-state-the-union-15-165,19,address-before-joint-session-the-congress-the-state-the-union-15.txt,165,"told speaker summer, prepared make reform rein long-term cost medicare medicaid strengthen social security, long program remain guarantee security seniors.",https://www.presidency.ucsb.edu/documents/address-before-joint-session-the-congress-the-state-the-union-15,Barack Obama,2012.0,,,,,,
statement-exoneration-chief-poundmaker-8,338,statement-exoneration-chief-poundmaker.txt,8,"acknowledge move forward together path reconciliation, government canada must acknowledge wrong past.",https://www.pm.gc.ca/en/news/speeches/2019/05/23/statement-exoneration-chief-poundmaker,,2019.0,,,,,,
address-before-joint-session-the-congress-the-state-the-union-13-165,17,address-before-joint-session-the-congress-the-state-the-union-13.txt,165,"fewer abortion america point last three decades, number child born teenage mother falling dozen year row.",https://www.presidency.ucsb.edu/documents/address-before-joint-session-the-congress-the-state-the-union-13,George W. Bush,2006.0,,,,,,
address-before-joint-session-the-congress-the-state-the-union-17-191,21,address-before-joint-session-the-congress-the-state-the-union-17.txt,191,let's reject false choice protecting people upholding values.,https://www.presidency.ucsb.edu/documents/address-before-joint-session-the-congress-the-state-the-union-17,Barack Obama,2010.0,,,,,,
third-annual-address-congress-0-33,352,third-annual-address-congress-0.txt,33,gentleman senate: two treaty provisionally concluded cherokee six nation indian laid consideration ratification.,https://www.presidency.ucsb.edu/documents/third-annual-address-congress-0,George Washington,,,,,,,
address-before-joint-session-the-congress-the-state-the-union-28-106,33,address-before-joint-session-the-congress-the-state-the-union-28.txt,106,"dad type 1 diabetes, mean need insulin every single day.",https://www.presidency.ucsb.edu/documents/address-before-joint-session-the-congress-the-state-the-union-28,"Joseph R. Biden, Jr.",2022.0,,,,,,
address-before-joint-session-the-congress-the-state-the-union-5-79,38,address-before-joint-session-the-congress-the-state-the-union-5.txt,79,senator mattingly introduced bill permitting 2-year trial run line-item veto.,https://www.presidency.ucsb.edu/documents/address-before-joint-session-the-congress-the-state-the-union-5,Ronald Reagan,1985.0,,,,,,
annual-message-the-congress-the-state-the-union-12-151,62,annual-message-the-congress-the-state-the-union-12.txt,151,"modern, efficient highway system essential meet need growing population, expanding economy, national security.",https://www.presidency.ucsb.edu/documents/annual-message-the-congress-the-state-the-union-12,Dwight D. Eisenhower,1955.0,,,,,,
prime-ministers-speech-universite-cheikh-anta-diop-senegal-16,289,prime-ministers-speech-universite-cheikh-anta-diop-senegal.txt,16,rise great challenge time – fully seize opportunity tomorrow – young people must able count government also ready innovate.,https://www.pm.gc.ca/en/news/speeches/2020/02/13/prime-ministers-speech-universite-cheikh-anta-diop-senegal,,2020.0,,,,,,
pm-remarks-in-hastings-5-february-16,200,pm-remarks-in-hastings-5-february.txt,16,"sorry even now, forced watch story unfold public again.",https://www.gov.uk/government/speeches/pm-remarks-in-hastings-5-february,The Rt Hon Sir Keir Starmer KCB KC MP,,,,,,,
address-before-joint-session-the-congress-the-state-the-union-17-145,21,address-before-joint-session-the-congress-the-state-the-union-17.txt,145,"now, even paying spent watch, still face massive deficit took office.",https://www.presidency.ucsb.edu/documents/address-before-joint-session-the-congress-the-state-the-union-17,Barack Obama,2010.0,,,,,,
first-annual-message-19-74,129,first-annual-message-19.txt,74,"knowing impossibility modification act congress one score line without involving long array schedules, think shall go long way toward stabilization, recognition tariff commission's fitness recommend urgent change proclamation.",https://www.presidency.ucsb.edu/documents/first-annual-message-19,Warren G. Harding,1921.0,,,,,,
second-annual-message-19-103,318,second-annual-message-19.txt,103,"shall take leave strong upon seas, future past; thought offense provocation that.",https://www.presidency.ucsb.edu/documents/second-annual-message-19,Woodrow Wilson,1914.0,,,,,,
inaugural-address-11-26,151,inaugural-address-11.txt,26,ending inflation mean freeing american terror runaway living costs.,https://www.presidency.ucsb.edu/documents/inaugural-address-11,Ronald Reagan,1981.0,,,,,,
prime-ministers-remarks-shooting-portapique-nova-scotia-and-updates-covid-5,264,prime-ministers-remarks-shooting-portapique-nova-scotia-and-updates-covid.txt,5,"although pandemic affected everyone, people hit especially hard.",https://www.pm.gc.ca/en/news/speeches/2020/04/19/prime-ministers-remarks-shooting-portapique-nova-scotia-and-updates-covid,,2020.0,,,,,,
second-annual-address-congress-25,317,second-annual-address-congress.txt,25,beneficial effect small naval armament provided act last session known acknowledged.,https://www.presidency.ucsb.edu/documents/second-annual-address-congress,John Adams,,,,,,,
deputy-prime-minister-remarks-second-reading-legislation-implement-new-9,109,deputy-prime-minister-remarks-second-reading-legislation-implement-new.txt,9,"testament unrelenting work thousand patriotic canadians, walk life, representing every political view, order government, region great country.",https://www.pm.gc.ca/en/news/speeches/2020/01/30/deputy-prime-minister-remarks-second-reading-legislation-implement-new,,1969.0,,,,,,
first-annual-address-congress-25,127,first-annual-address-congress.txt,25,"great activity exerted person insinuated among indian tribe residing within territory united state influence transfer affection force foreign nation, form confederacy, prepare war united states.",https://www.presidency.ucsb.edu/documents/first-annual-address-congress,John Adams,,,,,,,
diversity-canadas-strength-61,111,diversity-canadas-strength.txt,61,"however, also believe collective association receive highest expression form real, flesh blood, individual human beings.",https://www.pm.gc.ca/en/news/speeches/2015/11/26/diversity-canadas-strength,,2015.0,,,,,,
address-before-joint-session-the-congress-the-state-the-union-6-252,39,address-before-joint-session-the-congress-the-state-the-union-6.txt,252,"way large small, look millennium keeping alive george washington called ""the sacred fire liberty."" six year ago, came office time doubt america, economy troubled, deficit high, people divided.",https://www.presidency.ucsb.edu/documents/address-before-joint-session-the-congress-the-state-the-union-6,William J. Clinton,1999.0,,,,,,
annual-message-the-congress-the-state-the-union-15-107,65,annual-message-the-congress-the-state-the-union-15.txt,107,effort assure full opportunity free competition business vigorously enforce anti-trust laws.,https://www.presidency.ucsb.edu/documents/annual-message-the-congress-the-state-the-union-15,Harry S Truman,1947.0,,,,,,
prime-ministers-remarks-canada-emergency-response-benefit-and-covid-19-4,247,prime-ministers-remarks-canada-emergency-response-benefit-and-covid-19.txt,4,far many canadian tough conversation finance future.,https://www.pm.gc.ca/en/news/speeches/2020/03/25/prime-ministers-remarks-canada-emergency-response-benefit-and-covid-19,,2020.0,,,,,,
address-before-joint-session-the-congress-the-state-the-union-24-9,29,address-before-joint-session-the-congress-the-state-the-union-24.txt,9,"come way, tragedy trial war, falter leave work unfinished.",https://www.presidency.ucsb.edu/documents/address-before-joint-session-the-congress-the-state-the-union-24,George W. Bush,2004.0,,,,,,
prime-minister-trudeaus-address-yom-kippur-13,233,prime-minister-trudeaus-address-yom-kippur.txt,13,extent world leader came together celebrate life accomplishment privilege witness.,https://www.pm.gc.ca/en/news/speeches/2016/10/11/prime-minister-trudeaus-address-yom-kippur,,2019.0,,,,,,
pm-remarks-lunar-gateway-80,202,pm-remarks-lunar-gateway.txt,80,tested theory much tested resilience determination.,https://www.pm.gc.ca/en/news/speeches/2019/02/27/pm-remarks-lunar-gateway,,2019.0,,,,,,
prime-ministers-speech-universite-cheikh-anta-diop-senegal-20,289,prime-ministers-speech-universite-cheikh-anta-diop-senegal.txt,20,"visionary advocate contemporary francophonie, work together number multilateral organizations.",https://www.pm.gc.ca/en/news/speeches/2020/02/13/prime-ministers-speech-universite-cheikh-anta-diop-senegal,,2020.0,,,,,,
annual-message-the-congress-the-state-the-union-6-76,81,annual-message-the-congress-the-state-the-union-6.txt,76,"wealth experience, organization european economic cooperation could help initial studies.",https://www.presidency.ucsb.edu/documents/annual-message-the-congress-the-state-the-union-6,Dwight D. Eisenhower,1960.0,,,,,,
inaugural-address-54-75,163,inaugural-address-54.txt,75,american ancestor turned small group colony edge vast continent mighty republic extraordinary citizen earth.,https://www.presidency.ucsb.edu/documents/inaugural-address-54,Donald J. Trump (2nd Term),2025.0,,,,,,
address-prime-minister-justin-trudeau-st-matthews-day-banquet-hamburg-34,48,address-prime-minister-justin-trudeau-st-matthews-day-banquet-hamburg.txt,34,"need leave place, truly listen people anxious futures.",https://www.pm.gc.ca/en/news/speeches/2017/02/17/address-prime-minister-justin-trudeau-st-matthews-day-banquet-hamburg,,2017.0,,,,,,
annual-message-the-congress-the-state-the-union-13-126,63,annual-message-the-congress-the-state-the-union-13.txt,126,"budget saving sound governmental financing assured, tax burden reduced taxpayer may spend money way.",https://www.presidency.ucsb.edu/documents/annual-message-the-congress-the-state-the-union-13,Dwight D. Eisenhower,1954.0,,,,,,
address-before-joint-session-congress-the-state-the-union-107,5,address-before-joint-session-congress-the-state-the-union.txt,107,year asking congress mean must done great good cause.,https://www.presidency.ucsb.edu/documents/address-before-joint-session-congress-the-state-the-union,Ronald Reagan,1986.0,,,,,,
statement-apology-behalf-government-canada-inuit-management-tuberculosis-23,336,statement-apology-behalf-government-canada-inuit-management-tuberculosis.txt,23,"know people today – across inuit nunangat – live consequence policies, year community right respected.",https://www.pm.gc.ca/en/news/speeches/2019/03/08/statement-apology-behalf-government-canada-inuit-management-tuberculosis,,2019.0,,,,,,
prime-minister-trudeaus-address-yom-kippur-18,233,prime-minister-trudeaus-address-yom-kippur.txt,18,exchange helped ultimately decide bring xav toured auschwitz.,https://www.pm.gc.ca/en/news/speeches/2016/10/11/prime-minister-trudeaus-address-yom-kippur,,2019.0,,,,,,
prime-ministers-remarks-announcing-additional-support-vulnerable-canadians-9,239,prime-ministers-remarks-announcing-additional-support-vulnerable-canadians.txt,9,"know that, it’s many u staying home, self-isolating, following rules.",https://www.pm.gc.ca/en/news/speeches/2020/03/29/prime-ministers-remarks-announcing-additional-support-vulnerable-canadians,,2020.0,,,,,,
annual-message-the-congress-the-state-the-union-2-44,69,annual-message-the-congress-the-state-the-union-2.txt,44,"time come new quest--a quest greater quantity have, new quality life america.",https://www.presidency.ucsb.edu/documents/annual-message-the-congress-the-state-the-union-2,Richard Nixon,1970.0,,,,,,
annual-message-the-congress-the-state-the-union-4-84,79,annual-message-the-congress-the-state-the-union-4.txt,84,success setback past year remain agenda unfinished business.,https://www.presidency.ucsb.edu/documents/annual-message-the-congress-the-state-the-union-4,John F. Kennedy,1962.0,,,,,,
address-before-joint-session-the-congress-the-state-the-union-3-160,35,address-before-joint-session-the-congress-the-state-the-union-3.txt,160,"final passage remaining portion caribbean basin initiative, passed house last year, one administration's top legislative priority 1983.",https://www.presidency.ucsb.edu/documents/address-before-joint-session-the-congress-the-state-the-union-3,Ronald Reagan,1983.0,,,,,,
articles-impeachment-adopted-the-house-representatives-committee-the-judiciary-0-2,87,articles-impeachment-adopted-the-house-representatives-committee-the-judiciary-0.txt,2,"article conduct president united states, william jefferson clinton, violation constitutional oath faithfully execute office president united state and, best ability, preserve, protect, defend constitution united states, violation constitutional duty take care law faithfully executed, willfully corrupted manipulated judicial process united state personal gain exoneration, impeding administration justice, that: august 17, 1998, william jefferson clinton swore tell truth, whole truth, nothing truth federal grand jury united states.",https://www.presidency.ucsb.edu/documents/articles-impeachment-adopted-the-house-representatives-committee-the-judiciary-0,U.S. Congress,1998.0,,,,,,
annual-message-the-congress-the-state-the-union-13-131,63,annual-message-the-congress-the-state-the-union-13.txt,131,"without attempting summarize manifold reforms, illustrate tendency.",https://www.presidency.ucsb.edu/documents/annual-message-the-congress-the-state-the-union-13,Dwight D. Eisenhower,1954.0,,,,,,
fourth-annual-address-congress-11,135,fourth-annual-address-congress.txt,11,"compliance law last session congress, officer soldier temporary army discharged.",https://www.presidency.ucsb.edu/documents/fourth-annual-address-congress,John Adams,,,,,,,
speech-prime-minister-justin-trudeau-ronald-reagan-presidential-library-95,333,speech-prime-minister-justin-trudeau-ronald-reagan-presidential-library.txt,95,"let u get good work done, hold aloft partnership, like president reagan did, beacon liberty - example world.",https://www.pm.gc.ca/en/news/speeches/2018/02/09/speech-prime-minister-justin-trudeau-ronald-reagan-presidential-library,,2018.0,,,,,,
annual-message-the-congress-the-state-the-union-2-106,69,annual-message-the-congress-the-state-the-union-2.txt,106,continued vigorous economic growth provides u mean enrich life enhance planet place hospitable man.,https://www.presidency.ucsb.edu/documents/annual-message-the-congress-the-state-the-union-2,Richard Nixon,1970.0,,,,,,
address-before-joint-session-congress-the-state-the-union-2-48,4,address-before-joint-session-congress-the-state-the-union-2.txt,48,let's clear: deficit reduction alone economic plan.,https://www.presidency.ucsb.edu/documents/address-before-joint-session-congress-the-state-the-union-2,Barack Obama,2013.0,,,,,,
address-before-joint-session-the-congress-the-state-the-union-22-143,27,address-before-joint-session-the-congress-the-state-the-union-22.txt,143,"come know truth never question: evil real, must opposed.",https://www.presidency.ucsb.edu/documents/address-before-joint-session-the-congress-the-state-the-union-22,George W. Bush,2002.0,,,,,,
pm-speaking-notes-nyu-commencement-address-51,208,pm-speaking-notes-nyu-commencement-address.txt,51,leadership always getting people act common cause.,https://www.pm.gc.ca/en/news/speeches/2018/05/16/pm-speaking-notes-nyu-commencement-address,,2018.0,,,,,,
annual-message-congress-2-49,55,annual-message-congress-2.txt,49,"within borders, world large, popular opinion war power-seeking minority.",https://www.presidency.ucsb.edu/documents/annual-message-congress-2,Franklin D. Roosevelt,1936.0,,,,,,
address-before-joint-session-the-congress-the-state-the-union-9-165,42,address-before-joint-session-the-congress-the-state-the-union-9.txt,165,proud america led effort rescue neighbor mexico economic crisis.,https://www.presidency.ucsb.edu/documents/address-before-joint-session-the-congress-the-state-the-union-9,William J. Clinton,1997.0,,,,,,
annual-message-the-congress-the-state-the-union-12-276,62,annual-message-the-congress-the-state-the-union-12.txt,276,every citizen rightly expects efficient economical administration many government program outlined today.,https://www.presidency.ucsb.edu/documents/annual-message-the-congress-the-state-the-union-12,Dwight D. Eisenhower,1955.0,,,,,,
prime-ministers-remarks-fatal-plane-crash-iran-7,252,prime-ministers-remarks-fatal-plane-crash-iran.txt,7,"coming day weeks, government continue work closely partner ensure crash thoroughly investigated.",https://www.pm.gc.ca/en/news/speeches/2020/01/08/prime-ministers-remarks-fatal-plane-crash-iran,,2020.0,,,,,,
annual-message-the-congress-the-state-the-union-12-194,62,annual-message-the-congress-the-state-the-union-12.txt,194,"long two rule observed, government fully meet obligation without creating dependent population domineering bureaucracy.",https://www.presidency.ucsb.edu/documents/annual-message-the-congress-the-state-the-union-12,Dwight D. Eisenhower,1955.0,,,,,,
address-before-joint-session-congress-the-state-the-union-2-89,4,address-before-joint-session-congress-the-state-the-union-2.txt,89,also issuing new goal america: let's cut half energy wasted home business next 20 years.,https://www.presidency.ucsb.edu/documents/address-before-joint-session-congress-the-state-the-union-2,Barack Obama,2013.0,,,,,,
address-before-joint-session-the-congress-the-state-the-union-26-126,31,address-before-joint-session-the-congress-the-state-the-union-26.txt,126,"already, result administration's efforts, 2018, drug price experienced single largest decline 46 years.",https://www.presidency.ucsb.edu/documents/address-before-joint-session-the-congress-the-state-the-union-26,Donald J. Trump (1st Term),2019.0,,,,,,
address-before-joint-session-the-congress-the-state-the-union-7-62,40,address-before-joint-session-the-congress-the-state-the-union-7.txt,62,"today, help vice president's e-rate program, half are, 90 percent school least one internet connection.",https://www.presidency.ucsb.edu/documents/address-before-joint-session-the-congress-the-state-the-union-7,William J. Clinton,2000.0,,,,,,
annual-message-congress-0-118,53,annual-message-congress-0.txt,118,"government expected cooperate every way business nation provided component part business abandon practice belong day age, adopt price production policy appropriate times.",https://www.presidency.ucsb.edu/documents/annual-message-congress-0,Franklin D. Roosevelt,1938.0,,,,,,
address-before-joint-session-the-congress-the-state-the-union-28-119,33,address-before-joint-session-the-congress-the-state-the-union-28.txt,119,"also includes home long-term care, affordable housing, pre-k 3- 4-year-olds.",https://www.presidency.ucsb.edu/documents/address-before-joint-session-the-congress-the-state-the-union-28,"Joseph R. Biden, Jr.",2022.0,,,,,,
the-uk-is-deeply-concerned-about-events-in-north-east-syria-uk-statement-at-the-un-security-council-10,350,the-uk-is-deeply-concerned-about-events-in-north-east-syria-uk-statement-at-the-un-security-council.txt,10,"uk providing life-saving humanitarian assistance affected violence displacement north-east syria, safe access allows.",https://www.gov.uk/government/speeches/the-uk-is-deeply-concerned-about-events-in-north-east-syria-uk-statement-at-the-un-security-council,James Kariuki CMG,,,,,,,
prime-ministers-remarks-efforts-bring-canadians-home-abroad-20,250,prime-ministers-remarks-efforts-bring-canadians-home-abroad.txt,20,"now, won’t able reach everyone, we’re going best help can.",https://www.pm.gc.ca/en/news/speeches/2020/03/21/prime-ministers-remarks-efforts-bring-canadians-home-abroad,,2020.0,,,,,,
address-before-joint-session-the-congress-the-state-the-union-9-120,42,address-before-joint-session-the-congress-the-state-the-union-9.txt,120,"ask mount full-scale assault juvenile crime legislation declares war gang new prosecutor tougher penalties; extends brady bill violent teen criminal able buy handguns; requires child safety lock handgun prevent unauthorized use; help keep school open hours, weekends, summer, young people someplace go something say yes to.",https://www.presidency.ucsb.edu/documents/address-before-joint-session-the-congress-the-state-the-union-9,William J. Clinton,1997.0,,,,,,
first-annual-message-20-113,130,first-annual-message-20.txt,113,"major source production rigidly regulated, every effort made suppress interstate traffic.",https://www.presidency.ucsb.edu/documents/first-annual-message-20,Calvin Coolidge,1923.0,,,,,,
address-before-joint-session-the-congress-the-state-the-union-11-252,15,address-before-joint-session-the-congress-the-state-the-union-11.txt,252,say service inspired get high school equivalency last year.,https://www.presidency.ucsb.edu/documents/address-before-joint-session-the-congress-the-state-the-union-11,William J. Clinton,1995.0,,,,,,
address-before-joint-session-the-congress-the-state-the-union-11-182,15,address-before-joint-session-the-congress-the-state-the-union-11.txt,182,ought help family provide long-term care sick parent disabled child.,https://www.presidency.ucsb.edu/documents/address-before-joint-session-the-congress-the-state-the-union-11,William J. Clinton,1995.0,,,,,,
prime-ministers-remarks-new-support-covid-19-medical-research-and-vaccine-37,262,prime-ministers-remarks-new-support-covid-19-medical-research-and-vaccine.txt,37,"request military assistance ontario quebec, course answering.",https://www.pm.gc.ca/en/news/speeches/2020/04/23/prime-ministers-remarks-new-support-covid-19-medical-research-and-vaccine,,2020.0,,,,,,
annual-message-the-congress-the-state-the-union-1-44,60,annual-message-the-congress-the-state-the-union-1.txt,44,"also ask appropriation extra $100 million launch intensive campaign find cure cancer, ask later whatever additional fund effectively used.",https://www.presidency.ucsb.edu/documents/annual-message-the-congress-the-state-the-union-1,Richard Nixon,1971.0,,,,,,
appointment-new-secretary-department-employment-and-workplace-relations-1,86,appointment-new-secretary-department-employment-and-workplace-relations.txt,1,incapsula incident id: 508000580104017949-103629739750329992,https://www.pm.gov.au/media/appointment-new-secretary-department-employment-and-workplace-relations,Anthony Albanese MP,2026.0,,,,,,
address-before-joint-session-the-congress-the-state-the-union-21-22,26,address-before-joint-session-the-congress-the-state-the-union-21.txt,22,"three decades, even great recession hit, massive shift technology global competition eliminated lot good, middle class job weakened economic foundation family depend on.",https://www.presidency.ucsb.edu/documents/address-before-joint-session-the-congress-the-state-the-union-21,Barack Obama,2014.0,,,,,,
prime-minister-justin-trudeaus-address-71st-session-united-nations-general-1,226,prime-minister-justin-trudeaus-address-71st-session-united-nations-general.txt,1,"go translated article september 20, 2016 new york, new york check delivery good afternoon.",https://www.pm.gc.ca/en/news/speeches/2016/09/20/prime-minister-justin-trudeaus-address-71st-session-united-nations-general,,2016.0,,,,,,
state-the-union-address-0-62,334,state-the-union-address-0.txt,62,"1942, produced 670,000 machine guns, six time greater production 1941 three time greater total production year half participation first world war.",https://www.presidency.ucsb.edu/documents/state-the-union-address-0,Franklin D. Roosevelt,1943.0,,,,,,
annual-message-the-congress-the-state-the-union-28-40,75,annual-message-the-congress-the-state-the-union-28.txt,40,"recommended, you, congress, approved, 10 different reorganization plans, combining consolidating many bureau government, creating two entirely new cabinet departments.",https://www.presidency.ucsb.edu/documents/annual-message-the-congress-the-state-the-union-28,Lyndon B. Johnson,1967.0,,,,,,
address-before-joint-session-the-congress-the-state-the-union-23-150,28,address-before-joint-session-the-congress-the-state-the-union-23.txt,150,"intelligence indicates saddam hussein upwards 30,000 munition capable delivering chemical agents.",https://www.presidency.ucsb.edu/documents/address-before-joint-session-the-congress-the-state-the-union-23,George W. Bush,2003.0,,,,,,
address-before-joint-session-the-congress-reporting-the-state-the-union-1-138,9,address-before-joint-session-the-congress-reporting-the-state-the-union-1.txt,138,old order disarray; political economic institution shattered.,https://www.presidency.ucsb.edu/documents/address-before-joint-session-the-congress-reporting-the-state-the-union-1,Gerald R. Ford,1975.0,,,,,,
prime-minister-keynote-speech-world-economic-forum-2018-82,231,prime-minister-keynote-speech-world-economic-forum-2018.txt,82,creation benefit program caregiver would help ease economic strain taking time work.,https://www.pm.gc.ca/en/news/speeches/2018/01/23/prime-minister-keynote-speech-world-economic-forum-2018,,2018.0,,,,,,
annual-message-the-congress-the-state-the-union-3-103,77,annual-message-the-congress-the-state-the-union-3.txt,103,"beginning realize longing independence world over, whether independence west berlin viet-nam.",https://www.presidency.ucsb.edu/documents/annual-message-the-congress-the-state-the-union-3,John F. Kennedy,1963.0,,,,,,
prime-ministers-speech-french-national-assembly-47,286,prime-ministers-speech-french-national-assembly.txt,47,two country united ambition fight climate change growing economy sustainable way.,https://www.pm.gc.ca/en/news/speeches/2018/04/17/prime-ministers-speech-french-national-assembly,,2018.0,,,,,,
address-before-joint-session-the-congress-reporting-the-state-the-union-152,11,address-before-joint-session-the-congress-reporting-the-state-the-union.txt,152,taken role leadership launching serious hopeful dialog industrial world developing world.,https://www.presidency.ucsb.edu/documents/address-before-joint-session-the-congress-reporting-the-state-the-union,Gerald R. Ford,1976.0,,,,,,
address-before-joint-session-the-congress-the-state-the-union-3-86,35,address-before-joint-session-the-congress-the-state-the-union-3.txt,86,"finally, proposal include new incentive summer youth employment help young people get start job market.",https://www.presidency.ucsb.edu/documents/address-before-joint-session-the-congress-the-state-the-union-3,Ronald Reagan,1983.0,,,,,,
annual-message-the-congress-the-state-the-union-13-83,63,annual-message-the-congress-the-state-the-union-13.txt,83,"sixth, military non-military measure continental defense must strengthened.",https://www.presidency.ucsb.edu/documents/annual-message-the-congress-the-state-the-union-13,Dwight D. Eisenhower,1954.0,,,,,,
annual-message-the-congress-the-state-the-union-4-66,79,annual-message-the-congress-the-state-the-union-4.txt,66,shall recommend plan massive attack end adult illiteracy.,https://www.presidency.ucsb.edu/documents/annual-message-the-congress-the-state-the-union-4,John F. Kennedy,1962.0,,,,,,
excerpts-the-report-congressional-committees-investigating-the-iran-contra-affair-52,123,excerpts-the-report-congressional-committees-investigating-the-iran-contra-affair.txt,52,program conducted office state department known office public diplomacy latin america caribbean (s/lpd).,https://www.presidency.ucsb.edu/documents/excerpts-the-report-congressional-committees-investigating-the-iran-contra-affair,U.S. Congress,1987.0,,,,,,
annual-message-the-congress-the-state-the-union-12-67,62,annual-message-the-congress-the-state-the-union-12.txt,67,"third, keep armed force abreast advance science, military planning must flexible enough utilize new weapon technique flow ever speedily research development programs.",https://www.presidency.ucsb.edu/documents/annual-message-the-congress-the-state-the-union-12,Dwight D. Eisenhower,1955.0,,,,,,
liz-kendalls-speech-at-bio-industry-association-17,176,liz-kendalls-speech-at-bio-industry-association.txt,17,"it’s june, british business bank ( bbb ) launched £4 billion industrial strategy growth capital initiative, help promising firm scale up, keep uk longer.",https://www.gov.uk/government/speeches/liz-kendalls-speech-at-bio-industry-association,The Rt Hon Liz Kendall MP,,,,,,,
annual-message-the-congress-the-state-the-union-3-75,77,annual-message-the-congress-the-state-the-union-3.txt,75,complacency self-congratulation imperil security much weapon tyranny.,https://www.presidency.ucsb.edu/documents/annual-message-the-congress-the-state-the-union-3,John F. Kennedy,1963.0,,,,,,
address-before-joint-session-the-congress-the-state-the-union-17-152,21,address-before-joint-session-the-congress-the-state-the-union-17.txt,152,"now, know party argue can't address deficit freeze government spending many still hurting.",https://www.presidency.ucsb.edu/documents/address-before-joint-session-the-congress-the-state-the-union-17,Barack Obama,2010.0,,,,,,
address-before-joint-session-the-congress-the-state-the-union-26-6,31,address-before-joint-session-the-congress-the-state-the-union-26.txt,6,"new opportunity american politics, courage, together, seize it.",https://www.presidency.ucsb.edu/documents/address-before-joint-session-the-congress-the-state-the-union-26,Donald J. Trump (1st Term),2019.0,,,,,,
address-before-joint-session-the-congress-the-state-the-union-154,43,address-before-joint-session-the-congress-the-state-the-union.txt,154,"contagion violence could spill across country, and, time, entire region could drawn conflict.",https://www.presidency.ucsb.edu/documents/address-before-joint-session-the-congress-the-state-the-union,George W. Bush,2007.0,,,,,,
address-before-joint-session-the-congress-the-state-the-union-17-235,21,address-before-joint-session-the-congress-the-state-the-union-17.txt,235,institution full honorable men woman important work help country prosper.,https://www.presidency.ucsb.edu/documents/address-before-joint-session-the-congress-the-state-the-union-17,Barack Obama,2010.0,,,,,,
liz-kendalls-speech-at-bloomberg-68,177,liz-kendalls-speech-at-bloomberg.txt,68,"we’re already seeing ai growth zones… …in newcastle, home sage, uk’s largest tech company… …and bristol, home graphcore.",https://www.gov.uk/government/speeches/liz-kendalls-speech-at-bloomberg,The Rt Hon Liz Kendall MP,,,,,,,
russia-prioritises-disinformation-over-energy-ceasefire-uk-statement-to-the-osce-14,312,russia-prioritises-disinformation-over-energy-ceasefire-uk-statement-to-the-osce.txt,14,"russia claim wish fsc function effectively, behaviour tell different story: example, forum, russia alleged established total control kupiansk.",https://www.gov.uk/government/speeches/russia-prioritises-disinformation-over-energy-ceasefire-uk-statement-to-the-osce,,,,,,,,
prime-minister-justin-trudeaus-speech-assembly-first-nations-special-79,230,prime-minister-justin-trudeaus-speech-assembly-first-nations-special.txt,79,"u gathered room historic opportunity define, together, relationship based recognition look like generation come.",https://www.pm.gc.ca/en/news/speeches/2016/12/06/prime-minister-justin-trudeaus-speech-assembly-first-nations-special,,2016.0,,,,,,
annual-message-the-congress-the-state-the-union-2-16,69,annual-message-the-congress-the-state-the-union-2.txt,16,"shall discus detail new concept program designed achieve goal separate report foreign policy, shall submit congress later date.",https://www.presidency.ucsb.edu/documents/annual-message-the-congress-the-state-the-union-2,Richard Nixon,1970.0,,,,,,
prime-ministers-remarks-support-students-and-new-grads-affected-covid-19-23,269,prime-ministers-remarks-support-students-and-new-grads-affected-covid-19.txt,23,"period covered benefit start may 1, payment delivered canada revenue agency.",https://www.pm.gc.ca/en/news/speeches/2020/04/22/prime-ministers-remarks-support-students-and-new-grads-affected-covid-19,,2020.0,,,,,,
excerpts-the-report-congressional-committees-investigating-the-iran-contra-affair-320,123,excerpts-the-report-congressional-committees-investigating-the-iran-contra-affair.txt,320,committee recommend oversight capability intelligence committee strengthened acquisition audit staff.,https://www.presidency.ucsb.edu/documents/excerpts-the-report-congressional-committees-investigating-the-iran-contra-affair,U.S. Congress,1987.0,,,,,,
address-before-joint-session-the-congress-the-state-the-union-13-119,17,address-before-joint-session-the-congress-the-state-the-union-13.txt,119,"year, first 78 million baby boomer turn 60, including two dad's favorite people—me president clinton.",https://www.presidency.ucsb.edu/documents/address-before-joint-session-the-congress-the-state-the-union-13,George W. Bush,2006.0,,,,,,
address-before-joint-session-the-congress-the-state-the-union-29-125,34,address-before-joint-session-the-congress-the-state-the-union-29.txt,125,invested little profit increase domestic production.,https://www.presidency.ucsb.edu/documents/address-before-joint-session-the-congress-the-state-the-union-29,"Joseph R. Biden, Jr.",2023.0,,,,,,
annual-message-the-congress-the-state-the-union-3-8,77,annual-message-the-congress-the-state-the-union-3.txt,8,"settlement, though still precarious, reached laos.",https://www.presidency.ucsb.edu/documents/annual-message-the-congress-the-state-the-union-3,John F. Kennedy,1963.0,,,,,,
address-before-joint-session-the-congress-the-state-the-union-13-107,17,address-before-joint-session-the-congress-the-state-the-union-13.txt,107,tonight set better path: agenda nation competes confidence; agenda raise standard living generate new jobs.,https://www.presidency.ucsb.edu/documents/address-before-joint-session-the-congress-the-state-the-union-13,George W. Bush,2006.0,,,,,,
first-annual-message-18-88,128,first-annual-message-18.txt,88,"surely proper pertinent part report ""the state union"" express admiration diligence, good temper, full comprehension public duty already manifested houses; hope may deemed impertinent intrusion picture say much constant satisfaction availed privilege putting time energy disposal alike counsel action.",https://www.presidency.ucsb.edu/documents/first-annual-message-18,Woodrow Wilson,1913.0,,,,,,
prime-ministers-remarks-health-care-supplies-and-equipment-13,255,prime-ministers-remarks-health-care-supplies-and-equipment.txt,13,"know pandemic incredibly challenging people right across country, also seeing best mean canadian.",https://www.pm.gc.ca/en/news/speeches/2020/03/31/prime-ministers-remarks-health-care-supplies-and-equipment,,1969.0,,,,,,
address-before-joint-session-the-congress-the-state-the-union-9-134,42,address-before-joint-session-the-congress-the-state-the-union-9.txt,134,"that's president bush, general colin powell, former housing secretary henry cisneros join vice president lead presidents' summit service philadelphia april.",https://www.presidency.ucsb.edu/documents/address-before-joint-session-the-congress-the-state-the-union-9,William J. Clinton,1997.0,,,,,,
annual-message-the-congress-the-state-the-union-13-176,63,annual-message-the-congress-the-state-the-union-13.txt,176,"require cancellation ½¢ decrease otherwise become effective april 1st, maintain revenue expanded highway program undertaken.",https://www.presidency.ucsb.edu/documents/annual-message-the-congress-the-state-the-union-13,Dwight D. Eisenhower,1954.0,,,,,,
annual-message-the-congress-the-state-the-union-21-106,71,annual-message-the-congress-the-state-the-union-21.txt,106,additional legislation encourage housing submitted.,https://www.presidency.ucsb.edu/documents/annual-message-the-congress-the-state-the-union-21,Harry S Truman,1949.0,,,,,,
h-res-755-articles-impeachment-against-donald-john-trump-36,141,h-res-755-articles-impeachment-against-donald-john-trump.txt,36,"president trump thus warrant impeachment trial, removal office, disqualification hold enjoy office honor, trust, profit united states.",https://www.presidency.ucsb.edu/documents/h-res-755-articles-impeachment-against-donald-john-trump,U.S. Congress,2019.0,,,,,,
pm-speaking-notes-egale-leadership-award-23,207,pm-speaking-notes-egale-leadership-award.txt,23,"watched dad stand floor house commons, surrounded colleagues, promise we, nation, would better.",https://www.pm.gc.ca/en/news/speeches/2018/05/24/pm-speaking-notes-egale-leadership-award,,2018.0,,,,,,
annual-message-the-congress-the-state-the-union-30-38,78,annual-message-the-congress-the-state-the-union-30.txt,38,think assure decent medical care every expectant mother child first year life united state america.,https://www.presidency.ucsb.edu/documents/annual-message-the-congress-the-state-the-union-30,Lyndon B. Johnson,1969.0,,,,,,
annual-message-the-congress-the-state-the-union-28-198,75,annual-message-the-congress-the-state-the-union-28.txt,198,congress pledged solemn vote take necessary measure prevent aggression.,https://www.presidency.ucsb.edu/documents/annual-message-the-congress-the-state-the-union-28,Lyndon B. Johnson,1967.0,,,,,,
health-secretary-wes-streeting-launches-national-cancer-plan-45,142,health-secretary-wes-streeting-launches-national-cancer-plan.txt,45,we’ll see major expansion kind robot-assisted surgery – look forward development new vaccine medical breakthrough consign cancer history books.,https://www.gov.uk/government/speeches/health-secretary-wes-streeting-launches-national-cancer-plan,The Rt Hon Wes Streeting MP,,,,,,,
annual-message-the-congress-the-state-the-union-21-59,71,annual-message-the-congress-the-state-the-union-21.txt,59,"however, certain improvements, recommended congress 2 year ago, needed.",https://www.presidency.ucsb.edu/documents/annual-message-the-congress-the-state-the-union-21,Harry S Truman,1949.0,,,,,,
prime-minister-justin-trudeau-updates-canadians-about-flight-ps752-tragedy-35,225,prime-minister-justin-trudeau-updates-canadians-about-flight-ps752-tragedy.txt,35,"speak, minister champagne oman meeting iranian counterpart discus bring justice accountability family victims.",https://www.pm.gc.ca/en/news/speeches/2020/01/17/prime-minister-justin-trudeau-updates-canadians-about-flight-ps752-tragedy,,2020.0,,,,,,
prime-minister-trudeaus-address-yom-kippur-20,233,prime-minister-trudeaus-address-yom-kippur.txt,20,"absolutely take child back they’re little older, part even look forward challenge accompanying guiding properly dad.",https://www.pm.gc.ca/en/news/speeches/2016/10/11/prime-minister-trudeaus-address-yom-kippur,,2019.0,,,,,,
address-before-joint-session-the-congress-the-state-the-union-95,43,address-before-joint-session-the-congress-the-state-the-union.txt,95,"cannot know full extent attack ally prevented, know.",https://www.presidency.ucsb.edu/documents/address-before-joint-session-the-congress-the-state-the-union,George W. Bush,2007.0,,,,,,
prime-ministers-remarks-canada-emergency-response-benefit-and-covid-19-40,247,prime-ministers-remarks-canada-emergency-response-benefit-and-covid-19.txt,40,"we’re facing once-in-a-generation challenge, top that, can’t many thing keep feeling good – getting together friends, dinner neighbour.",https://www.pm.gc.ca/en/news/speeches/2020/03/25/prime-ministers-remarks-canada-emergency-response-benefit-and-covid-19,,2020.0,,,,,,
first-annual-message-20-75,130,first-annual-message-20.txt,75,"must merchant marine meet requirements, shall pay cost service.",https://www.presidency.ucsb.edu/documents/first-annual-message-20,Calvin Coolidge,1923.0,,,,,,
address-before-joint-session-congress-the-state-the-union-17,5,address-before-joint-session-congress-the-state-the-union.txt,17,teddy roosevelt said nation great work life forever.,https://www.presidency.ucsb.edu/documents/address-before-joint-session-congress-the-state-the-union,Ronald Reagan,1986.0,,,,,,
diversity-canadas-strength-53,111,diversity-canadas-strength.txt,53,it’s shared sense purpose that’s hard define deeply felt.,https://www.pm.gc.ca/en/news/speeches/2015/11/26/diversity-canadas-strength,,2015.0,,,,,,
annual-message-the-congress-the-state-the-union-4-140,79,annual-message-the-congress-the-state-the-union-4.txt,140,"newly conceived peace corp winning friend helping people fourteen countries--supplying trained dedicated young men women, give new nation hand building society, glimpse best country.",https://www.presidency.ucsb.edu/documents/annual-message-the-congress-the-state-the-union-4,John F. Kennedy,1962.0,,,,,,
annual-message-the-congress-the-state-the-union-25-67,72,annual-message-the-congress-the-state-the-union-25.txt,67,member public equally eligible federal benefit financed public.,https://www.presidency.ucsb.edu/documents/annual-message-the-congress-the-state-the-union-25,Lyndon B. Johnson,1964.0,,,,,,
annual-message-the-congress-the-state-the-union-17-172,67,annual-message-the-congress-the-state-the-union-17.txt,172,"also think congress great deal strengthen confidence institution applying rigorous standard moral integrity operations, finding effective way control campaign expenditures, protecting right individual congressional investigations.",https://www.presidency.ucsb.edu/documents/annual-message-the-congress-the-state-the-union-17,Harry S Truman,1952.0,,,,,,
prime-ministers-remarks-updating-canadians-about-covid-19-and-new-measures-24,271,prime-ministers-remarks-updating-canadians-about-covid-19-and-new-measures.txt,24,"tam said official tested 50,000 canadian since beginning outbreak.",https://www.pm.gc.ca/en/news/speeches/2020/03/19/prime-ministers-remarks-updating-canadians-about-covid-19-and-new-measures,,2020.0,,,,,,
address-before-joint-session-the-congress-the-state-the-union-29-76,34,address-before-joint-session-the-congress-the-state-the-union-29.txt,76,folks—[ applause ]—and totally—it's totally—consistent international trade rules.,https://www.presidency.ucsb.edu/documents/address-before-joint-session-the-congress-the-state-the-union-29,"Joseph R. Biden, Jr.",2023.0,,,,,,
prime-ministers-remarks-health-and-social-support-northern-communities-31,254,prime-ministers-remarks-health-and-social-support-northern-communities.txt,31,mean build capacity over-time extra shift inspector fill demand.,https://www.pm.gc.ca/en/news/speeches/2020/04/14/prime-ministers-remarks-health-and-social-support-northern-communities,,2020.0,,,,,,
prime-minister-justin-trudeaus-speech-assembly-first-nations-special-7,230,prime-minister-justin-trudeaus-speech-assembly-first-nations-special.txt,7,"“original seven”: david, stanley, travis, johnny, raymond, geordie, isaac.",https://www.pm.gc.ca/en/news/speeches/2016/12/06/prime-minister-justin-trudeaus-speech-assembly-first-nations-special,,2016.0,,,,,,
annual-message-the-congress-the-state-the-union-27-71,74,annual-message-the-congress-the-state-the-union-27.txt,71,"propose take step modernize streamline executive branch, modernize relation city state nation.",https://www.presidency.ucsb.edu/documents/annual-message-the-congress-the-state-the-union-27,Lyndon B. Johnson,1966.0,,,,,,
annual-message-the-congress-the-state-the-union-16-26,66,annual-message-the-congress-the-state-the-union-16.txt,26,problem security demand closer cooperation among nation europe known date.,https://www.presidency.ucsb.edu/documents/annual-message-the-congress-the-state-the-union-16,Dwight D. Eisenhower,1953.0,,,,,,
address-before-joint-session-the-congress-reporting-the-state-the-union-138,11,address-before-joint-session-the-congress-reporting-the-state-the-union.txt,138,propose new budget congress authorize almost $7 billion next 5 year assist state local government protect safety property citizens.,https://www.presidency.ucsb.edu/documents/address-before-joint-session-the-congress-reporting-the-state-the-union,Gerald R. Ford,1976.0,,,,,,
address-before-joint-session-congress-the-state-the-union-2-108,4,address-before-joint-session-congress-the-state-the-union-2.txt,108,"today, fewer 3 10 4-year-olds enrolled high-quality preschool program.",https://www.presidency.ucsb.edu/documents/address-before-joint-session-congress-the-state-the-union-2,Barack Obama,2013.0,,,,,,
prime-ministers-speaking-notes-pollution-pricing-announcement-8,285,prime-ministers-speaking-notes-pollution-pricing-announcement.txt,8,"extreme weather event becoming frequent number, expensive clean up, devastating canadian communities.",https://www.pm.gc.ca/en/news/speeches/2018/10/23/prime-ministers-speaking-notes-pollution-pricing-announcement,,2018.0,,,,,,
prime-ministers-remarks-thanking-workers-and-all-canadians-helping-their-17,270,prime-ministers-remarks-thanking-workers-and-all-canadians-helping-their.txt,17,"specialized skill looking help frontline workers, want hear you.",https://www.pm.gc.ca/en/news/speeches/2020/04/05/prime-ministers-remarks-thanking-workers-and-all-canadians-helping-their,,2020.0,,,,,,
address-before-joint-session-the-congress-the-state-the-union-13-207,17,address-before-joint-session-the-congress-the-state-the-union-13.txt,207,"move forward, optimistic country, faithful cause, confident victory come.",https://www.presidency.ucsb.edu/documents/address-before-joint-session-the-congress-the-state-the-union-13,George W. Bush,2006.0,,,,,,
address-before-joint-session-the-congress-the-state-the-union-29-143,34,address-before-joint-session-the-congress-the-state-the-union-29.txt,143,"folks—[ applause ]—so, folks, apparently agree, social security medicare book now, right?",https://www.presidency.ucsb.edu/documents/address-before-joint-session-the-congress-the-state-the-union-29,"Joseph R. Biden, Jr.",2023.0,,,,,,
address-before-joint-session-the-congress-the-state-the-union-15-228,19,address-before-joint-session-the-congress-the-state-the-union-15.txt,228,one young men involved raid later told deserve credit mission.,https://www.presidency.ucsb.edu/documents/address-before-joint-session-the-congress-the-state-the-union-15,Barack Obama,2012.0,,,,,,
prime-ministers-remarks-introducing-canada-emergency-commercial-rent-26,258,prime-ministers-remarks-introducing-canada-emergency-commercial-rent.txt,26,"coming weeks, you’ll hear talk reopening, need know we’re woods.",https://www.pm.gc.ca/en/news/speeches/2020/04/24/prime-ministers-remarks-introducing-canada-emergency-commercial-rent,,2020.0,,,,,,
speech-for-un-association-80th-anniversary-of-united-nations-general-assembly-meeting-47,332,speech-for-un-association-80th-anniversary-of-united-nations-general-assembly-meeting.txt,47,"want un restore role world’s principal mediator peacekeeper, supported modern early warning system help prevent conflict erupts.",https://www.gov.uk/government/speeches/speech-for-un-association-80th-anniversary-of-united-nations-general-assembly-meeting,The Rt Hon Lord Hermer KC,,,,,,,
first-annual-message-18-47,128,first-annual-message-18.txt,47,"turn farm world business center city factory, think thoughtful observer agree immediate service owe business community country prevent private monopoly effectually yet prevented.",https://www.presidency.ucsb.edu/documents/first-annual-message-18,Woodrow Wilson,1913.0,,,,,,
address-before-joint-session-the-congress-the-state-the-union-17-244,21,address-before-joint-session-the-congress-the-state-the-union-17.txt,244,"what's necessary keep poll number high get next election, instead what's best next generation.",https://www.presidency.ucsb.edu/documents/address-before-joint-session-the-congress-the-state-the-union-17,Barack Obama,2010.0,,,,,,
deputy-prime-minister-remarks-second-reading-legislation-implement-new-69,109,deputy-prime-minister-remarks-second-reading-legislation-implement-new.txt,69,"see labour chapter, includes key provision strengthen improve labour standard nafta space.",https://www.pm.gc.ca/en/news/speeches/2020/01/30/deputy-prime-minister-remarks-second-reading-legislation-implement-new,,1969.0,,,,,,
annual-message-the-congress-the-state-the-union-10-5,61,annual-message-the-congress-the-state-the-union-10.txt,5,"justify past, gloss problem present, propose easy solution future.",https://www.presidency.ucsb.edu/documents/annual-message-the-congress-the-state-the-union-10,Dwight D. Eisenhower,1958.0,,,,,,
first-annual-message-20-188,130,first-annual-message-20.txt,188,"legislation exceedingly urgent, essential exercise national authority protection people.",https://www.presidency.ucsb.edu/documents/first-annual-message-20,Calvin Coolidge,1923.0,,,,,,
the-state-the-union-address-delivered-before-joint-session-the-congress-0-90,347,the-state-the-union-address-delivered-before-joint-session-the-congress-0.txt,90,"purpose salt, now, gain unilateral advantage either nation, protect security nations, reverse costly dangerous momentum nuclear arm race, preserve stable balance nuclear forces, demonstrate concerned world determined help preserve peace.",https://www.presidency.ucsb.edu/documents/the-state-the-union-address-delivered-before-joint-session-the-congress-0,Jimmy Carter,1979.0,,,,,,
first-annual-message-20-164,130,first-annual-message-20.txt,164,"purpose, necessary continue policy restricted immigration.",https://www.presidency.ucsb.edu/documents/first-annual-message-20,Calvin Coolidge,1923.0,,,,,,
sudan-foreign-secretarys-statement-5-february-2026-5,341,sudan-foreign-secretarys-statement-5-february-2026.txt,5,"defined unimaginable atrocities, million pushed famine, horrific use rape weapon war.",https://www.gov.uk/government/speeches/sudan-foreign-secretarys-statement-5-february-2026,The Rt Hon Yvette Cooper MP,,,,,,,
prime-ministers-remarks-updating-canadians-supplies-and-support-shelters-12,281,prime-ministers-remarks-updating-canadians-supplies-and-support-shelters.txt,12,that’s we’ve invested $40 million women’s shelter sexual assault centre across country.,https://www.pm.gc.ca/en/news/speeches/2020/04/04/prime-ministers-remarks-updating-canadians-supplies-and-support-shelters,,2020.0,,,,,,
pm-speech-house-commons-new-zealand-mosque-shootings-1,210,pm-speech-house-commons-new-zealand-mosque-shootings.txt,1,"go translated article march 19, 2019 ottawa, ontario check delivery mr.",https://www.pm.gc.ca/en/news/speeches/2019/03/19/pm-speech-house-commons-new-zealand-mosque-shootings,,2019.0,,,,,,
prime-ministers-remarks-updating-canadians-covid-19-situation-15,274,prime-ministers-remarks-updating-canadians-covid-19-situation.txt,15,"that’s money use whatever need, whether it’s monthly expense paying employees.",https://www.pm.gc.ca/en/news/speeches/2020/04/10/prime-ministers-remarks-updating-canadians-covid-19-situation,,2020.0,,,,,,
address-before-joint-session-the-congress-the-state-the-union-8-30,41,address-before-joint-session-the-congress-the-state-the-union-8.txt,30,tonight propose reserve 100 percent surplus—that's every penny surplus—until taken necessary measure strengthen social security system 21st century.,https://www.presidency.ucsb.edu/documents/address-before-joint-session-the-congress-the-state-the-union-8,William J. Clinton,1998.0,,,,,,
address-before-joint-session-the-congress-the-state-the-union-0-33,12,address-before-joint-session-the-congress-the-state-the-union-0.txt,33,cease production new warhead sea-based ballistic missiles.,https://www.presidency.ucsb.edu/documents/address-before-joint-session-the-congress-the-state-the-union-0,George Bush,1992.0,,,,,,
address-before-joint-session-the-congress-the-state-the-union-2-101,24,address-before-joint-session-the-congress-the-state-the-union-2.txt,101,"held little guy first time, trouble home abroad seemed manageable totally perspective.",https://www.presidency.ucsb.edu/documents/address-before-joint-session-the-congress-the-state-the-union-2,George Bush,1990.0,,,,,,
prime-minister-justin-trudeau-delivers-speech-pricing-carbon-pollution-6,223,prime-minister-justin-trudeau-delivers-speech-pricing-carbon-pollution.txt,6,"second, say we’re going something, follow through.",https://www.pm.gc.ca/en/news/speeches/2016/10/03/prime-minister-justin-trudeau-delivers-speech-pricing-carbon-pollution,,2016.0,,,,,,
address-before-joint-session-congress-the-state-the-union-1-121,3,address-before-joint-session-congress-the-state-the-union-1.txt,121,"volunteer hospital choking back tear hundredth time, caring baby struggling life mother used drugs.",https://www.presidency.ucsb.edu/documents/address-before-joint-session-congress-the-state-the-union-1,Ronald Reagan,1987.0,,,,,,
address-before-joint-session-the-congress-the-state-the-union-18-56,22,address-before-joint-session-the-congress-the-state-the-union-18.txt,56,"sadly, school disappearing alarming rate many america's inner cities.",https://www.presidency.ucsb.edu/documents/address-before-joint-session-the-congress-the-state-the-union-18,George W. Bush,2008.0,,,,,,
annual-message-the-congress-the-state-the-union-4-170,79,annual-message-the-congress-the-state-the-union-4.txt,170,persistently large deficit would endanger economic growth military defense commitment abroad.,https://www.presidency.ucsb.edu/documents/annual-message-the-congress-the-state-the-union-4,John F. Kennedy,1962.0,,,,,,
address-before-joint-session-the-congress-the-state-the-union-11-172,15,address-before-joint-session-the-congress-the-state-the-union-11.txt,172,"everybody else here, including president, something else many american without, that's health care.",https://www.presidency.ucsb.edu/documents/address-before-joint-session-the-congress-the-state-the-union-11,William J. Clinton,1995.0,,,,,,
address-the-state-the-union-delivered-before-joint-session-the-congress-139,50,address-the-state-the-union-delivered-before-joint-session-the-congress.txt,139,"provide opportunity may never create structure peace solid enough last lifetime more, peace time peace children's time well.",https://www.presidency.ucsb.edu/documents/address-the-state-the-union-delivered-before-joint-session-the-congress,Richard Nixon,1974.0,,,,,,
upr51-uk-statement-on-austria-2,361,upr51-uk-statement-on-austria.txt,2,also welcome austria’s structured dialogue civil society monitor upr implementation.,https://www.gov.uk/government/speeches/upr51-uk-statement-on-austria,Eleanor Sanders,,,,,,,
address-before-joint-session-the-congress-the-state-the-union-1-23,13,address-before-joint-session-the-congress-the-state-the-union-1.txt,23,american know leadership brings burden sacrifices.,https://www.presidency.ucsb.edu/documents/address-before-joint-session-the-congress-the-state-the-union-1,George Bush,1991.0,,,,,,
prime-minister-justin-trudeau-delivers-speech-assembly-first-nations-45,222,prime-minister-justin-trudeau-delivers-speech-assembly-first-nations.txt,45,"many action undertake, partnering first nation review monitor major resource development project providing significant new funding help promote, preserve, protect indigenous language cultures.",https://www.pm.gc.ca/en/news/speeches/2015/12/08/prime-minister-justin-trudeau-delivers-speech-assembly-first-nations,,2015.0,,,,,,
annual-message-the-congress-the-state-the-union-4-92,79,annual-message-the-congress-the-state-the-union-4.txt,92,increased previous defense budget 15 percent--not expectation war preservation peace.,https://www.presidency.ucsb.edu/documents/annual-message-the-congress-the-state-the-union-4,John F. Kennedy,1962.0,,,,,,
the-state-the-union-address-delivered-before-joint-session-the-congress-1-83,348,the-state-the-union-address-delivered-before-joint-session-the-congress-1.txt,83,"what's best farmers, farm families, long run also best consumer country.",https://www.presidency.ucsb.edu/documents/the-state-the-union-address-delivered-before-joint-session-the-congress-1,Jimmy Carter,1978.0,,,,,,
the-presidents-inaugural-address-33,346,the-presidents-inaugural-address.txt,33,"hour day time achieve progress without strife, achieve change without hatred; without difference opinion without deep abiding division scar union generations.",https://www.presidency.ucsb.edu/documents/the-presidents-inaugural-address,Lyndon B. Johnson,1965.0,,,,,,
annual-message-congress-3-92,56,annual-message-congress-3.txt,92,already begun feel bracing effect upon economic system restored agriculture.,https://www.presidency.ucsb.edu/documents/annual-message-congress-3,Franklin D. Roosevelt,1935.0,,,,,,
statement-exoneration-chief-poundmaker-45,338,statement-exoneration-chief-poundmaker.txt,45,"said: “we know story man sat trail long, grew over, could never find way again.",https://www.pm.gc.ca/en/news/speeches/2019/05/23/statement-exoneration-chief-poundmaker,,2019.0,,,,,,
prime-ministers-remarks-announcing-covid-19-economic-response-plan-21,241,prime-ministers-remarks-announcing-covid-19-economic-response-plan.txt,21,"extraordinary times, government taking extraordinary measures.",https://www.pm.gc.ca/en/news/speeches/2020/03/18/prime-ministers-remarks-announcing-covid-19-economic-response-plan,,1969.0,,,,,,
prime-minister-trudeaus-address-yom-kippur-14,233,prime-minister-trudeaus-address-yom-kippur.txt,14,"there, decided take eldest son, xavier, museum history polish jews.",https://www.pm.gc.ca/en/news/speeches/2016/10/11/prime-minister-trudeaus-address-yom-kippur,,2019.0,,,,,,
secretary-of-states-address-to-2026-oxford-farming-conference-32,324,secretary-of-states-address-to-2026-oxford-farming-conference.txt,32,dedicated trade mission showcase british food drink overseas.,https://www.gov.uk/government/speeches/secretary-of-states-address-to-2026-oxford-farming-conference,Emma Reynolds MP,,,,,,,
culture-secretary-speech-at-15-billion-arts-everywhere-funding-announcement-18,102,culture-secretary-speech-at-15-billion-arts-everywhere-funding-announcement.txt,18,"you’re national institution, get country serve, all, work together across different sector every place.",https://www.gov.uk/government/speeches/culture-secretary-speech-at-15-billion-arts-everywhere-funding-announcement,The Rt Hon Lisa Nandy MP,,,,,,,
address-before-joint-session-the-congress-reporting-the-state-the-union-0-98,8,address-before-joint-session-the-congress-reporting-the-state-the-union-0.txt,98,"crime, fear crime, remains one serious problem facing citizens.",https://www.presidency.ucsb.edu/documents/address-before-joint-session-the-congress-reporting-the-state-the-union-0,Gerald R. Ford,1977.0,,,,,,
prime-ministers-remarks-updating-canadians-about-covid-19-and-social-6,272,prime-ministers-remarks-updating-canadians-about-covid-19-and-social.txt,6,"also want thank retired healthcare worker putting hand, coming back help take care canadians.",https://www.pm.gc.ca/en/news/speeches/2020/03/17/prime-ministers-remarks-updating-canadians-about-covid-19-and-social,,1969.0,,,,,,
prime-minister-justin-trudeau-new-approach-address-ongoing-crises-iraq-and-19,224,prime-minister-justin-trudeau-new-approach-address-ongoing-crises-iraq-and.txt,19,development canada proud tradition helping world’s poorest vulnerable.,https://www.pm.gc.ca/en/news/speeches/2016/02/08/prime-minister-justin-trudeau-new-approach-address-ongoing-crises-iraq-and,,2016.0,,,,,,
george-bradshaw-address-2026-52,137,george-bradshaw-address-2026.txt,52,"past decade, 2 serving transport secretary stood here, bradshaw lectern, promising change.",https://www.gov.uk/government/speeches/george-bradshaw-address-2026,The Rt Hon Heidi Alexander MP,,,,,,,
fourth-annual-address-congress-20,135,fourth-annual-address-congress.txt,20,"although date last official intelligence negotiation terminated, yet hoped effort effect accommodation length meet success proportioned sincerity often repeated.",https://www.presidency.ucsb.edu/documents/fourth-annual-address-congress,John Adams,,,,,,,
second-annual-message-19-80,318,second-annual-message-19.txt,80,"tried know america is, people think, are, cherish hold dear.",https://www.presidency.ucsb.edu/documents/second-annual-message-19,Woodrow Wilson,1914.0,,,,,,
annual-message-the-congress-the-state-the-union-27-167,74,annual-message-the-congress-the-state-the-union-27.txt,167,"caught conflict therefore say tonight: let u choose peace, wondrous work peace, beyond that, time hope reach toward consummation, life servant life.",https://www.presidency.ucsb.edu/documents/annual-message-the-congress-the-state-the-union-27,Lyndon B. Johnson,1966.0,,,,,,
minister-narayan-ai-speech-at-founders-forum-34,184,minister-narayan-ai-speech-at-founders-forum.txt,34,"last year, uk startup scale-ups raised around $24 billion venture capital, nearly 35 per cent year before, one strongest performance record.",https://www.gov.uk/government/speeches/minister-narayan-ai-speech-at-founders-forum,Kanishka Narayan MP,,,,,,,
the-uk-urges-full-implementation-of-colombias-2016-peace-agreement-uk-statement-at-the-un-security-council-5,351,the-uk-urges-full-implementation-of-colombias-2016-peace-agreement-uk-statement-at-the-un-security-council.txt,5,"remain essential deliver restorative justice, accountability reconciliation line expectation victims; ensure measure taken recognise disproportionate impact conflict afro-colombian indigenous communities.",https://www.gov.uk/government/speeches/the-uk-urges-full-implementation-of-colombias-2016-peace-agreement-uk-statement-at-the-un-security-council,James Kariuki CMG,,,,,,,
annual-message-the-congress-the-state-the-union-27-110,74,annual-message-the-congress-the-state-the-union-27.txt,110,"also propose international health act 1966 strike disease new effort bring modern skill knowledge uncared-for, suffering world, trying wipe smallpox malaria control yellow fever world next decade; help country trying control population growth, increasing research--and earmark fund help efforts.",https://www.presidency.ucsb.edu/documents/annual-message-the-congress-the-state-the-union-27,Lyndon B. Johnson,1966.0,,,,,,
annual-message-the-congress-the-state-the-union-27-19,74,annual-message-the-congress-the-state-the-union-27.txt,19,continue meet need people continuing develop great society.,https://www.presidency.ucsb.edu/documents/annual-message-the-congress-the-state-the-union-27,Lyndon B. Johnson,1966.0,,,,,,
education-secretary-speech-at-bett-uk-conference-41,117,education-secretary-speech-at-bett-uk-conference.txt,41,"oak national academy’s innovative ai lesson assistant, aila, keep teacher control lesson content creation whilst saving vital time too.",https://www.gov.uk/government/speeches/education-secretary-speech-at-bett-uk-conference,The Rt Hon Bridget Phillipson MP,,,,,,,
annual-message-the-congress-the-state-the-union-13-149,63,annual-message-the-congress-the-state-the-union-13.txt,149,"alternative contrary fundamental interests, farmer, nation whole.",https://www.presidency.ucsb.edu/documents/annual-message-the-congress-the-state-the-union-13,Dwight D. Eisenhower,1954.0,,,,,,
annual-message-the-congress-the-state-the-union-3-66,77,annual-message-the-congress-the-state-the-union-3.txt,66,"--finally, already overcrowded national park recreation area twice many visitor 10 year today.",https://www.presidency.ucsb.edu/documents/annual-message-the-congress-the-state-the-union-3,John F. Kennedy,1963.0,,,,,,
address-before-joint-session-the-congress-the-state-the-union-21-154,26,address-before-joint-session-the-congress-the-state-the-union-21.txt,154,"[ laughter ] owe american people say for, against.",https://www.presidency.ucsb.edu/documents/address-before-joint-session-the-congress-the-state-the-union-21,Barack Obama,2014.0,,,,,,
sixth-annual-address-congress-3,329,sixth-annual-address-congress.txt,3,"session year 1790 expedient exercise legislative power granted constitution united state ""to lay collect excises"".",https://www.presidency.ucsb.edu/documents/sixth-annual-address-congress,George Washington,,,,,,,
address-before-joint-session-the-congress-the-state-the-union-30-42,36,address-before-joint-session-the-congress-the-state-the-union-30.txt,42,"now, economy literally envy world: 15 million new job 3 years—a record, record; unemployment 50-year lows.",https://www.presidency.ucsb.edu/documents/address-before-joint-session-the-congress-the-state-the-union-30,"Joseph R. Biden, Jr.",2024.0,,,,,,
pm-speaking-notes-nyu-commencement-address-28,208,pm-speaking-notes-nyu-commencement-address.txt,28,"it’s far easy, social medium shaping interactions, engage people already agree.",https://www.pm.gc.ca/en/news/speeches/2018/05/16/pm-speaking-notes-nyu-commencement-address,,2018.0,,,,,,
eighth-annual-address-congress-6,119,eighth-annual-address-congress.txt,6,"occasion, however, improved confirm new treaty creek preexisting engagement united states, obtain consent establishment trading house military post within boundary, mean friendship general peace may effectually secured.",https://www.presidency.ucsb.edu/documents/eighth-annual-address-congress,George Washington,,,,,,,
address-before-joint-session-the-congress-the-state-the-union-29-142,34,address-before-joint-session-the-congress-the-state-the-union-29.txt,142,"look, folks, idea going be—we're going moved threatened default debt respond.",https://www.presidency.ucsb.edu/documents/address-before-joint-session-the-congress-the-state-the-union-29,"Joseph R. Biden, Jr.",2023.0,,,,,,
prime-ministers-remarks-updating-canadians-measures-respond-covid-19-33,278,prime-ministers-remarks-updating-canadians-measures-respond-covid-19.txt,33,"somebody’s best friend favourite colleague, please, them, stay home.",https://www.pm.gc.ca/en/news/speeches/2020/03/24/prime-ministers-remarks-updating-canadians-measures-respond-covid-19,,2020.0,,,,,,
annual-message-the-congress-the-state-the-union-12-132,62,annual-message-the-congress-the-state-the-union-12.txt,132,"new spending authority held expenditures, reducing government obligation accumulated years.",https://www.presidency.ucsb.edu/documents/annual-message-the-congress-the-state-the-union-12,Dwight D. Eisenhower,1955.0,,,,,,
pm-remarks-in-hastings-5-february-23,200,pm-remarks-in-hastings-5-february.txt,23,"– believe value make u strong… world increasingly prey weakness… believe britain stronger tolerant, decent respectful country.",https://www.gov.uk/government/speeches/pm-remarks-in-hastings-5-february,The Rt Hon Sir Keir Starmer KCB KC MP,,,,,,,
inaugural-address-54-49,163,inaugural-address-54.txt,49,"massive amount money pouring treasury, coming foreign sources.",https://www.presidency.ucsb.edu/documents/inaugural-address-54,Donald J. Trump (2nd Term),2025.0,,,,,,
inaugural-address-53-40,162,inaugural-address-53.txt,40,"u duty responsibility, citizens, americans, especially leaders—leaders pledged honor constitution protect nation—to defend truth defeat lies.",https://www.presidency.ucsb.edu/documents/inaugural-address-53,"Joseph R. Biden, Jr.",2021.0,,,,,,
annual-message-the-congress-the-state-the-union-21-116,71,annual-message-the-congress-the-state-the-union-21.txt,116,supporting world organization keep peace world economic policy create prosperity mankind.,https://www.presidency.ucsb.edu/documents/annual-message-the-congress-the-state-the-union-21,Harry S Truman,1949.0,,,,,,
annual-message-the-congress-the-state-the-union-16-201,66,annual-message-the-congress-the-state-the-union-16.txt,201,new policy new program must await completion far-reaching study already launched.,https://www.presidency.ucsb.edu/documents/annual-message-the-congress-the-state-the-union-16,Dwight D. Eisenhower,1953.0,,,,,,
address-before-joint-session-the-congress-the-state-the-union-28,43,address-before-joint-session-the-congress-the-state-the-union.txt,28,"everyone chamber know true, yet somehow found act.",https://www.presidency.ucsb.edu/documents/address-before-joint-session-the-congress-the-state-the-union,George W. Bush,2007.0,,,,,,
sixth-annual-message-6-56,330,sixth-annual-message-6.txt,56,"seems important, therefore, development public work every sort promptly resumed, order opportunity created unskilled labor particular, plan made development unused land natural resource hitherto lacked stirnulation undertake.",https://www.presidency.ucsb.edu/documents/sixth-annual-message-6,Woodrow Wilson,1918.0,,,,,,
address-before-joint-session-the-congress-the-state-the-union-14-147,18,address-before-joint-session-the-congress-the-state-the-union-14.txt,147,"promote peace stability broader middle east, united state work friend region fight common threat terror, encourage higher standard freedom.",https://www.presidency.ucsb.edu/documents/address-before-joint-session-the-congress-the-state-the-union-14,George W. Bush,2005.0,,,,,,
address-before-joint-session-the-congress-the-state-the-union-21-89,26,address-before-joint-session-the-congress-the-state-the-union-21.txt,89,"first, congress need restore unemployment insurance let expire 1.6 million people.",https://www.presidency.ucsb.edu/documents/address-before-joint-session-the-congress-the-state-the-union-21,Barack Obama,2014.0,,,,,,
address-before-joint-session-the-congress-the-state-the-union-10-200,14,address-before-joint-session-the-congress-the-state-the-union-10.txt,200,"american forged identity, union, point view accommodate every point planet, every different opinion.",https://www.presidency.ucsb.edu/documents/address-before-joint-session-the-congress-the-state-the-union-10,William J. Clinton,1996.0,,,,,,
prime-ministers-remarks-global-mineral-exploration-and-mining-convention-8,253,prime-ministers-remarks-global-mineral-exploration-and-mining-convention.txt,8,i’ve much looking forward event highlight kind future canadian building right across country.,https://www.pm.gc.ca/en/news/speeches/2020/03/02/prime-ministers-remarks-global-mineral-exploration-and-mining-convention,,2020.0,,,,,,
address-before-joint-session-the-congress-the-state-the-union-30-179,36,address-before-joint-session-the-congress-the-state-the-union-30.txt,179,"norco, ca, resident gold star father steven nikoui .",https://www.presidency.ucsb.edu/documents/address-before-joint-session-the-congress-the-state-the-union-30,"Joseph R. Biden, Jr.",2024.0,,,,,,
annual-message-the-congress-the-state-the-union-10-143,61,annual-message-the-congress-the-state-the-union-10.txt,143,"1959 budget, increased expenditure missiles, nuclear ships, atomic energy, research development, science education, special contingency fund deal possible new technological discoveries, increase pay incentive obtain retain competent manpower add total increase comparable figure 1957 budget $4 billion.",https://www.presidency.ucsb.edu/documents/annual-message-the-congress-the-state-the-union-10,Dwight D. Eisenhower,1958.0,,,,,,
pm-speech-during-the-munich-security-conference-14-february-63,209,pm-speech-during-the-munich-security-conference-14-february.txt,63,must look move closer single market sector well would work sides.,https://www.gov.uk/government/speeches/pm-speech-during-the-munich-security-conference-14-february,The Rt Hon Sir Keir Starmer KCB KC MP,,,,,,,
address-the-state-the-union-delivered-before-joint-session-the-congress-156,50,address-the-state-the-union-delivered-before-joint-session-the-congress.txt,156,"another point like make briefly: like every member house senate assembled tonight, elected office hold.",https://www.presidency.ucsb.edu/documents/address-the-state-the-union-delivered-before-joint-session-the-congress,Richard Nixon,1974.0,,,,,,
annual-message-the-congress-the-state-the-union-6-68,81,annual-message-the-congress-the-state-the-union-6.txt,68,indispensable element process strong continuing determination part nation exercise national discipline necessary sustained development period.,https://www.presidency.ucsb.edu/documents/annual-message-the-congress-the-state-the-union-6,Dwight D. Eisenhower,1960.0,,,,,,
sixth-annual-message-6-14,330,sixth-annual-message-6.txt,14,"officer understood grim exacting task undertaken performed audacity, efficiency, unhesitating courage touch story convoy battle imperishable distinction every turn, whether enterprise great small, -from great chiefs, pershing sims, youngest lieutenant; men worthy them,-such men hardly need commanded, go terrible adventure blithely quick intelligence know would accomplish.",https://www.presidency.ucsb.edu/documents/sixth-annual-message-6,Woodrow Wilson,1918.0,,,,,,
annual-message-the-congress-the-state-the-union-12-37,62,annual-message-the-congress-the-state-the-union-12.txt,37,must strengthen collective defense united nation charter gird sufficient military strength productive capacity discourage resort war protect nation's vital interests.,https://www.presidency.ucsb.edu/documents/annual-message-the-congress-the-state-the-union-12,Dwight D. Eisenhower,1955.0,,,,,,
annual-message-the-congress-the-state-the-union-16-107,66,annual-message-the-congress-the-state-the-union-16.txt,107,includes particularly real opportunity growth small businesses.,https://www.presidency.ucsb.edu/documents/annual-message-the-congress-the-state-the-union-16,Dwight D. Eisenhower,1953.0,,,,,,
prime-minister-justin-trudeaus-address-72th-session-united-nations-general-13,227,prime-minister-justin-trudeaus-address-72th-session-united-nations-general.txt,13,"it’s approach doesn’t serve domestic needs, make world better, peaceful, prosperous place all.",https://www.pm.gc.ca/en/news/speeches/2017/09/21/prime-minister-justin-trudeaus-address-72th-session-united-nations-general,,2017.0,,,,,,
inaugural-address-11-13,151,inaugural-address-11.txt,13,"i, individuals, can, borrowing, live beyond means, limited period time.",https://www.presidency.ucsb.edu/documents/inaugural-address-11,Ronald Reagan,1981.0,,,,,,
deputy-prime-ministers-remarks-new-nafta-14,110,deputy-prime-ministers-remarks-new-nafta.txt,14,"three country worked hard together modernize nafta maintain key provision provide stability, predictability, rules-based trade north american consumer businesses.",https://www.pm.gc.ca/en/news/speeches/2019/12/10/deputy-prime-ministers-remarks-new-nafta,,1969.0,,,,,,
inaugural-address-4-28,158,inaugural-address-4.txt,28,"state differences, draw issue belief such, action resulting communist philosophy threat effort free nation bring world recovery lasting peace.",https://www.presidency.ucsb.edu/documents/inaugural-address-4,Harry S Truman,1949.0,,,,,,
first-annual-message-19-37,129,first-annual-message-19.txt,37,"among thing provided encourage shipping world's seas, executive directed give notice termination existing commercial treaty order admit reduced duty import carried american bottoms.",https://www.presidency.ucsb.edu/documents/first-annual-message-19,Warren G. Harding,1921.0,,,,,,
address-before-joint-session-the-congress-the-state-the-union-0-51,12,address-before-joint-session-the-congress-the-state-the-union-0.txt,51,"chamber, chamber bring courage sense common purpose economy brought desert storm.",https://www.presidency.ucsb.edu/documents/address-before-joint-session-the-congress-the-state-the-union-0,George Bush,1992.0,,,,,,
annual-message-the-congress-the-state-the-union-25-74,72,annual-message-the-congress-the-state-the-union-25.txt,74,"first, must maintain--and reduced defense budget maintain--that margin military safety superiority obtained 3 year steadily increasing quality quantity strategic, conventional, antiguerilla forces.",https://www.presidency.ucsb.edu/documents/annual-message-the-congress-the-state-the-union-25,Lyndon B. Johnson,1964.0,,,,,,
move-fast-fix-things-36,187,move-fast-fix-things.txt,36,"move interdepartmental arguments, internal policy papers, process discussion new digital state delivers public service directly - customer… … state us modern technology tedious admin spend much time energy processing right now, free public servant human interaction needed child, parent patient.",https://www.gov.uk/government/speeches/move-fast-fix-things,The Rt Hon Darren Jones MP,,,,,,,
address-before-joint-session-the-congress-the-state-the-union-7-253,40,address-before-joint-session-the-congress-the-state-the-union-7.txt,253,"many people united states, people chamber, lot folk around world still believe cannot cut greenhouse gas emission without slowing economic growth.",https://www.presidency.ucsb.edu/documents/address-before-joint-session-the-congress-the-state-the-union-7,William J. Clinton,2000.0,,,,,,
address-before-joint-session-the-congress-reporting-the-state-the-union-2-132,10,address-before-joint-session-the-congress-reporting-the-state-the-union-2.txt,132,"words, however, order progress made past year, reestablishing respect nation around globe challenge goal approach year ahead.",https://www.presidency.ucsb.edu/documents/address-before-joint-session-the-congress-reporting-the-state-the-union-2,Ronald Reagan,1982.0,,,,,,
ivote-event-university-ottawa-10,168,ivote-event-university-ottawa.txt,10,there’s question young canadian interested politics.,https://www.pm.gc.ca/en/news/speeches/2016/04/19/ivote-event-university-ottawa,,2016.0,,,,,,
address-the-state-the-union-delivered-before-joint-session-the-congress-0-47,49,address-the-state-the-union-delivered-before-joint-session-the-congress-0.txt,47,new home building start past year reached highest level ever.,https://www.presidency.ucsb.edu/documents/address-the-state-the-union-delivered-before-joint-session-the-congress-0,Richard Nixon,1972.0,,,,,,
annual-message-congress-7,59,annual-message-congress.txt,7,"modern civilization, three—religion, democracy international good faith- complement support other.",https://www.presidency.ucsb.edu/documents/annual-message-congress,Franklin D. Roosevelt,1939.0,,,,,,
prime-minister-keynote-speech-world-economic-forum-2018-16,231,prime-minister-keynote-speech-world-economic-forum-2018.txt,16,"consider progression steam power, electricity, computers.",https://www.pm.gc.ca/en/news/speeches/2018/01/23/prime-minister-keynote-speech-world-economic-forum-2018,,2018.0,,,,,,
prime-ministers-remarks-updating-canadians-about-covid-19-and-new-measures-17,271,prime-ministers-remarks-updating-canadians-about-covid-19-and-new-measures.txt,17,whether need time pay back student loan you’re farmer who’s worried income: you.,https://www.pm.gc.ca/en/news/speeches/2020/03/19/prime-ministers-remarks-updating-canadians-about-covid-19-and-new-measures,,2020.0,,,,,,
address-before-joint-session-the-congress-reporting-the-state-the-union-1-164,9,address-before-joint-session-the-congress-reporting-the-state-the-union-1.txt,164,"200th anniversary approaches, owe posterity rebuild political economic strength.",https://www.presidency.ucsb.edu/documents/address-before-joint-session-the-congress-reporting-the-state-the-union-1,Gerald R. Ford,1975.0,,,,,,
statement-apology-behalf-government-canada-inuit-management-tuberculosis-5,336,statement-apology-behalf-government-canada-inuit-management-tuberculosis.txt,5,"government hard work creating universal healthcare, forcing inuit settlement disease infection ran rampant.",https://www.pm.gc.ca/en/news/speeches/2019/03/08/statement-apology-behalf-government-canada-inuit-management-tuberculosis,,2019.0,,,,,,
environment-secretary-speech-on-food-security-resilience-and-standards-53,121,environment-secretary-speech-on-food-security-resilience-and-standards.txt,53,sustainable farming constraint food security – foundation it.,https://www.gov.uk/government/speeches/environment-secretary-speech-on-food-security-resilience-and-standards,Emma Reynolds MP,,,,,,,
address-before-joint-session-the-congress-the-state-the-union-29-185,34,address-before-joint-session-the-congress-the-state-the-union-29.txt,185,"let's finish job connect student career opportunity starting high school, provide access 2 year community college, best career training america, addition pathway 4-year degree.",https://www.presidency.ucsb.edu/documents/address-before-joint-session-the-congress-the-state-the-union-29,"Joseph R. Biden, Jr.",2023.0,,,,,,
address-before-joint-session-congress-the-state-the-union-1-112,3,address-before-joint-session-congress-the-state-the-union-1.txt,112,"well, difference small almost escape you, great tell whole story three words: people.",https://www.presidency.ucsb.edu/documents/address-before-joint-session-congress-the-state-the-union-1,Ronald Reagan,1987.0,,,,,,
address-before-joint-session-congress-the-state-the-union-1-37,3,address-before-joint-session-congress-the-state-the-union-1.txt,37,ready support political solution guarantee rapid withdrawal soviet troop genuine self-determination afghan people.,https://www.presidency.ucsb.edu/documents/address-before-joint-session-congress-the-state-the-union-1,Ronald Reagan,1987.0,,,,,,
address-before-joint-session-the-congress-the-state-the-union-20-143,25,address-before-joint-session-the-congress-the-state-the-union-20.txt,143,"holiness pope francis said, diplomacy work ""small steps."" small step added new hope future cuba.",https://www.presidency.ucsb.edu/documents/address-before-joint-session-the-congress-the-state-the-union-20,Barack Obama,2015.0,,,,,,
address-before-joint-session-the-congress-the-state-the-union-7-250,40,address-before-joint-session-the-congress-the-state-the-union-7.txt,250,greatest environmental challenge new century global warming.,https://www.presidency.ucsb.edu/documents/address-before-joint-session-the-congress-the-state-the-union-7,William J. Clinton,2000.0,,,,,,
third-annual-message-19-122,354,third-annual-message-19.txt,122,"people country entitled know burden taxation carry, know outset, now.",https://www.presidency.ucsb.edu/documents/third-annual-message-19,Woodrow Wilson,1915.0,,,,,,
prime-minister-justin-trudeau-announces-oceans-protection-plan-19,221,prime-minister-justin-trudeau-announces-oceans-protection-plan.txt,19,"coast traditional territory indigenous communities; habitat rich biodiversity precious ecosystems; offer unparalleled economic, recreational, tourism opportunities.",https://www.pm.gc.ca/en/news/speeches/2016/11/07/prime-minister-justin-trudeau-announces-oceans-protection-plan,,2016.0,,,,,,
george-bradshaw-address-2026-104,137,george-bradshaw-address-2026.txt,104,"want decision made closer passenger, gbr staff entrusted act see something going wrong.",https://www.gov.uk/government/speeches/george-bradshaw-address-2026,The Rt Hon Heidi Alexander MP,,,,,,,
annual-message-the-congress-the-state-the-union-10-161,61,annual-message-the-congress-the-state-the-union-10.txt,161,"people get together projects, possible could go full-scale cooperative program science peace?",https://www.presidency.ucsb.edu/documents/annual-message-the-congress-the-state-the-union-10,Dwight D. Eisenhower,1958.0,,,,,,
speech-for-un-association-80th-anniversary-of-united-nations-general-assembly-meeting-23,332,speech-for-un-association-80th-anniversary-of-united-nations-general-assembly-meeting.txt,23,"today, blue helmet stand watch across world, cyprus, drc, central african republic.",https://www.gov.uk/government/speeches/speech-for-un-association-80th-anniversary-of-united-nations-general-assembly-meeting,The Rt Hon Lord Hermer KC,,,,,,,
prime-minister-justin-trudeaus-address-72th-session-united-nations-general-78,227,prime-minister-justin-trudeaus-address-72th-session-united-nations-general.txt,78,indigenous people decide wish represent organize themselves.,https://www.pm.gc.ca/en/news/speeches/2017/09/21/prime-minister-justin-trudeaus-address-72th-session-united-nations-general,,2017.0,,,,,,
address-before-joint-session-the-congress-the-state-the-union-18-86,22,address-before-joint-session-the-congress-the-state-the-union-18.txt,86,best way meet goal america continue leading way toward development cleaner energy efficient technology.,https://www.presidency.ucsb.edu/documents/address-before-joint-session-the-congress-the-state-the-union-18,George W. Bush,2008.0,,,,,,
annual-message-the-congress-the-state-the-union-13-129,63,annual-message-the-congress-the-state-the-union-13.txt,129,"remove glaring tax inequities, particularly small taxpayers; reduce restraint growth small business; make change encourage initiative, enterprise production.",https://www.presidency.ucsb.edu/documents/annual-message-the-congress-the-state-the-union-13,Dwight D. Eisenhower,1954.0,,,,,,
prime-minister-justin-trudeau-delivers-speech-assembly-first-nations-31,222,prime-minister-justin-trudeau-delivers-speech-assembly-first-nations.txt,31,among top priority creation national public inquiry missing murdered indigenous woman girl canada.,https://www.pm.gc.ca/en/news/speeches/2015/12/08/prime-minister-justin-trudeau-delivers-speech-assembly-first-nations,,2015.0,,,,,,
prime-minister-justin-trudeaus-speech-assembly-first-nations-special-56,230,prime-minister-justin-trudeaus-speech-assembly-first-nations-special.txt,56,"need constantly ensuring voice community heard, served leadership.",https://www.pm.gc.ca/en/news/speeches/2016/12/06/prime-minister-justin-trudeaus-speech-assembly-first-nations-special,,2016.0,,,,,,
address-before-joint-session-the-congress-the-state-the-union-0-131,12,address-before-joint-session-the-congress-the-state-the-union-0.txt,131,must put end unfinanced federal government mandates.,https://www.presidency.ucsb.edu/documents/address-before-joint-session-the-congress-the-state-the-union-0,George Bush,1992.0,,,,,,
sudan-foreign-secretarys-statement-5-february-2026-52,341,sudan-foreign-secretarys-statement-5-february-2026.txt,52,fresh sanction targeting senior figure saf rsf committed atrocity across sudan.,https://www.gov.uk/government/speeches/sudan-foreign-secretarys-statement-5-february-2026,The Rt Hon Yvette Cooper MP,,,,,,,
address-before-joint-session-the-congress-the-state-the-union-2-45,24,address-before-joint-session-the-congress-the-state-the-union-2.txt,45,"every american adult must skilled, literate worker citizen.",https://www.presidency.ucsb.edu/documents/address-before-joint-session-the-congress-the-state-the-union-2,George Bush,1990.0,,,,,,
prime-ministers-remarks-shooting-portapique-nova-scotia-20,265,prime-ministers-remarks-shooting-portapique-nova-scotia.txt,20,"one man’s action build wall u better day – matter evil, thoughtless, destructive.",https://www.pm.gc.ca/en/news/speeches/2020/04/20/prime-ministers-remarks-shooting-portapique-nova-scotia,,1969.0,,,,,,
address-before-joint-session-the-congress-the-state-the-union-26-101,31,address-before-joint-session-the-congress-the-state-the-union-26.txt,101,"border city el paso, texas, used extremely high rate violent crime, one highest entire country, considered one nation's dangerous cities.",https://www.presidency.ucsb.edu/documents/address-before-joint-session-the-congress-the-state-the-union-26,Donald J. Trump (1st Term),2019.0,,,,,,
address-before-joint-session-the-congress-the-state-the-union-30-63,36,address-before-joint-session-the-congress-the-state-the-union-30.txt,63,"dawn—and dawn simms, third-generation worker—uaw worker belvidere.",https://www.presidency.ucsb.edu/documents/address-before-joint-session-the-congress-the-state-the-union-30,"Joseph R. Biden, Jr.",2024.0,,,,,,
address-before-joint-session-the-congress-the-state-the-union-26-48,31,address-before-joint-session-the-congress-the-state-the-union-26.txt,48,served almost 22 year expected prison remainder life.,https://www.presidency.ucsb.edu/documents/address-before-joint-session-the-congress-the-state-the-union-26,Donald J. Trump (1st Term),2019.0,,,,,,
annual-message-the-congress-the-state-the-union-19-88,68,annual-message-the-congress-the-state-the-union-19.txt,88,main element course nation must follow member community free nations.,https://www.presidency.ucsb.edu/documents/annual-message-the-congress-the-state-the-union-19,Harry S Truman,1951.0,,,,,,
address-before-joint-session-the-congress-the-state-the-union-171,43,address-before-joint-session-the-congress-the-state-the-union.txt,171,working jordan saudi arabia egypt gulf state increase support iraq's government.,https://www.presidency.ucsb.edu/documents/address-before-joint-session-the-congress-the-state-the-union,George W. Bush,2007.0,,,,,,
address-before-joint-session-the-congress-the-state-the-union-24-42,29,address-before-joint-session-the-congress-the-state-the-union-24.txt,42,"month month, iraqi assuming responsibility security future.",https://www.presidency.ucsb.edu/documents/address-before-joint-session-the-congress-the-state-the-union-24,George W. Bush,2004.0,,,,,,
annual-message-the-congress-the-state-the-union-9-138,83,annual-message-the-congress-the-state-the-union-9.txt,138,"lose freedom dominated aggressor, world-wide effect would imperil security free world.",https://www.presidency.ucsb.edu/documents/annual-message-the-congress-the-state-the-union-9,Dwight D. Eisenhower,1957.0,,,,,,
excerpts-the-report-congressional-committees-investigating-the-iran-contra-affair-101,123,excerpts-the-report-congressional-committees-investigating-the-iran-contra-affair.txt,101,"signed finding january 6, 1986, authorizing shipment missile hostages.",https://www.presidency.ucsb.edu/documents/excerpts-the-report-congressional-committees-investigating-the-iran-contra-affair,U.S. Congress,1987.0,,,,,,
annual-message-the-congress-the-state-the-union-25-10,72,annual-message-the-congress-the-state-the-union-25.txt,10,"let u carry forward plan program john fitzgerald kennedy--not sorrow sympathy, right.",https://www.presidency.ucsb.edu/documents/annual-message-the-congress-the-state-the-union-25,Lyndon B. Johnson,1964.0,,,,,,
prime-ministers-remarks-canada-emergency-response-benefit-and-additional-35,246,prime-ministers-remarks-canada-emergency-response-benefit-and-additional.txt,35,"order get this, keep loved one frontline worker safe, canadian need part.",https://www.pm.gc.ca/en/news/speeches/2020/04/06/prime-ministers-remarks-canada-emergency-response-benefit-and-additional,,2020.0,,,,,,
address-before-joint-session-the-congress-the-state-the-union-2-58,24,address-before-joint-session-the-congress-the-state-the-union-2.txt,58,"farm bill, transportation policy, product-liability reform, enterprise zone -- time act together.",https://www.presidency.ucsb.edu/documents/address-before-joint-session-the-congress-the-state-the-union-2,George Bush,1990.0,,,,,,
address-before-joint-session-the-congress-the-state-the-union-5-125,38,address-before-joint-session-the-congress-the-state-the-union-5.txt,125,past 20 year believed war launched long side know retaliate deadly counterstrike.,https://www.presidency.ucsb.edu/documents/address-before-joint-session-the-congress-the-state-the-union-5,Ronald Reagan,1985.0,,,,,,
address-before-joint-session-the-congress-the-state-the-union-20-102,25,address-before-joint-session-the-congress-the-state-the-union-20.txt,102,half manufacturing executive said actively looking bring job back china.,https://www.presidency.ucsb.edu/documents/address-before-joint-session-the-congress-the-state-the-union-20,Barack Obama,2015.0,,,,,,
address-before-joint-session-the-congress-the-state-the-union-19-19,23,address-before-joint-session-the-congress-the-state-the-union-19.txt,19,that's delivered care benefit troop coming home veterans.,https://www.presidency.ucsb.edu/documents/address-before-joint-session-the-congress-the-state-the-union-19,Barack Obama,2016.0,,,,,,
prime-minister-trudeau-and-minister-freeland-speaking-notes-united-states-82,232,prime-minister-trudeau-and-minister-freeland-speaking-notes-united-states.txt,82,"set clear pathway new era economic stability prosperity north america, million people depend thriving economy provide family ensure better future children.",https://www.pm.gc.ca/en/news/speeches/2018/10/01/prime-minister-trudeau-and-minister-freeland-speaking-notes-united-states,,2018.0,,,,,,
address-before-joint-session-the-congress-the-state-the-union-25-208,30,address-before-joint-session-the-congress-the-state-the-union-25.txt,208,"task respect them, listen them, serve them, protect them, always worthy them.",https://www.presidency.ucsb.edu/documents/address-before-joint-session-the-congress-the-state-the-union-25,Donald J. Trump (1st Term),2018.0,,,,,,
prime-ministers-remarks-updating-canadians-about-covid-19-and-social-19,272,prime-ministers-remarks-updating-canadians-about-covid-19-and-social.txt,19,"tomorrow, making another major announcement economic action support canadian quickly possible.",https://www.pm.gc.ca/en/news/speeches/2020/03/17/prime-ministers-remarks-updating-canadians-about-covid-19-and-social,,1969.0,,,,,,
consumer-protection-under-the-dmcca-progress-and-priorities-62,100,consumer-protection-under-the-dmcca-progress-and-priorities.txt,62,"would expect, keep monitoring compliance across economy, including using cutting-edge technology ai detect non-compliance.",https://www.gov.uk/government/speeches/consumer-protection-under-the-dmcca-progress-and-priorities,,,,,,,,
prime-minister-trudeau-and-minister-freeland-speaking-notes-united-states-21,232,prime-minister-trudeau-and-minister-freeland-speaking-notes-united-states.txt,21,mean canadian worker family enjoy greater opportunity ever before.,https://www.pm.gc.ca/en/news/speeches/2018/10/01/prime-minister-trudeau-and-minister-freeland-speaking-notes-united-states,,2018.0,,,,,,
address-before-joint-session-the-congress-the-state-the-union-22-106,27,address-before-joint-session-the-congress-the-state-the-union-22.txt,106,"stricter accounting standard tougher disclosure requirements, corporate america must made accountable employee shareholder held highest standard conduct.",https://www.presidency.ucsb.edu/documents/address-before-joint-session-the-congress-the-state-the-union-22,George W. Bush,2002.0,,,,,,
prime-minister-justin-trudeau-announces-oceans-protection-plan-23,221,prime-minister-justin-trudeau-announces-oceans-protection-plan.txt,23,"new plan, canada one best marine safety emergency preparation system world.",https://www.pm.gc.ca/en/news/speeches/2016/11/07/prime-minister-justin-trudeau-announces-oceans-protection-plan,,2016.0,,,,,,
annual-message-the-congress-the-state-the-union-29-55,76,annual-message-the-congress-the-state-the-union-29.txt,55,"accomplished much, much remains u meet much remains u master.",https://www.presidency.ucsb.edu/documents/annual-message-the-congress-the-state-the-union-29,Lyndon B. Johnson,1968.0,,,,,,
address-before-joint-session-the-congress-the-state-the-union-8-127,41,address-before-joint-session-the-congress-the-state-the-union-8.txt,127,"again, ask congress pas juvenile crime bill provides prosecutor probation officers, crack gang gun drugs, bar violent juvenile buying gun life.",https://www.presidency.ucsb.edu/documents/address-before-joint-session-the-congress-the-state-the-union-8,William J. Clinton,1998.0,,,,,,
address-before-joint-session-the-congress-the-state-the-union-14-84,18,address-before-joint-session-the-congress-the-state-the-union-14.txt,84,make sure money go conservative mix bond stock funds.,https://www.presidency.ucsb.edu/documents/address-before-joint-session-the-congress-the-state-the-union-14,George W. Bush,2005.0,,,,,,
address-before-joint-session-the-congress-the-state-the-union-26-144,31,address-before-joint-session-the-congress-the-state-the-union-26.txt,144,"living, feeling, beautiful baby never get chance share love dream world.",https://www.presidency.ucsb.edu/documents/address-before-joint-session-the-congress-the-state-the-union-26,Donald J. Trump (1st Term),2019.0,,,,,,
first-annual-message-20-4,130,first-annual-message-20.txt,4,"associated could resume together function office without pausing moment, memory reconsecrating service country.",https://www.presidency.ucsb.edu/documents/first-annual-message-20,Calvin Coolidge,1923.0,,,,,,
address-before-joint-session-the-congress-the-state-the-union-8-201,41,address-before-joint-session-the-congress-the-state-the-union-8.txt,201,"every time acted heal environment, pessimist told u would hurt economy.",https://www.presidency.ucsb.edu/documents/address-before-joint-session-the-congress-the-state-the-union-8,William J. Clinton,1998.0,,,,,,
address-before-joint-session-the-congress-the-state-the-union-2-8,24,address-before-joint-session-the-congress-the-state-the-union-2.txt,8,think back -- think back 12 short month ago world knew 1989 began.,https://www.presidency.ucsb.edu/documents/address-before-joint-session-the-congress-the-state-the-union-2,George Bush,1990.0,,,,,,
address-before-joint-session-the-congress-the-state-the-union-5-54,38,address-before-joint-session-the-congress-the-state-the-union-5.txt,54,federal government help create new atmosphere freedom.,https://www.presidency.ucsb.edu/documents/address-before-joint-session-the-congress-the-state-the-union-5,Ronald Reagan,1985.0,,,,,,
address-before-joint-session-the-congress-the-state-the-union-21-27,26,address-before-joint-session-the-congress-the-state-the-union-21.txt,27,"michelle's ""let's move!"" partnership schools, businesses, local leader helped bring childhood obesity rate first time 30 years.",https://www.presidency.ucsb.edu/documents/address-before-joint-session-the-congress-the-state-the-union-21,Barack Obama,2014.0,,,,,,
the-state-the-union-address-delivered-before-joint-session-the-congress-27,349,the-state-the-union-address-delivered-before-joint-session-the-congress.txt,27,integrity independence weaker nation must threatened.,https://www.presidency.ucsb.edu/documents/the-state-the-union-address-delivered-before-joint-session-the-congress,Jimmy Carter,1980.0,,,,,,
first-annual-message-20-143,130,first-annual-message-20.txt,143,army guarantee security citizen home; navy guarantee security citizen abroad.,https://www.presidency.ucsb.edu/documents/first-annual-message-20,Calvin Coolidge,1923.0,,,,,,
statement-exoneration-chief-poundmaker-16,338,statement-exoneration-chief-poundmaker.txt,16,included advocating medicine chest provision treaty 6.,https://www.pm.gc.ca/en/news/speeches/2019/05/23/statement-exoneration-chief-poundmaker,,2019.0,,,,,,
address-the-state-the-union-delivered-before-joint-session-the-congress-117,50,address-the-state-the-union-delivered-before-joint-session-the-congress.txt,117,must never allow america become second strongest nation world.,https://www.presidency.ucsb.edu/documents/address-the-state-the-union-delivered-before-joint-session-the-congress,Richard Nixon,1974.0,,,,,,
annual-message-the-congress-the-state-the-union-17-102,67,annual-message-the-congress-the-state-the-union-17.txt,102,"active force must backed adequate reserves, plant tool turn tremendous quantity new weapon would needed war came.",https://www.presidency.ucsb.edu/documents/annual-message-the-congress-the-state-the-union-17,Harry S Truman,1952.0,,,,,,
address-before-joint-session-the-congress-the-state-the-union-5-38,38,address-before-joint-session-the-congress-the-state-the-union-5.txt,38,call upon american people support upon every man woman chamber.,https://www.presidency.ucsb.edu/documents/address-before-joint-session-the-congress-the-state-the-union-5,Ronald Reagan,1985.0,,,,,,
fifth-annual-message-6-24,125,fifth-annual-message-6.txt,24,let said autocracy must first shown utter futility claim power leadership modern world.,https://www.presidency.ucsb.edu/documents/fifth-annual-message-6,Woodrow Wilson,1917.0,,,,,,
third-annual-address-congress-0-6,352,third-annual-address-congress-0.txt,6,"rapid subscription bank united states, completed sum allowed subscribed single day, among striking pleasing evidence present themselves, confidence government, resource community.",https://www.presidency.ucsb.edu/documents/third-annual-address-congress-0,George Washington,,,,,,,
address-before-joint-session-the-congress-the-state-the-union-27-32,32,address-before-joint-session-the-congress-the-state-the-union-27.txt,32,"job investment pouring 9,000 previously neglected neighborhood thanks opportunity zones, plan spearheaded senator tim scott part great republican tax cuts.",https://www.presidency.ucsb.edu/documents/address-before-joint-session-the-congress-the-state-the-union-27,Donald J. Trump (1st Term),2020.0,,,,,,
third-annual-address-congress-0-53,352,third-annual-address-congress-0.txt,53,"uniformity weight measure country among important object submitted constitution, derived standard invariable universal, must less honorable public council conducive public convenience.",https://www.presidency.ucsb.edu/documents/third-annual-address-congress-0,George Washington,,,,,,,
prime-minister-justin-trudeau-announces-oceans-protection-plan-31,221,prime-minister-justin-trudeau-announces-oceans-protection-plan.txt,31,"and, important, invite indigenous community partner u effectively co-manage oceans.",https://www.pm.gc.ca/en/news/speeches/2016/11/07/prime-minister-justin-trudeau-announces-oceans-protection-plan,,2016.0,,,,,,
address-before-joint-session-the-congress-the-state-the-union-9-161,42,address-before-joint-session-the-congress-the-state-the-union-9.txt,161,need authority conclude new trade agreement open market good service even preserve values.,https://www.presidency.ucsb.edu/documents/address-before-joint-session-the-congress-the-state-the-union-9,William J. Clinton,1997.0,,,,,,
prime-ministers-remarks-efforts-bring-canadians-home-abroad-22,250,prime-ministers-remarks-efforts-bring-canadians-home-abroad.txt,22,public health policy apply flight anyone else coming country.,https://www.pm.gc.ca/en/news/speeches/2020/03/21/prime-ministers-remarks-efforts-bring-canadians-home-abroad,,2020.0,,,,,,
speech-prime-minister-justin-trudeau-ronald-reagan-presidential-library-15,333,speech-prime-minister-justin-trudeau-ronald-reagan-presidential-library.txt,15,"father coined expression canadian, living next united states, like mouse, sleeping next elephant.",https://www.pm.gc.ca/en/news/speeches/2018/02/09/speech-prime-minister-justin-trudeau-ronald-reagan-presidential-library,,2018.0,,,,,,
health-secretary-wes-streeting-launches-national-cancer-plan-14,142,health-secretary-wes-streeting-launches-national-cancer-plan.txt,14,"it’s result listening to: charities, like maggie’s, cruk, macmillan cancer52 clinicians, like ravi campaigners, like roger, lauren, leanne, bradley kreena thousand cancer patient family like you.",https://www.gov.uk/government/speeches/health-secretary-wes-streeting-launches-national-cancer-plan,The Rt Hon Wes Streeting MP,,,,,,,
address-before-joint-session-the-congress-the-state-the-union-11-225,15,address-before-joint-session-the-congress-the-state-the-union-11.txt,225,"know chamber make difference things, real difference made fellow citizens, work live made almost without regard party.",https://www.presidency.ucsb.edu/documents/address-before-joint-session-the-congress-the-state-the-union-11,William J. Clinton,1995.0,,,,,,
address-before-joint-session-the-congress-the-state-the-union-17-232,21,address-before-joint-session-the-congress-the-state-the-union-17.txt,232,"every day, american meet responsibility family employers.",https://www.presidency.ucsb.edu/documents/address-before-joint-session-the-congress-the-state-the-union-17,Barack Obama,2010.0,,,,,,
minister-lloyd-speech-on-software-security-and-cyber-resilience-13,182,minister-lloyd-speech-on-software-security-and-cyber-resilience.txt,13,"fast-growing cluster expertise cheltenham manchester, well belfast scotland’s cyber cluster spread across several scottish cities.",https://www.gov.uk/government/speeches/minister-lloyd-speech-on-software-security-and-cyber-resilience,Baroness Lloyd of Effra CBE,,,,,,,
prime-ministers-remarks-canada-china-business-council-during-official-80,245,prime-ministers-remarks-canada-china-business-council-during-official.txt,80,"now, 45 year road, world self-evidently better worked hard bring china global system.",https://www.pm.gc.ca/en/news/speeches/2016/09/01/prime-ministers-remarks-canada-china-business-council-during-official,,2016.0,,,,,,
speech-prime-minister-justin-trudeau-ronald-reagan-presidential-library-6,333,speech-prime-minister-justin-trudeau-ronald-reagan-presidential-library.txt,6,"asked liked western film nodded enthusiastically, father recently shared affection sergio leone clint eastwood.",https://www.pm.gc.ca/en/news/speeches/2018/02/09/speech-prime-minister-justin-trudeau-ronald-reagan-presidential-library,,2018.0,,,,,,
annual-message-the-congress-the-state-the-union-10-154,61,annual-message-the-congress-the-state-the-union-10.txt,154,"requires work peace."" now, may try give concrete example kind work peace might make beginning new direction.",https://www.presidency.ucsb.edu/documents/annual-message-the-congress-the-state-the-union-10,Dwight D. Eisenhower,1958.0,,,,,,
annual-message-the-congress-the-state-the-union-10-54,61,annual-message-the-congress-the-state-the-union-10.txt,54,communist imperialist regime time largely frustrated attempt expansion based directly force.,https://www.presidency.ucsb.edu/documents/annual-message-the-congress-the-state-the-union-10,Dwight D. Eisenhower,1958.0,,,,,,
pm-speech-house-commons-new-zealand-mosque-shootings-29,210,pm-speech-house-commons-new-zealand-mosque-shootings.txt,29,"irony fringe group say despise daesh, al-qaida, boko haram, others.",https://www.pm.gc.ca/en/news/speeches/2019/03/19/pm-speech-house-commons-new-zealand-mosque-shootings,,2019.0,,,,,,
annual-message-the-congress-the-state-the-union-13-233,63,annual-message-the-congress-the-state-the-union-13.txt,233,"duty freedom remain strong ways--spiritual, economic, military--that give u maximum safety possibility aggressive action others.",https://www.presidency.ucsb.edu/documents/annual-message-the-congress-the-state-the-union-13,Dwight D. Eisenhower,1954.0,,,,,,
address-before-joint-session-the-congress-the-state-the-union-14-181,18,address-before-joint-session-the-congress-the-state-the-union-14.txt,181,"set artificial timetable leaving iraq, would embolden terrorist make believe wait u out.",https://www.presidency.ucsb.edu/documents/address-before-joint-session-the-congress-the-state-the-union-14,George W. Bush,2005.0,,,,,,
ivote-event-university-ottawa-47,168,ivote-event-university-ottawa.txt,47,"together, we’ll create future proud generation come.",https://www.pm.gc.ca/en/news/speeches/2016/04/19/ivote-event-university-ottawa,,2016.0,,,,,,
annual-message-the-congress-the-state-the-union-8-49,82,annual-message-the-congress-the-state-the-union-8.txt,49,"must avoid extremes, vacillation extreme inefficient, costly, destructive morale.",https://www.presidency.ucsb.edu/documents/annual-message-the-congress-the-state-the-union-8,Dwight D. Eisenhower,1959.0,,,,,,
address-before-joint-session-the-congress-the-state-the-union-29-277,34,address-before-joint-session-the-congress-the-state-the-union-29.txt,277,"26 blood transfusions, 11 round radiation, 8 round chemo, 1 kidney removed, given 5 percent survival rate.",https://www.presidency.ucsb.edu/documents/address-before-joint-session-the-congress-the-state-the-union-29,"Joseph R. Biden, Jr.",2023.0,,,,,,
address-before-joint-session-the-congress-reporting-the-state-the-union-186,11,address-before-joint-session-the-congress-reporting-the-state-the-union.txt,186,"heard many inspiring presidential speeches, word remember best spoken dwight d.",https://www.presidency.ucsb.edu/documents/address-before-joint-session-the-congress-reporting-the-state-the-union,Gerald R. Ford,1976.0,,,,,,
address-before-joint-session-congress-the-state-the-union-0-147,2,address-before-joint-session-congress-the-state-the-union-0.txt,147,"reduction strategic offensive arm one step, sdi another.",https://www.presidency.ucsb.edu/documents/address-before-joint-session-congress-the-state-the-union-0,Ronald Reagan,1988.0,,,,,,
annual-message-the-congress-the-state-the-union-27-2,74,annual-message-the-congress-the-state-the-union-27.txt,2,"come thank add tribute, more, nation's gratitude this, 89th congress.",https://www.presidency.ucsb.edu/documents/annual-message-the-congress-the-state-the-union-27,Lyndon B. Johnson,1966.0,,,,,,
inaugural-address-2-14,156,inaugural-address-2.txt,14,peaceful revolution hope cannot become prey hostile powers.,https://www.presidency.ucsb.edu/documents/inaugural-address-2,John F. Kennedy,1961.0,,,,,,
fifth-annual-message-6-44,125,fifth-annual-message-6.txt,44,"nothing could grossly wantonly false, must seek utmost openness candor real aim convince falseness.",https://www.presidency.ucsb.edu/documents/fifth-annual-message-6,Woodrow Wilson,1917.0,,,,,,
address-before-joint-session-the-congress-the-state-the-union-20-28,25,address-before-joint-session-the-congress-the-state-the-union-20.txt,28,"thanks lower gas price higher fuel standards, typical family year save $750 pump.",https://www.presidency.ucsb.edu/documents/address-before-joint-session-the-congress-the-state-the-union-20,Barack Obama,2015.0,,,,,,
annual-message-the-congress-the-state-the-union-6-6,81,annual-message-the-congress-the-state-the-union-6.txt,6,"side divided world possession unbelievably destructive weapons, mankind approach state mutual annihilation becomes possibility.",https://www.presidency.ucsb.edu/documents/annual-message-the-congress-the-state-the-union-6,Dwight D. Eisenhower,1960.0,,,,,,
address-before-joint-session-the-congress-the-state-the-union-13-186,17,address-before-joint-session-the-congress-the-state-the-union-13.txt,186,"year, add resource encourage young people stay school, america's youth raise sight achieve dreams.",https://www.presidency.ucsb.edu/documents/address-before-joint-session-the-congress-the-state-the-union-13,George W. Bush,2006.0,,,,,,
address-before-joint-session-the-congress-the-state-the-union-17-168,21,address-before-joint-session-the-congress-the-state-the-union-17.txt,168,urge democrat republican pas bill help correct problems.,https://www.presidency.ucsb.edu/documents/address-before-joint-session-the-congress-the-state-the-union-17,Barack Obama,2010.0,,,,,,
statement-apology-behalf-government-canada-passengers-ms-st-louis-97,337,statement-apology-behalf-government-canada-passengers-ms-st-louis.txt,97,"following recent horrific attack pittsburgh, jewish canadian understandably feeling vulnerable.",https://www.pm.gc.ca/en/news/speeches/2018/11/07/statement-apology-behalf-government-canada-passengers-ms-st-louis,,2018.0,,,,,,
inaugural-address-10-25,150,inaugural-address-10.txt,25,"laboring always oar, wave ever ahead threatening overwhelm us, yet passing harmless...",https://www.presidency.ucsb.edu/documents/inaugural-address-10,Ronald Reagan,1985.0,,,,,,
h-res-755-articles-impeachment-against-donald-john-trump-31,141,h-res-755-articles-impeachment-against-donald-john-trump.txt,31,"actions, president trump sought arrogate right determine propriety, scope, nature impeachment inquiry conduct, well unilateral prerogative deny information house representative exercise ""sole power impeachment"".",https://www.presidency.ucsb.edu/documents/h-res-755-articles-impeachment-against-donald-john-trump,U.S. Congress,2019.0,,,,,,
address-before-joint-session-the-congress-the-state-the-union-7-169,40,address-before-joint-session-the-congress-the-state-the-union-7.txt,169,"signed farm bill 1996, said great danger would work well good time bad.",https://www.presidency.ucsb.edu/documents/address-before-joint-session-the-congress-the-state-the-union-7,William J. Clinton,2000.0,,,,,,
address-before-joint-session-the-congress-the-state-the-union-9-103,42,address-before-joint-session-the-congress-the-state-the-union-9.txt,103,"past 4 years, family medical leave law helped million american take time families.",https://www.presidency.ucsb.edu/documents/address-before-joint-session-the-congress-the-state-the-union-9,William J. Clinton,1997.0,,,,,,
annual-message-the-congress-the-state-the-union-14-46,64,annual-message-the-congress-the-state-the-union-14.txt,46,great nation cannot afford allow citizen suffer needlessly lack proper medical care.,https://www.presidency.ucsb.edu/documents/annual-message-the-congress-the-state-the-union-14,Harry S Truman,1948.0,,,,,,
defence-secretary-statement-on-us-interception-of-bella-1-and-coalition-of-the-willing-meeting-12,104,defence-secretary-statement-on-us-interception-of-bella-1-and-coalition-of-the-willing-meeting.txt,12,"second, tackle global security threat posed expanding nefarious maritime activity.",https://www.gov.uk/government/speeches/defence-secretary-statement-on-us-interception-of-bella-1-and-coalition-of-the-willing-meeting,The Rt Hon John Healey MP,,,,,,,
pm-speaking-notes-assembly-first-nations-8,206,pm-speaking-notes-assembly-first-nations.txt,8,"it’s always pleasure meet you, appreciate invitation address today.",https://www.pm.gc.ca/en/news/speeches/2018/12/04/pm-speaking-notes-assembly-first-nations,,2018.0,,,,,,
prime-ministers-speech-french-national-assembly-76,286,prime-ministers-speech-french-national-assembly.txt,76,"last month, president republic gave speech académie française expressed desire french resume place role world.",https://www.pm.gc.ca/en/news/speeches/2018/04/17/prime-ministers-speech-french-national-assembly,,2018.0,,,,,,
sixth-annual-message-6-99,330,sixth-annual-message-6.txt,99,"twentyone month present control railway limited formal proclamation peace shall made run farthest, take granted, january 1921.",https://www.presidency.ucsb.edu/documents/sixth-annual-message-6,Woodrow Wilson,1918.0,,,,,,
annual-message-congress-1-13,54,annual-message-congress-1.txt,13,"look forward also continuance basis cooperation- mutual respect other's proper sphere functioning democracy working well, common-sense realization need play joint machine.",https://www.presidency.ucsb.edu/documents/annual-message-congress-1,Franklin D. Roosevelt,1937.0,,,,,,
fifth-annual-message-6-57,125,fifth-annual-message-6.txt,57,german ruler able upset peace world german people suffered tutelage share comradeship people world either thought purpose.,https://www.presidency.ucsb.edu/documents/fifth-annual-message-6,Woodrow Wilson,1917.0,,,,,,
address-before-joint-session-the-congress-reporting-the-state-the-union-1-96,9,address-before-joint-session-the-congress-reporting-the-state-the-union-1.txt,96,"recent months, utility cancelled postponed 60 percent planned nuclear expansion 30 percent planned addition non-nuclear capacity.",https://www.presidency.ucsb.edu/documents/address-before-joint-session-the-congress-reporting-the-state-the-union-1,Gerald R. Ford,1975.0,,,,,,
address-before-joint-session-the-congress-the-state-the-union-121,43,address-before-joint-session-the-congress-the-state-the-union.txt,121,great question day whether america help men woman middle east build free society share right humanity.,https://www.presidency.ucsb.edu/documents/address-before-joint-session-the-congress-the-state-the-union,George W. Bush,2007.0,,,,,,
prime-ministers-remarks-announcing-support-research-covid-19-14,244,prime-ministers-remarks-announcing-support-research-covid-19.txt,14,"you’re worried making end meet, we’re putting money pocket.",https://www.pm.gc.ca/en/news/speeches/2020/03/23/prime-ministers-remarks-announcing-support-research-covid-19,,2020.0,,,,,,
the-state-the-union-address-delivered-before-joint-session-the-congress-35,349,the-state-the-union-address-delivered-before-joint-session-the-congress.txt,35,issue permit soviet ship fish coastal water united states.,https://www.presidency.ucsb.edu/documents/the-state-the-union-address-delivered-before-joint-session-the-congress,Jimmy Carter,1980.0,,,,,,
inaugural-address-4-78,158,inaugural-address-4.txt,78,basis four major course action hope help create condition lead eventually personal freedom happiness mankind.,https://www.presidency.ucsb.edu/documents/inaugural-address-4,Harry S Truman,1949.0,,,,,,
address-before-joint-session-the-congress-the-state-the-union-18-99,22,address-before-joint-session-the-congress-the-state-the-union-18.txt,99,"past 7 years, fellow citizen discovered pursuit happiness lead path service.",https://www.presidency.ucsb.edu/documents/address-before-joint-session-the-congress-the-state-the-union-18,George W. Bush,2008.0,,,,,,
pm-remarks-in-hastings-5-february-8,200,pm-remarks-in-hastings-5-february.txt,8,"when, later, information came light… asked whether accepted gift hospitality.",https://www.gov.uk/government/speeches/pm-remarks-in-hastings-5-february,The Rt Hon Sir Keir Starmer KCB KC MP,,,,,,,
annual-message-the-congress-the-state-the-union-5-12,80,annual-message-the-congress-the-state-the-union-5.txt,12,"prudent heir take careful inventory legacies, give faithful accounting owes obligation trust.",https://www.presidency.ucsb.edu/documents/annual-message-the-congress-the-state-the-union-5,John F. Kennedy,1961.0,,,,,,
first-annual-message-19-123,129,first-annual-message-19.txt,123,accomplish would involve necessity develop thoroughgoing code practice dealing affair might well frankly set forth superior interest community whole either labor group capital group.,https://www.presidency.ucsb.edu/documents/first-annual-message-19,Warren G. Harding,1921.0,,,,,,
state-the-union-address-1-56,335,state-the-union-address-1.txt,56,go way greatest plant smallest—from huge automobile industry village machine shop.,https://www.presidency.ucsb.edu/documents/state-the-union-address-1,Franklin D. Roosevelt,1942.0,,,,,,
annual-message-the-congress-the-state-the-union-8-34,82,annual-message-the-congress-the-state-the-union-8.txt,34,given matter history; record progress space ballistic missile field four year intensive effort.,https://www.presidency.ucsb.edu/documents/annual-message-the-congress-the-state-the-union-8,Dwight D. Eisenhower,1959.0,,,,,,
address-before-joint-session-the-congress-the-state-the-union-26-152,31,address-before-joint-session-the-congress-the-state-the-union-26.txt,152,"part military buildup, united state developing state-of-the-art missile defense system.",https://www.presidency.ucsb.edu/documents/address-before-joint-session-the-congress-the-state-the-union-26,Donald J. Trump (1st Term),2019.0,,,,,,
prime-minister-trudeau-and-minister-freeland-speaking-notes-united-states-14,232,prime-minister-trudeau-and-minister-freeland-speaking-notes-united-states.txt,14,"like every important negotiation, exercise compromise – difficult others times.",https://www.pm.gc.ca/en/news/speeches/2018/10/01/prime-minister-trudeau-and-minister-freeland-speaking-notes-united-states,,2018.0,,,,,,
health-secretary-wes-streeting-launches-national-cancer-plan-22,142,health-secretary-wes-streeting-launches-national-cancer-plan.txt,22,"despite vital sign recovery, first say job nowhere near done.",https://www.gov.uk/government/speeches/health-secretary-wes-streeting-launches-national-cancer-plan,The Rt Hon Wes Streeting MP,,,,,,,
address-before-joint-session-the-congress-the-state-the-union-15-55,19,address-before-joint-session-the-congress-the-state-the-union-15.txt,55,"worker productive earth, playing field level, promise you, america always win.",https://www.presidency.ucsb.edu/documents/address-before-joint-session-the-congress-the-state-the-union-15,Barack Obama,2012.0,,,,,,
address-before-joint-session-congress-the-state-the-union-0-52,2,address-before-joint-session-congress-the-state-the-union-0.txt,52,"long-term continuing resolution—this one 2 month late, 1,057 page long, weighing 14 pounds.",https://www.presidency.ucsb.edu/documents/address-before-joint-session-congress-the-state-the-union-0,Ronald Reagan,1988.0,,,,,,
annual-message-congress-0-130,53,annual-message-congress-0.txt,130,government help destiny people insist putting sectional class consciousness ahead general weal.,https://www.presidency.ucsb.edu/documents/annual-message-congress-0,Franklin D. Roosevelt,1938.0,,,,,,
annual-message-congress-0-121,53,annual-message-congress-0.txt,121,spoken labor another essential three great group population raising nation's income.,https://www.presidency.ucsb.edu/documents/annual-message-congress-0,Franklin D. Roosevelt,1938.0,,,,,,
deputy-prime-minister-remarks-legislation-implement-new-nafta-standing-28,108,deputy-prime-minister-remarks-legislation-implement-new-nafta-standing.txt,28,"face rising protection, protectionist sentiment south border around world.",https://www.pm.gc.ca/en/news/speeches/2020/02/18/deputy-prime-minister-remarks-legislation-implement-new-nafta-standing,,1969.0,,,,,,
address-before-joint-session-the-congress-the-state-the-union-0-109,12,address-before-joint-session-the-congress-the-state-the-union-0.txt,109,"ask tonight record expenditure program help child born want move excellence, head start.",https://www.presidency.ucsb.edu/documents/address-before-joint-session-the-congress-the-state-the-union-0,George Bush,1992.0,,,,,,
environment-secretary-speech-on-food-security-resilience-and-standards-59,121,environment-secretary-speech-on-food-security-resilience-and-standards.txt,59,"together demonstrate protecting restoring nature isn’t environmental necessity, essential security, economy, future.",https://www.gov.uk/government/speeches/environment-secretary-speech-on-food-security-resilience-and-standards,Emma Reynolds MP,,,,,,,
address-before-joint-session-congress-the-state-the-union-1-81,3,address-before-joint-session-congress-the-state-the-union-1.txt,81,"achieve this, first, guaranteeing government everything possible promote america's ability compete.",https://www.presidency.ucsb.edu/documents/address-before-joint-session-congress-the-state-the-union-1,Ronald Reagan,1987.0,,,,,,
the-presidents-inaugural-address-35,346,the-presidents-inaugural-address.txt,35,allowed seek greatness sweat hand strength spirit.,https://www.presidency.ucsb.edu/documents/the-presidents-inaugural-address,Lyndon B. Johnson,1965.0,,,,,,
address-before-joint-session-the-congress-the-state-the-union-17-223,21,address-before-joint-session-the-congress-the-state-the-union-17.txt,223,america must always stand side freedom human dignity--always.,https://www.presidency.ucsb.edu/documents/address-before-joint-session-the-congress-the-state-the-union-17,Barack Obama,2010.0,,,,,,
second-inaugural-address-36,320,second-inaugural-address.txt,36,respecting hope culture others practice equality nations.,https://www.presidency.ucsb.edu/documents/second-inaugural-address,Dwight D. Eisenhower,1957.0,,,,,,
annual-message-the-congress-the-state-the-union-14-189,64,annual-message-the-congress-the-state-the-union-14.txt,189,number civilian employee cut nearly half--from 3 3/4 million 2 million.,https://www.presidency.ucsb.edu/documents/annual-message-the-congress-the-state-the-union-14,Harry S Truman,1948.0,,,,,,
address-before-joint-session-the-congress-the-state-the-union-25-69,30,address-before-joint-session-the-congress-the-state-the-union-25.txt,69,"speed access breakthrough cure affordable generic drugs, last year, fda approved new generic drug medical device ever country's history.",https://www.presidency.ucsb.edu/documents/address-before-joint-session-the-congress-the-state-the-union-25,Donald J. Trump (1st Term),2018.0,,,,,,
inaugural-address-4-89,158,inaugural-address-4.txt,89,"steadfast faith almighty, advance toward world man's freedom secure.",https://www.presidency.ucsb.edu/documents/inaugural-address-4,Harry S Truman,1949.0,,,,,,
the-state-the-union-address-delivered-before-joint-session-the-congress-1-139,348,the-state-the-union-address-delivered-before-joint-session-the-congress-1.txt,139,"finally, world watching see act one important controversial item business—approval panama canal treaties.",https://www.presidency.ucsb.edu/documents/the-state-the-union-address-delivered-before-joint-session-the-congress-1,Jimmy Carter,1978.0,,,,,,
address-before-joint-session-the-congress-the-state-the-union-13-32,17,address-before-joint-session-the-congress-the-state-the-union-13.txt,32,"allowing radical islam work will, leaving assaulted world fend itself, would signal longer believe ideal even courage.",https://www.presidency.ucsb.edu/documents/address-before-joint-session-the-congress-the-state-the-union-13,George W. Bush,2006.0,,,,,,
address-before-joint-session-the-congress-the-state-the-union-24-25,29,address-before-joint-session-the-congress-the-state-the-union-24.txt,25,"first see determination taliban, made afghanistan primary training base al qaida killers.",https://www.presidency.ucsb.edu/documents/address-before-joint-session-the-congress-the-state-the-union-24,George W. Bush,2004.0,,,,,,
prime-ministers-remarks-production-more-medical-supplies-and-equipment-33,263,prime-ministers-remarks-production-more-medical-supplies-and-equipment.txt,33,"lot work done since announced plan subsidize wages, continue rely input feedback refine it, we’ll detail share soon.",https://www.pm.gc.ca/en/news/speeches/2020/04/07/prime-ministers-remarks-production-more-medical-supplies-and-equipment,,2020.0,,,,,,
ivote-event-university-ottawa-14,168,ivote-event-university-ottawa.txt,14,need make sure future voter – student high school – given active role decision-making process fundamentally shape lives.,https://www.pm.gc.ca/en/news/speeches/2016/04/19/ivote-event-university-ottawa,,2016.0,,,,,,
environment-secretary-at-economist-water-summit-33,120,environment-secretary-at-economist-water-summit.txt,33,"government creating condition flourish clearer planning, streamlined regulation, working partnership you.",https://www.gov.uk/government/speeches/environment-secretary-at-economist-water-summit,Emma Reynolds MP,,,,,,,
address-before-joint-session-the-congress-the-state-the-union-8-77,41,address-before-joint-session-the-congress-the-state-the-union-8.txt,77,"again, ask congress continue bipartisan work consolidate tangle training program today one single ""gi bill"" workers, simple skill grant people can, own, move quickly new jobs, higher incomes, brighter futures.",https://www.presidency.ucsb.edu/documents/address-before-joint-session-the-congress-the-state-the-union-8,William J. Clinton,1998.0,,,,,,
address-before-joint-session-the-congress-the-state-the-union-20-7,25,address-before-joint-session-the-congress-the-state-the-union-20.txt,7,"america, endured, grit hard work required come back, task lie ahead, know this: shadow crisis passed, state union strong.",https://www.presidency.ucsb.edu/documents/address-before-joint-session-the-congress-the-state-the-union-20,Barack Obama,2015.0,,,,,,
second-annual-address-congress-14,317,second-annual-address-congress.txt,14,"hitherto, therefore, nothing discoverable conduct france ought change relax measure defense.",https://www.presidency.ucsb.edu/documents/second-annual-address-congress,John Adams,,,,,,,
attorney-generals-speech-at-great-synagogue-sydney-2,91,attorney-generals-speech-at-great-synagogue-sydney.txt,2,"disagree, never evening – privilege address magnificent historical shul – centre australian jewish life almost 150 years.",https://www.gov.uk/government/speeches/attorney-generals-speech-at-great-synagogue-sydney,The Rt Hon Lord Hermer KC,,,,,,,
statement-apology-behalf-government-canada-passengers-ms-st-louis-90,337,statement-apology-behalf-government-canada-passengers-ms-st-louis.txt,90,canadian horrified vicious attack jewish community values.,https://www.pm.gc.ca/en/news/speeches/2018/11/07/statement-apology-behalf-government-canada-passengers-ms-st-louis,,2018.0,,,,,,
prime-ministers-remarks-canadas-evolving-response-covid-19-20,248,prime-ministers-remarks-canadas-evolving-response-covid-19.txt,20,"beginning, canada’s response based latest available science advice world-class health professionals.",https://www.pm.gc.ca/en/news/speeches/2020/03/16/prime-ministers-remarks-canadas-evolving-response-covid-19,,2020.0,,,,,,
address-before-joint-session-the-congress-the-state-the-union-17-26,21,address-before-joint-session-the-congress-the-state-the-union-17.txt,26,"firm afford hand big bonus again, afford modest fee pay back taxpayer rescued time need.",https://www.presidency.ucsb.edu/documents/address-before-joint-session-the-congress-the-state-the-union-17,Barack Obama,2010.0,,,,,,
annual-message-the-congress-the-state-the-union-28-224,75,annual-message-the-congress-the-state-the-union-28.txt,224,"even war continues, shall play part carrying forward constructive historic development.",https://www.presidency.ucsb.edu/documents/annual-message-the-congress-the-state-the-union-28,Lyndon B. Johnson,1967.0,,,,,,
annual-message-congress-104,59,annual-message-congress.txt,104,million dollar saved normal curtailed work old department commission make great saving federal budget.,https://www.presidency.ucsb.edu/documents/annual-message-congress,Franklin D. Roosevelt,1939.0,,,,,,
address-before-joint-session-congress-the-state-the-union-2-104,4,address-before-joint-session-congress-the-state-the-union-2.txt,104,right overlapping regulation keep responsible young family buying first home.,https://www.presidency.ucsb.edu/documents/address-before-joint-session-congress-the-state-the-union-2,Barack Obama,2013.0,,,,,,
annual-message-the-congress-the-state-the-union-16-14,66,annual-message-the-congress-the-state-the-union-16.txt,14,freedom cherish defend europe america different freedom imperiled asia.,https://www.presidency.ucsb.edu/documents/annual-message-the-congress-the-state-the-union-16,Dwight D. Eisenhower,1953.0,,,,,,
excerpts-the-report-congressional-committees-investigating-the-iran-contra-affair-20,123,excerpts-the-report-congressional-committees-investigating-the-iran-contra-affair.txt,20,"suggestion director casey, north recruited richard v.",https://www.presidency.ucsb.edu/documents/excerpts-the-report-congressional-committees-investigating-the-iran-contra-affair,U.S. Congress,1987.0,,,,,,
prime-minister-justin-trudeau-delivers-speech-assembly-first-nations-44,222,prime-minister-justin-trudeau-delivers-speech-assembly-first-nations.txt,44,five commitment we’ve made part effort repair important relationship.,https://www.pm.gc.ca/en/news/speeches/2015/12/08/prime-minister-justin-trudeau-delivers-speech-assembly-first-nations,,2015.0,,,,,,
address-before-joint-session-the-congress-the-state-the-union-7-54,40,address-before-joint-session-the-congress-the-state-the-union-7.txt,54,"tonight ask another $1 billion head start, largest increase history program.",https://www.presidency.ucsb.edu/documents/address-before-joint-session-the-congress-the-state-the-union-7,William J. Clinton,2000.0,,,,,,
address-before-joint-session-the-congress-the-state-the-union-15-36,19,address-before-joint-session-the-congress-the-state-the-union-15.txt,36,"first, business want outsource jobs, get tax deduction it.",https://www.presidency.ucsb.edu/documents/address-before-joint-session-the-congress-the-state-the-union-15,Barack Obama,2012.0,,,,,,
annual-message-the-congress-the-state-the-union-20-22,70,annual-message-the-congress-the-state-the-union-20.txt,22,fifty year ago country devoted largely internal affairs.,https://www.presidency.ucsb.edu/documents/annual-message-the-congress-the-state-the-union-20,Harry S Truman,1950.0,,,,,,
address-before-joint-session-the-congress-the-state-the-union-11-141,15,address-before-joint-session-the-congress-the-state-the-union-11.txt,141,"act, economy probably keep since 1978, income growth began go top economic scale people vast middle got little growth, people worked like crazy bottom fell even behind year afterward, matter hard worked.",https://www.presidency.ucsb.edu/documents/address-before-joint-session-the-congress-the-state-the-union-11,William J. Clinton,1995.0,,,,,,
education-secretary-speech-at-bett-uk-conference-29,117,education-secretary-speech-at-bett-uk-conference.txt,29,april government publish guidance early year screen time.,https://www.gov.uk/government/speeches/education-secretary-speech-at-bett-uk-conference,The Rt Hon Bridget Phillipson MP,,,,,,,
inaugural-address-5-46,159,inaugural-address-5.txt,46,"tasted bitter swill civil war segregation emerged dark chapter stronger united, cannot help believe old hatred shall someday pass, line tribe shall soon dissolve; world grows smaller, common humanity shall reveal itself, america must play role ushering new era peace.",https://www.presidency.ucsb.edu/documents/inaugural-address-5,Barack Obama,2009.0,,,,,,
inaugural-address-4-39,158,inaugural-address-4.txt,39,ready undertake new project strengthen free world.,https://www.presidency.ucsb.edu/documents/inaugural-address-4,Harry S Truman,1949.0,,,,,,
address-before-joint-session-the-congress-the-state-the-union-10-37,14,address-before-joint-session-the-congress-the-state-the-union-10.txt,37,call congress pas requirement v-chip tv set parent screen program believe inappropriate children.,https://www.presidency.ucsb.edu/documents/address-before-joint-session-the-congress-the-state-the-union-10,William J. Clinton,1996.0,,,,,,
liz-kendalls-speech-at-bloomberg-64,177,liz-kendalls-speech-at-bloomberg.txt,64,stood elon musk x demand disable grok’s ability create sexualised deepfakes woman child without consent.,https://www.gov.uk/government/speeches/liz-kendalls-speech-at-bloomberg,The Rt Hon Liz Kendall MP,,,,,,,
pm-remarks-lunar-gateway-63,202,pm-remarks-lunar-gateway.txt,63,"participated space exploration, little doubt canadian coast coast coast would missed good jobs, better opportunities, great discoveries.",https://www.pm.gc.ca/en/news/speeches/2019/02/27/pm-remarks-lunar-gateway,,2019.0,,,,,,
address-before-joint-session-the-congress-the-state-the-union-9-170,42,address-before-joint-session-the-congress-the-state-the-union-9.txt,170,tonight ask congress continue strong support troops.,https://www.presidency.ucsb.edu/documents/address-before-joint-session-the-congress-the-state-the-union-9,William J. Clinton,1997.0,,,,,,
russias-reckless-missile-attacks-expose-its-ongoing-obstruction-of-peace-efforts-uk-statement-to-the-osce-7,314,russias-reckless-missile-attacks-expose-its-ongoing-obstruction-of-peace-efforts-uk-statement-to-the-osce.txt,7,"different last thursday night use intermediate-range ballistic missile, russia call oreshnik.",https://www.gov.uk/government/speeches/russias-reckless-missile-attacks-expose-its-ongoing-obstruction-of-peace-efforts-uk-statement-to-the-osce,Neil Holland,,,,,,,
address-before-joint-session-the-congress-the-state-the-union-25-210,30,address-before-joint-session-the-congress-the-state-the-union-25.txt,210,"long confidence values, faith citizens, trust god, never fail.",https://www.presidency.ucsb.edu/documents/address-before-joint-session-the-congress-the-state-the-union-25,Donald J. Trump (1st Term),2018.0,,,,,,
prime-ministers-remarks-updating-canadians-about-covid-19-and-new-measures-9,271,prime-ministers-remarks-updating-canadians-about-covid-19-and-new-measures.txt,9,"yesterday, announced $82-billion plan support canadians.",https://www.pm.gc.ca/en/news/speeches/2020/03/19/prime-ministers-remarks-updating-canadians-about-covid-19-and-new-measures,,2020.0,,,,,,
address-before-joint-session-the-congress-the-state-the-union-13-20,17,address-before-joint-session-the-congress-the-state-the-union-13.txt,20,"far hopeless dream, advance freedom great story time.",https://www.presidency.ucsb.edu/documents/address-before-joint-session-the-congress-the-state-the-union-13,George W. Bush,2006.0,,,,,,
inaugural-address-53-27,162,inaugural-address-53.txt,27,"historic moment crisis challenge, unity path forward.",https://www.presidency.ucsb.edu/documents/inaugural-address-53,"Joseph R. Biden, Jr.",2021.0,,,,,,
annual-message-the-congress-17,84,annual-message-the-congress.txt,17,"go war nations, least strive nation encourage kind peace lighten trouble world, help nation well.",https://www.presidency.ucsb.edu/documents/annual-message-the-congress,Franklin D. Roosevelt,1940.0,,,,,,
address-before-joint-session-the-congress-the-state-the-union-3-37,35,address-before-joint-session-the-congress-the-state-the-union-3.txt,37,"meantime, challenge government identify thing ease massive economic transition american people.",https://www.presidency.ucsb.edu/documents/address-before-joint-session-the-congress-the-state-the-union-3,Ronald Reagan,1983.0,,,,,,
minister-lloyd-speech-at-techuk-future-telecoms-conference-2026-3,181,minister-lloyd-speech-at-techuk-future-telecoms-conference-2026.txt,3,"techuk’s ability convene, challenge shape policy thinking exactly needed capitalise moment.",https://www.gov.uk/government/speeches/minister-lloyd-speech-at-techuk-future-telecoms-conference-2026,Baroness Lloyd of Effra CBE,,,,,,,
prime-ministers-remarks-munich-security-conference-33,260,prime-ministers-remarks-munich-security-conference.txt,33,that’s canada continue step time others may stepping away.,https://www.pm.gc.ca/en/news/speeches/2020/02/14/prime-ministers-remarks-munich-security-conference,,2020.0,,,,,,
address-before-joint-session-the-congress-the-state-the-union-29-293,34,address-before-joint-session-the-congress-the-state-the-union-29.txt,293,"report: soul nation strong, backbone nation strong, people nation strong, state union strong.",https://www.presidency.ucsb.edu/documents/address-before-joint-session-the-congress-the-state-the-union-29,"Joseph R. Biden, Jr.",2023.0,,,,,,
third-annual-message-19-69,354,third-annual-message-19.txt,69,increase would sufficient care ship completed within fiscal year 1917 also number men must put training man ship completed early 1918.,https://www.presidency.ucsb.edu/documents/third-annual-message-19,Woodrow Wilson,1915.0,,,,,,
the-state-the-union-address-delivered-before-joint-session-the-congress-61,349,the-state-the-union-address-delivered-before-joint-session-the-congress.txt,61,"increased strengthened naval presence indian ocean, making arrangement key naval air facility used force region northeast africa persian gulf.",https://www.presidency.ucsb.edu/documents/the-state-the-union-address-delivered-before-joint-session-the-congress,Jimmy Carter,1980.0,,,,,,
prime-minister-justin-trudeaus-address-71st-session-united-nations-general-21,226,prime-minister-justin-trudeaus-address-71st-session-united-nations-general.txt,21,"order help promote peace security area affected instability, reaffirmed support nato committed expanding canada’s role united nation peacekeeping operations.",https://www.pm.gc.ca/en/news/speeches/2016/09/20/prime-minister-justin-trudeaus-address-71st-session-united-nations-general,,2016.0,,,,,,
the-uk-is-deeply-concerned-about-events-in-north-east-syria-uk-statement-at-the-un-security-council-8,350,the-uk-is-deeply-concerned-about-events-in-north-east-syria-uk-statement-at-the-un-security-council.txt,8,"ten thousand syrian displaced access essential infrastructure – including water, food supplies, internet electricity- severely disrupted.",https://www.gov.uk/government/speeches/the-uk-is-deeply-concerned-about-events-in-north-east-syria-uk-statement-at-the-un-security-council,James Kariuki CMG,,,,,,,
address-before-joint-session-the-congress-the-state-the-union-12-42,16,address-before-joint-session-the-congress-the-state-the-union-12.txt,42,"became president, expert predicted next year's deficit would $300 billion.",https://www.presidency.ucsb.edu/documents/address-before-joint-session-the-congress-the-state-the-union-12,William J. Clinton,1994.0,,,,,,
address-before-joint-session-the-congress-the-state-the-union-20-41,25,address-before-joint-session-the-congress-the-state-the-union-20.txt,41,"ben working hard ever, forego vacation new car pay student loan save retirement.",https://www.presidency.ucsb.edu/documents/address-before-joint-session-the-congress-the-state-the-union-20,Barack Obama,2015.0,,,,,,
address-before-joint-session-the-congress-the-state-the-union-16-25,20,address-before-joint-session-the-congress-the-state-the-union-16.txt,25,"meanwhile, nation like china india realized change own, could compete new world.",https://www.presidency.ucsb.edu/documents/address-before-joint-session-the-congress-the-state-the-union-16,Barack Obama,2011.0,,,,,,
education-secretary-speech-at-bett-uk-conference-2,117,education-secretary-speech-at-bett-uk-conference.txt,2,"so, interest continuity, want begin speech year congratulating bett 41st anniversary.",https://www.gov.uk/government/speeches/education-secretary-speech-at-bett-uk-conference,The Rt Hon Bridget Phillipson MP,,,,,,,
third-annual-message-19-135,354,third-annual-message-19.txt,135,"citizen united states, blush admit, born flag welcomed generous naturalization law full freedom opportunity america, poured poison disloyalty artery national life; sought bring authority good name government contempt, destroy industry wherever thought effective vindictive purpose strike them, debase politics us foreign intrigue.",https://www.presidency.ucsb.edu/documents/third-annual-message-19,Woodrow Wilson,1915.0,,,,,,
annual-message-the-congress-the-state-the-union-2-141,69,annual-message-the-congress-the-state-the-union-2.txt,141,"may god give u wisdom, strength and, all, idealism worthy challenge, america fulfill destiny world's best hope liberty, opportunity, progress peace peoples.",https://www.presidency.ucsb.edu/documents/annual-message-the-congress-the-state-the-union-2,Richard Nixon,1970.0,,,,,,
address-before-joint-session-the-congress-the-state-the-union-8-103,41,address-before-joint-session-the-congress-the-state-the-union-8.txt,103,hundred sixty million fellow citizen managed care plans.,https://www.presidency.ucsb.edu/documents/address-before-joint-session-the-congress-the-state-the-union-8,William J. Clinton,1998.0,,,,,,
address-before-joint-session-the-congress-the-state-the-union-207,43,address-before-joint-session-the-congress-the-state-the-union.txt,207,"like many american volunteered defend us, earned respect gratitude entire country.",https://www.presidency.ucsb.edu/documents/address-before-joint-session-the-congress-the-state-the-union,George W. Bush,2007.0,,,,,,
george-bradshaw-address-2026-93,137,george-bradshaw-address-2026.txt,93,"faster, transparent decision making give business confidence invest grow.",https://www.gov.uk/government/speeches/george-bradshaw-address-2026,The Rt Hon Heidi Alexander MP,,,,,,,
address-before-joint-session-the-congress-the-state-the-union-12-210,16,address-before-joint-session-the-congress-the-state-the-union-12.txt,210,"fellow americans, problem violence american problem.",https://www.presidency.ucsb.edu/documents/address-before-joint-session-the-congress-the-state-the-union-12,William J. Clinton,1994.0,,,,,,
annual-message-congress-4-44,57,annual-message-congress-4.txt,44,first category—a field involve violation letter laws—practices brought light shocked believed past generation raising ethical standard business.,https://www.presidency.ucsb.edu/documents/annual-message-congress-4,Franklin D. Roosevelt,1934.0,,,,,,
address-before-joint-session-the-congress-the-state-the-union-28-17,33,address-before-joint-session-the-congress-the-state-the-union-28.txt,17,"cutting russia's largest bank international financial system; preventing russia's central bank defending russian ruble, making putin's $630 billion war fund worthless.",https://www.presidency.ucsb.edu/documents/address-before-joint-session-the-congress-the-state-the-union-28,"Joseph R. Biden, Jr.",2022.0,,,,,,
address-before-joint-session-the-congress-the-state-the-union-4-122,37,address-before-joint-session-the-congress-the-state-the-union-4.txt,122,"must ask: begin day member clergy standing right leading prayer, can't freedom acknowledge god enjoyed child every schoolroom across land?",https://www.presidency.ucsb.edu/documents/address-before-joint-session-the-congress-the-state-the-union-4,Ronald Reagan,1984.0,,,,,,
address-before-joint-session-the-congress-the-state-the-union-1-29,13,address-before-joint-session-the-congress-the-state-the-union-1.txt,29,tonight come house american people appeal renewal.,https://www.presidency.ucsb.edu/documents/address-before-joint-session-the-congress-the-state-the-union-1,George Bush,1991.0,,,,,,
prime-ministers-speech-house-commons-about-blockades-4,287,prime-ministers-speech-house-commons-about-blockades.txt,4,"thing matter: right livelihoods, rule law, democracy.",https://www.pm.gc.ca/en/news/speeches/2020/02/18/prime-ministers-speech-house-commons-about-blockades,,2020.0,,,,,,
first-annual-message-20-198,130,first-annual-message-20.txt,198,"represents character, type citizenship, public necessity must preserved afforded every facility regaining prosperity.",https://www.presidency.ucsb.edu/documents/first-annual-message-20,Calvin Coolidge,1923.0,,,,,,
annual-message-the-congress-the-state-the-union-30-90,78,annual-message-the-congress-the-state-the-union-30.txt,90,"opinion, delay ratifying going helpful cause peace.",https://www.presidency.ucsb.edu/documents/annual-message-the-congress-the-state-the-union-30,Lyndon B. Johnson,1969.0,,,,,,
annual-message-the-congress-18,84,annual-message-the-congress.txt,18,ask u everywhere think thing single aim best serve future nation.,https://www.presidency.ucsb.edu/documents/annual-message-the-congress,Franklin D. Roosevelt,1940.0,,,,,,
address-before-joint-session-the-congress-the-state-the-union-7-241,40,address-before-joint-session-the-congress-the-state-the-union-7.txt,241,land legacy endowment would represent far enduring investment land preservation ever proposed house.,https://www.presidency.ucsb.edu/documents/address-before-joint-session-the-congress-the-state-the-union-7,William J. Clinton,2000.0,,,,,,
address-before-joint-session-the-congress-the-state-the-union-17-53,21,address-before-joint-session-the-congress-the-state-the-union-17.txt,53,"first railroad interstate highway system, nation always built compete.",https://www.presidency.ucsb.edu/documents/address-before-joint-session-the-congress-the-state-the-union-17,Barack Obama,2010.0,,,,,,
prime-ministers-speech-universite-cheikh-anta-diop-senegal-5,289,prime-ministers-speech-universite-cheikh-anta-diop-senegal.txt,5,tend think future belong innovate make new idea reality.,https://www.pm.gc.ca/en/news/speeches/2020/02/13/prime-ministers-speech-universite-cheikh-anta-diop-senegal,,2020.0,,,,,,
remarks-prime-minister-justin-trudeau-apologize-lgbtq2-canadians-34,308,remarks-prime-minister-justin-trudeau-apologize-lgbtq2-canadians.txt,34,"goal identify worker throughout public service, including foreign service, military, rcmp, persecute them.",https://www.pm.gc.ca/en/news/speeches/2017/11/28/remarks-prime-minister-justin-trudeau-apologize-lgbtq2-canadians,,2017.0,,,,,,
annual-message-the-congress-the-state-the-union-3-148,77,annual-message-the-congress-the-state-the-union-3.txt,148,"mean expenditure $15 billion year nuclear weapon system alone, sum equal combined defense budget european allies.",https://www.presidency.ucsb.edu/documents/annual-message-the-congress-the-state-the-union-3,John F. Kennedy,1963.0,,,,,,
first-annual-message-19-71,129,first-annual-message-19.txt,71,"proposed flexibility, authorizing increase meet condition likely change, also provision decreases.",https://www.presidency.ucsb.edu/documents/first-annual-message-19,Warren G. Harding,1921.0,,,,,,
prime-ministers-remarks-additional-support-small-businesses-during-covid-29,237,prime-ministers-remarks-additional-support-small-businesses-during-covid.txt,29,"now, business spent $20,000 $1,500,000 total payroll 2019 eligible receive loan ceba.",https://www.pm.gc.ca/en/news/speeches/2020/04/16/prime-ministers-remarks-additional-support-small-businesses-during-covid,,2020.0,,,,,,
address-before-joint-session-the-congress-the-state-the-union-2-46,24,address-before-joint-session-the-congress-the-state-the-union-2.txt,46,every school must offer kind disciplined environment make possible kid learn.,https://www.presidency.ucsb.edu/documents/address-before-joint-session-the-congress-the-state-the-union-2,George Bush,1990.0,,,,,,
address-before-joint-session-the-congress-the-state-the-union-30-164,36,address-before-joint-session-the-congress-the-state-the-union-30.txt,164,"came famine struck, like ancestral family ireland.",https://www.presidency.ucsb.edu/documents/address-before-joint-session-the-congress-the-state-the-union-30,"Joseph R. Biden, Jr.",2024.0,,,,,,
prime-ministers-remarks-munich-security-conference-23,260,prime-ministers-remarks-munich-security-conference.txt,23,aspect international architecture reflect old idea old power structures.,https://www.pm.gc.ca/en/news/speeches/2020/02/14/prime-ministers-remarks-munich-security-conference,,2020.0,,,,,,
address-before-joint-session-the-congress-the-state-the-union-7-84,40,address-before-joint-session-the-congress-the-state-the-union-7.txt,84,"budget includes comprehensive plan reform medicare, make efficient competitive.",https://www.presidency.ucsb.edu/documents/address-before-joint-session-the-congress-the-state-the-union-7,William J. Clinton,2000.0,,,,,,
address-before-joint-session-the-congress-the-state-the-union-28-55,33,address-before-joint-session-the-congress-the-state-the-union-28.txt,55,"fact, economy created 6.5 million new job last year, job 1 year ever history united state america.",https://www.presidency.ucsb.edu/documents/address-before-joint-session-the-congress-the-state-the-union-28,"Joseph R. Biden, Jr.",2022.0,,,,,,
address-before-joint-session-the-congress-the-state-the-union-19-105,23,address-before-joint-session-the-congress-the-state-the-union-19.txt,105,let tell something: united state america powerful nation earth.,https://www.presidency.ucsb.edu/documents/address-before-joint-session-the-congress-the-state-the-union-19,Barack Obama,2016.0,,,,,,
address-before-joint-session-congress-the-state-the-union-2-19,4,address-before-joint-session-congress-the-state-the-union-2.txt,19,"sudden, harsh, arbitrary cut would jeopardize military readiness.",https://www.presidency.ucsb.edu/documents/address-before-joint-session-congress-the-state-the-union-2,Barack Obama,2013.0,,,,,,
prime-ministers-remarks-updating-canadians-latest-developments-iran-5,277,prime-ministers-remarks-updating-canadians-latest-developments-iran.txt,5,told iran’s admission armed force unintentionally shot flight 752 important step towards providing answer families.,https://www.pm.gc.ca/en/news/speeches/2020/01/11/prime-ministers-remarks-updating-canadians-latest-developments-iran,,2020.0,,,,,,
annual-message-the-congress-the-state-the-union-19-107,68,annual-message-the-congress-the-state-the-union-19.txt,107,"one b-17 cost $275,000, one b-36 cost $3 ½ million.",https://www.presidency.ucsb.edu/documents/annual-message-the-congress-the-state-the-union-19,Harry S Truman,1951.0,,,,,,
address-before-joint-session-the-congress-reporting-the-state-the-union-2-76,10,address-before-joint-session-the-congress-reporting-the-state-the-union-2.txt,76,"shortly receive message reform intend install—some new, others long recommended congressional committees.",https://www.presidency.ucsb.edu/documents/address-before-joint-session-the-congress-reporting-the-state-the-union-2,Ronald Reagan,1982.0,,,,,,
inaugural-address-48,164,inaugural-address.txt,48,"""in crucial things, unity"" -- this, friends, crucial.",https://www.presidency.ucsb.edu/documents/inaugural-address,George Bush,1989.0,,,,,,
sixth-annual-address-congress-41,329,sixth-annual-address-congress.txt,41,"thirty day commencement session legal limitation employment militia, congress early occupied subject.",https://www.presidency.ucsb.edu/documents/sixth-annual-address-congress,George Washington,,,,,,,
address-before-joint-session-the-congress-the-state-the-union-18-201,22,address-before-joint-session-the-congress-the-state-the-union-18.txt,201,"mean act friday, ability track terrorist threat would weakened citizen greater danger.",https://www.presidency.ucsb.edu/documents/address-before-joint-session-the-congress-the-state-the-union-18,George W. Bush,2008.0,,,,,,
address-before-joint-session-the-congress-the-state-the-union-17-125,21,address-before-joint-session-the-congress-the-state-the-union-17.txt,125,"anyone either party better approach bring premiums, bring deficit, cover uninsured, strengthen medicare seniors, stop insurance company abuses, let know.",https://www.presidency.ucsb.edu/documents/address-before-joint-session-the-congress-the-state-the-union-17,Barack Obama,2010.0,,,,,,
inaugural-address-5-2,159,inaugural-address-5.txt,2,"thank president bush service nation, well generosity cooperation shown throughout transition.",https://www.presidency.ucsb.edu/documents/inaugural-address-5,Barack Obama,2009.0,,,,,,
annual-message-congress-the-state-the-union-four-freedoms-speech-77,58,annual-message-congress-the-state-the-union-four-freedoms-speech.txt,77,"interest new one-way international law, lack mutuality observance, and, therefore, becomes instrument oppression.",https://www.presidency.ucsb.edu/documents/annual-message-congress-the-state-the-union-four-freedoms-speech,Franklin D. Roosevelt,1941.0,,,,,,
address-before-joint-session-the-congress-the-state-the-union-7-30,40,address-before-joint-session-the-congress-the-state-the-union-7.txt,30,"become last founder pledged u long ago: one nation, god, indivisible, liberty justice all.",https://www.presidency.ucsb.edu/documents/address-before-joint-session-the-congress-the-state-the-union-7,William J. Clinton,2000.0,,,,,,
address-before-joint-session-the-congress-the-state-the-union-16-113,20,address-before-joint-session-the-congress-the-state-the-union-16.txt,113,"[ laughter ] speak, route california midwest already underway.",https://www.presidency.ucsb.edu/documents/address-before-joint-session-the-congress-the-state-the-union-16,Barack Obama,2011.0,,,,,,
excerpts-the-report-congressional-committees-investigating-the-iran-contra-affair-189,123,excerpts-the-report-congressional-committees-investigating-the-iran-contra-affair.txt,189,"eventually, congress told purpose eliminate foreign force nicaragua, reduce size sandinista armed forces, restore democratic reform pledged sandinistas overthrow somoza regime.",https://www.presidency.ucsb.edu/documents/excerpts-the-report-congressional-committees-investigating-the-iran-contra-affair,U.S. Congress,1987.0,,,,,,
address-before-joint-session-congress-the-state-the-union-2-135,4,address-before-joint-session-congress-the-state-the-union-2.txt,135,"real reform mean establishing responsible pathway earned citizenship, path includes passing background check, paying tax meaningful penalty, learning english, going back line behind folk trying come legally.",https://www.presidency.ucsb.edu/documents/address-before-joint-session-congress-the-state-the-union-2,Barack Obama,2013.0,,,,,,
address-before-joint-session-the-congress-the-state-the-union-27-118,32,address-before-joint-session-the-congress-the-state-the-union-27.txt,118,"approved record number affordable generic drugs, medicine approved fda faster clip ever before.",https://www.presidency.ucsb.edu/documents/address-before-joint-session-the-congress-the-state-the-union-27,Donald J. Trump (1st Term),2020.0,,,,,,
address-before-joint-session-the-congress-the-state-the-union-17-150,21,address-before-joint-session-the-congress-the-state-the-union-17.txt,150,"now, yesterday senate blocked bill would created commission, issue executive order allow u go forward, refuse pas problem another generation americans.",https://www.presidency.ucsb.edu/documents/address-before-joint-session-the-congress-the-state-the-union-17,Barack Obama,2010.0,,,,,,
address-before-joint-session-the-congress-the-state-the-union-26-173,31,address-before-joint-session-the-congress-the-state-the-union-26.txt,173,"now, work ally destroy remnant isis, time give brave warrior syria warm welcome home.",https://www.presidency.ucsb.edu/documents/address-before-joint-session-the-congress-the-state-the-union-26,Donald J. Trump (1st Term),2019.0,,,,,,
first-annual-message-20-25,130,first-annual-message-20.txt,25,propose barter away privilege trade cherished right humanity.,https://www.presidency.ucsb.edu/documents/first-annual-message-20,Calvin Coolidge,1923.0,,,,,,
address-before-joint-session-the-congress-the-state-the-union-12-165,16,address-before-joint-session-the-congress-the-state-the-union-12.txt,165,"hope congress, without regard party, support position.",https://www.presidency.ucsb.edu/documents/address-before-joint-session-the-congress-the-state-the-union-12,William J. Clinton,1994.0,,,,,,
address-before-joint-session-the-congress-the-state-the-union-13-57,17,address-before-joint-session-the-congress-the-state-the-union-13.txt,57,"hesitate honor support u honor protecting worth protecting."" staff sergeant dan clay's wife, lisa, mom dad, sara jo bud, u evening.",https://www.presidency.ucsb.edu/documents/address-before-joint-session-the-congress-the-state-the-union-13,George W. Bush,2006.0,,,,,,
pm-speech-house-commons-new-zealand-mosque-shootings-11,210,pm-speech-house-commons-new-zealand-mosque-shootings.txt,11,"speaker, canada home million muslim live thrive free open, secular democracy.",https://www.pm.gc.ca/en/news/speeches/2019/03/19/pm-speech-house-commons-new-zealand-mosque-shootings,,2019.0,,,,,,
annual-message-the-congress-the-state-the-union-8-128,82,annual-message-the-congress-the-state-the-union-8.txt,128,"fourth, action required make effective use large federal expenditure agriculture achieve greater fiscal control area.",https://www.presidency.ucsb.edu/documents/annual-message-the-congress-the-state-the-union-8,Dwight D. Eisenhower,1959.0,,,,,,
environment-secretary-speech-on-food-security-resilience-and-standards-35,121,environment-secretary-speech-on-food-security-resilience-and-standards.txt,35,"flow agri-food product represent million meals, thousand livelihoods, generation trade built trust.",https://www.gov.uk/government/speeches/environment-secretary-speech-on-food-security-resilience-and-standards,Emma Reynolds MP,,,,,,,
address-before-joint-session-the-congress-reporting-the-state-the-union-0-68,8,address-before-joint-session-the-congress-reporting-the-state-the-union-0.txt,68,"leave, well, solid foundation progress range issue vital well-being america.",https://www.presidency.ucsb.edu/documents/address-before-joint-session-the-congress-reporting-the-state-the-union-0,Gerald R. Ford,1977.0,,,,,,
address-the-state-the-union-delivered-before-joint-session-the-congress-0-84,49,address-the-state-the-union-delivered-before-joint-session-the-congress-0.txt,84,"recommendations, however, rooted one fundamental principle compromise: local school board must control local schools.",https://www.presidency.ucsb.edu/documents/address-the-state-the-union-delivered-before-joint-session-the-congress-0,Richard Nixon,1972.0,,,,,,
canadian-opportunity-9,97,canadian-opportunity.txt,9,"simply put, everybody need benefit growth order sustain growth.",https://www.pm.gc.ca/en/news/speeches/2016/01/20/canadian-opportunity,,2016.0,,,,,,
martyn-olivers-speech-at-the-livery-education-conference-2026-46,178,martyn-olivers-speech-at-the-livery-education-conference-2026.txt,46,"inclusion every evaluation area absolutely want make sure every single child learner seen, heard, encouraged aspirations, matter starting point background.",https://www.gov.uk/government/speeches/martyn-olivers-speech-at-the-livery-education-conference-2026,Sir Martyn Oliver,,,,,,,
address-before-joint-session-the-congress-the-state-the-union-3-127,35,address-before-joint-session-the-congress-the-state-the-union-3.txt,127,"next several weeks, send congress series detailed proposal topic look forward working development initiatives.",https://www.presidency.ucsb.edu/documents/address-before-joint-session-the-congress-the-state-the-union-3,Ronald Reagan,1983.0,,,,,,
address-before-joint-session-the-congress-the-state-the-union-15-92,19,address-before-joint-session-the-congress-the-state-the-union-15.txt,92,working comprehensive immigration reform right now.,https://www.presidency.ucsb.edu/documents/address-before-joint-session-the-congress-the-state-the-union-15,Barack Obama,2012.0,,,,,,
address-before-joint-session-the-congress-the-state-the-union-19-60,23,address-before-joint-session-the-congress-the-state-the-union-19.txt,60,"america giving everybody willing work chance, hand up.",https://www.presidency.ucsb.edu/documents/address-before-joint-session-the-congress-the-state-the-union-19,Barack Obama,2016.0,,,,,,
fifth-annual-message-6-75,125,fifth-annual-message-6.txt,75,logic would lead also declaration war turkey bulgaria.,https://www.presidency.ucsb.edu/documents/fifth-annual-message-6,Woodrow Wilson,1917.0,,,,,,
first-annual-message-19-137,129,first-annual-message-19.txt,137,prospect seem afford every justification government advance reclamation irrigation.,https://www.presidency.ucsb.edu/documents/first-annual-message-19,Warren G. Harding,1921.0,,,,,,
address-before-joint-session-the-congress-the-state-the-union-127,43,address-before-joint-session-the-congress-the-state-the-union.txt,127,"despite endless threat killer midst, nearly 12 million iraqi citizen came vote show hope solidarity never forget.",https://www.presidency.ucsb.edu/documents/address-before-joint-session-the-congress-the-state-the-union,George W. Bush,2007.0,,,,,,
address-before-joint-session-the-congress-reporting-the-state-the-union-133,11,address-before-joint-session-the-congress-reporting-the-state-the-union.txt,133,"president, talked personally leader mexico, colombia, turkey urge greater effort government control effectively production shipment hard drugs.",https://www.presidency.ucsb.edu/documents/address-before-joint-session-the-congress-reporting-the-state-the-union,Gerald R. Ford,1976.0,,,,,,
address-before-joint-session-the-congress-the-state-the-union-13-85,17,address-before-joint-session-the-congress-the-state-the-union-13.txt,85,know two hijacker united state placed telephone call al qaida operative overseas.,https://www.presidency.ucsb.edu/documents/address-before-joint-session-the-congress-the-state-the-union-13,George W. Bush,2006.0,,,,,,
address-the-state-the-union-delivered-before-joint-session-the-congress-123,50,address-the-state-the-union-delivered-before-joint-session-the-congress.txt,123,"continue effort promote peaceful economic development latin america, africa, asia.",https://www.presidency.ucsb.edu/documents/address-the-state-the-union-delivered-before-joint-session-the-congress,Richard Nixon,1974.0,,,,,,
annual-message-the-congress-the-state-the-union-17-181,67,annual-message-the-congress-the-state-the-union-17.txt,181,"worthy done u soldier field, must true ideal fighting.",https://www.presidency.ucsb.edu/documents/annual-message-the-congress-the-state-the-union-17,Harry S Truman,1952.0,,,,,,
h-res-755-articles-impeachment-against-donald-john-trump-34,141,h-res-755-articles-impeachment-against-donald-john-trump.txt,34,"this, president trump acted manner contrary trust president subversive constitutional government, great prejudice cause law justice, manifest injury people united states.",https://www.presidency.ucsb.edu/documents/h-res-755-articles-impeachment-against-donald-john-trump,U.S. Congress,2019.0,,,,,,
annual-message-the-congress-the-state-the-union-6-210,81,annual-message-the-congress-the-state-the-union-6.txt,210,"every action must strive make worthy trust, ever mindful accumulation seemingly minor encroachment upon freedom gradually could break entire fabric free society.",https://www.presidency.ucsb.edu/documents/annual-message-the-congress-the-state-the-union-6,Dwight D. Eisenhower,1960.0,,,,,,
second-annual-message-19-7,318,second-annual-message-19.txt,7,"done land people best us, whether character intelligence, sober enthusiasm confidence principle upon acting sustained u every step difficult undertaking; done.",https://www.presidency.ucsb.edu/documents/second-annual-message-19,Woodrow Wilson,1914.0,,,,,,
inaugural-address-52-14,161,inaugural-address-52.txt,14,ambition american limited failing school hidden prejudice circumstance birth.,https://www.presidency.ucsb.edu/documents/inaugural-address-52,George W. Bush,2001.0,,,,,,
annual-message-the-congress-the-state-the-union-17-40,67,annual-message-the-congress-the-state-the-union-17.txt,40,present time mean greater strength u rest free world fight peace.,https://www.presidency.ucsb.edu/documents/annual-message-the-congress-the-state-the-union-17,Harry S Truman,1952.0,,,,,,
address-before-joint-session-the-congress-the-state-the-union-13-200,17,address-before-joint-session-the-congress-the-state-the-union-13.txt,200,see great change science commerce influence lives.,https://www.presidency.ucsb.edu/documents/address-before-joint-session-the-congress-the-state-the-union-13,George W. Bush,2006.0,,,,,,
address-before-joint-session-the-congress-the-state-the-union-18-31,22,address-before-joint-session-the-congress-the-state-the-union-18.txt,31,also asked stop slipping earmark committee report never even come vote.,https://www.presidency.ucsb.edu/documents/address-before-joint-session-the-congress-the-state-the-union-18,George W. Bush,2008.0,,,,,,
third-annual-message-19-43,354,third-annual-message-19.txt,43,"citizen ever fight effectively upon sudden summons, must know modern fighting done, summons come render immediately available immediately effective.",https://www.presidency.ucsb.edu/documents/third-annual-message-19,Woodrow Wilson,1915.0,,,,,,
delivering-northern-powerhouse-rail-45,107,delivering-northern-powerhouse-rail.txt,45,"mr speaker, secure britain’s long term growth, must also recognise future capacity connectivity needed along major route – west coast main line – ensure reflected decision making now.",https://www.gov.uk/government/speeches/delivering-northern-powerhouse-rail,The Rt Hon Heidi Alexander MP,,,,,,,
annual-message-the-congress-the-state-the-union-3-135,77,annual-message-the-congress-the-state-the-union-3.txt,135,"marx proven wrong again: closed communist societies, free open society carry within seed internal disintegration.",https://www.presidency.ucsb.edu/documents/annual-message-the-congress-the-state-the-union-3,John F. Kennedy,1963.0,,,,,,
address-the-state-the-union-delivered-before-joint-session-the-congress-7,50,address-the-state-the-union-delivered-before-joint-session-the-congress.txt,7,measure outlined message set agenda truly significant progress nation world 1974.,https://www.presidency.ucsb.edu/documents/address-the-state-the-union-delivered-before-joint-session-the-congress,Richard Nixon,1974.0,,,,,,
health-secretary-wes-streeting-launches-national-cancer-plan-41,142,health-secretary-wes-streeting-launches-national-cancer-plan.txt,41,"cancer patient – everywhere – diagnosed earlier, treated sooner cared better.",https://www.gov.uk/government/speeches/health-secretary-wes-streeting-launches-national-cancer-plan,The Rt Hon Wes Streeting MP,,,,,,,
second-annual-message-20-1,319,second-annual-message-20.txt,1,"member congress: many problem calling solution recital them, face known limitation short session congress, would seem lack sincerity purpose.",https://www.presidency.ucsb.edu/documents/second-annual-message-20,Warren G. Harding,1922.0,,,,,,
address-before-joint-session-the-congress-the-state-the-union-3-183,35,address-before-joint-session-the-congress-the-state-the-union-3.txt,183,"today, interest rate based fear—fear government resort measures, past, send inflation zooming again.",https://www.presidency.ucsb.edu/documents/address-before-joint-session-the-congress-the-state-the-union-3,Ronald Reagan,1983.0,,,,,,
second-annual-message-20-182,319,second-annual-message-20.txt,182,"whether nation signatory ratify treaty growing washington conference limitation armament withhold approval, underlying policy limiting naval armament sanction larger naval powers, naval competition suspended.",https://www.presidency.ucsb.edu/documents/second-annual-message-20,Warren G. Harding,1922.0,,,,,,
pm-remarks-in-welwyn-garden-city-10-february-4,201,pm-remarks-in-welwyn-garden-city-10-february.txt,4,"know feel like sit kitchen table, worried fact can’t make end meet.",https://www.gov.uk/government/speeches/pm-remarks-in-welwyn-garden-city-10-february,The Rt Hon Sir Keir Starmer KCB KC MP,,,,,,,
annual-message-the-congress-the-state-the-union-13-181,63,annual-message-the-congress-the-state-the-union-13.txt,181,"human problem along protection freedom maintenance strong growing economy, administration recognizes third great purpose government: concern human problem citizens.",https://www.presidency.ucsb.edu/documents/annual-message-the-congress-the-state-the-union-13,Dwight D. Eisenhower,1954.0,,,,,,
first-annual-message-20-184,130,first-annual-message-20.txt,184,source difficulty bituminous coal field intermittence operation cause great waste capital labor.,https://www.presidency.ucsb.edu/documents/first-annual-message-20,Calvin Coolidge,1923.0,,,,,,
the-state-the-union-address-delivered-before-joint-session-the-congress-1-145,348,the-state-the-union-address-delivered-before-joint-session-the-congress-1.txt,145,"ratifying panama canal treaty demonstrate good faith world, discourage spread hostile ideology hemisphere, directly contribute economic well-being security united states.",https://www.presidency.ucsb.edu/documents/the-state-the-union-address-delivered-before-joint-session-the-congress-1,Jimmy Carter,1978.0,,,,,,
address-before-joint-session-the-congress-the-state-the-union-28-116,33,address-before-joint-session-the-congress-the-state-the-union-28.txt,116,"folks, live major city america, pay $14,000 year childcare per child.",https://www.presidency.ucsb.edu/documents/address-before-joint-session-the-congress-the-state-the-union-28,"Joseph R. Biden, Jr.",2022.0,,,,,,
address-before-joint-session-the-congress-the-state-the-union-13-25,17,address-before-joint-session-the-congress-the-state-the-union-13.txt,25,"terrorist like bin laden serious mass murder, u must take declared intention seriously.",https://www.presidency.ucsb.edu/documents/address-before-joint-session-the-congress-the-state-the-union-13,George W. Bush,2006.0,,,,,,
prime-ministers-remarks-support-students-and-new-grads-affected-covid-19-16,269,prime-ministers-remarks-support-students-and-new-grads-affected-covid-19.txt,16,"today, i’m announcing plan support student right across country.",https://www.pm.gc.ca/en/news/speeches/2020/04/22/prime-ministers-remarks-support-students-and-new-grads-affected-covid-19,,2020.0,,,,,,
liz-kendalls-speech-at-bloomberg-22,177,liz-kendalls-speech-at-bloomberg.txt,22,"responsibly unlocking data - treating key, strategic national asset… …including new national data library ( ndl ) high value government public sector data… …and health data research service ( hdrs ): single, secure access point national scale health data.",https://www.gov.uk/government/speeches/liz-kendalls-speech-at-bloomberg,The Rt Hon Liz Kendall MP,,,,,,,
address-before-joint-session-the-congress-the-state-the-union-5-112,38,address-before-joint-session-the-congress-the-state-the-union-5.txt,112,"couple draping door lock chain victims; tired, decent cleaning woman can't ride subway home without afraid.",https://www.presidency.ucsb.edu/documents/address-before-joint-session-the-congress-the-state-the-union-5,Ronald Reagan,1985.0,,,,,,
secretary-of-states-keynote-institute-for-government-speech-120,325,secretary-of-states-keynote-institute-for-government-speech.txt,120,"start 2026, confidently say: change begun best still come.",https://www.gov.uk/government/speeches/secretary-of-states-keynote-institute-for-government-speech,The Rt Hon Wes Streeting MP,,,,,,,
annual-message-congress-4-8,57,annual-message-congress-4.txt,8,"recognize human welfare increased increase mere materialism luxury, progress integrity, unselfishness, responsibility justice.",https://www.presidency.ucsb.edu/documents/annual-message-congress-4,Franklin D. Roosevelt,1934.0,,,,,,
inaugural-address-4-71,158,inaugural-address-4.txt,71,old imperialism--exploitation foreign profit--has place plans.,https://www.presidency.ucsb.edu/documents/inaugural-address-4,Harry S Truman,1949.0,,,,,,
sir-martyn-olivers-speech-at-the-sixth-form-colleges-association-39,328,sir-martyn-olivers-speech-at-the-sixth-form-colleges-association.txt,39,"said before, perfectly normal achieve highly area others.",https://www.gov.uk/government/speeches/sir-martyn-olivers-speech-at-the-sixth-form-colleges-association,Sir Martyn Oliver,,,,,,,
annual-message-congress-0-107,53,annual-message-congress-0.txt,107,"talk hundred small banker throughout united state realize irrespective local conditions, compelled practice accept policy laid small number larger bank nation.",https://www.presidency.ucsb.edu/documents/annual-message-congress-0,Franklin D. Roosevelt,1938.0,,,,,,
third-annual-address-congress-20,353,third-annual-address-congress.txt,20,"examining claim british subject commissioner philadelphia, acting 6th article treaty amity, commerce, navigation great britain, difference opinion point deemed essential interpretation article arisen commissioner appointed united state member board, former thought duty withdraw.",https://www.presidency.ucsb.edu/documents/third-annual-address-congress,John Adams,,,,,,,
address-before-joint-session-congress-the-state-the-union-2-130,4,address-before-joint-session-congress-the-state-the-union-2.txt,130,"now, grow middle class, citizen access education training today's job require.",https://www.presidency.ucsb.edu/documents/address-before-joint-session-congress-the-state-the-union-2,Barack Obama,2013.0,,,,,,
address-before-joint-session-the-congress-the-state-the-union-20-155,25,address-before-joint-session-the-congress-the-state-the-union-20.txt,155,"west africa, troops, scientists, doctors, nurses, health care worker rolling back ebola, saving countless life stopping spread disease.",https://www.presidency.ucsb.edu/documents/address-before-joint-session-the-congress-the-state-the-union-20,Barack Obama,2015.0,,,,,,
address-before-joint-session-the-congress-the-state-the-union-9-173,42,address-before-joint-session-the-congress-the-state-the-union-9.txt,173,acting prevent nuclear material falling wrong hand rid world landmines.,https://www.presidency.ucsb.edu/documents/address-before-joint-session-the-congress-the-state-the-union-9,William J. Clinton,1997.0,,,,,,
the-state-the-union-address-delivered-before-joint-session-the-congress-1-73,348,the-state-the-union-address-delivered-before-joint-session-the-congress-1.txt,73,"like escalation arm race, understandably, one want disarm alone.",https://www.presidency.ucsb.edu/documents/the-state-the-union-address-delivered-before-joint-session-the-congress-1,Jimmy Carter,1978.0,,,,,,
minister-for-the-middle-east-statement-regional-update-30,179,minister-for-the-middle-east-statement-regional-update.txt,30,"prime minister, deputy prime minister, foreign secretary unaware historical posts, civil servant working case.",https://www.gov.uk/government/speeches/minister-for-the-middle-east-statement-regional-update,Hamish Falconer MP,,,,,,,
